{
  "sample_name": "Br2O_33",
  "phase_id": "mp-28460",
  "formula": "Br2O",
  "space_group": 33,
  "space_group_symbol": "Pna2_1",
  "crystal_system": "orthorhombic",
  "source_origin": "materials_project",
  "slot": "profile",
  "formula_group_id": "Br2|O1::sg::33",
  "descriptor": {
    "phase_id": "mp-28460",
    "formula": "Br2O",
    "crystal_system": "orthorhombic",
    "elements": [
      "Br",
      "O"
    ],
    "density_g_cm3": 4.086549126968605,
    "avg_z": 26.0,
    "max_z": 35.0,
    "heavy_fraction": 0.0,
    "transition_fraction": 0.0,
    "cell_lengths": [
      10.2689785,
      3.98991338,
      6.97427077
    ],
    "cell_angles": [
      90.0,
      90.0,
      90.0
    ],
    "cell_volume": 285.75215638902927,
    "cell_anisotropy": 2.573734695964753,
    "anisotropy_index": 1.573734695964753,
    "theoretical_peak_count": 128,
    "peak_density": 1.5058823529411764,
    "median_gap_deg": 0.3199615478515625,
    "crowded_fraction": 0.5433070866141733,
    "isolated_fraction": 0.12598425196850394,
    "simple_topology": false,
    "preferred_po_axis": [
      1,
      0,
      0
    ],
    "fluorescence_bucket": "none",
    "absorption_bucket": "medium"
  },
  "generation": {
    "theta_min": 5.0,
    "theta_max": 90.0,
    "num_points": 8501,
    "template_rwp_percent": 13.402713244316242,
    "template_peak_window_rwp": 13.36610465902315,
    "template_peak_window_pearson": 0.9814392226643239,
    "synth_params": {
      "ka1": 1.5405929,
      "ka2": 1.5444274,
      "use_tch_profile": true,
      "sigma_scale": 0.915935817612402,
      "kb_ratio": 0.01500880233919089,
      "use_fcj_asymmetry": true,
      "detector_nonlinearity": 0.0,
      "use_ka2": true,
      "caglioti_u": 0.031390575609021656,
      "kb": 1.39225,
      "caglioti_w": 0.0018448797995058975,
      "detector_deadtime_coeff": 0.0,
      "axial_s_over_l": 0.0012,
      "sigma_min_deg": 0.008,
      "ka2_ratio": 0.48492173130236843,
      "caglioti_v": 0.007351125729718566,
      "sigma_deg": 0.019353384537189586,
      "use_kbeta": true,
      "beam_sample_ratio": 0.05,
      "fluorescence_level": 0.0,
      "muR": 0.010640742702009907,
      "trns": 0.08,
      "fluorescence_decay": 3.0,
      "lorentz_z": 4.374300440560386e-06,
      "strain": 1.5045518550967324e-08,
      "pseudo_voigt_eta": 0.1441946515399219,
      "lorentz_size": 0.0034453958102305406,
      "macro_strain": 0.00043048822320357604,
      "sample_displacement_sr": -0.0005919258371962724,
      "size_nm": 180.0,
      "delta_deg": -0.0030216092547030193,
      "lorentz_strain": 0.009,
      "po_r": 1.0,
      "air_scatter_level": 2.5874443438307133,
      "b3": -0.07049472702896303,
      "scatter_sigma_deg": 6.369274164634062,
      "b4": 0.40367054901497795,
      "scatter_level": 0.19128571554394977,
      "compton_level": 0.1939657588824846,
      "holder_scatter_center_deg": 9.646407924002059,
      "a": 0.63521492805717,
      "holder_scatter_level": 0.06161292391414492,
      "scatter_center_deg": 5.287155163191873,
      "b5": -0.48537681584115694,
      "poisson_counts_max": 1200.0,
      "air_scatter_floor": 0.0572684134900554,
      "b1": 0.5469977030815371,
      "b0": 3.634595903549931,
      "b2": -2.2585384238884902,
      "holder_scatter_sigma_deg": 5.603982282595577,
      "po_hkl_axis": [
        0.0,
        0.0,
        1.0
      ],
      "final_normalize": true
    },
    "synth_sampling_meta": {
      "family_name": "profile",
      "slot": "profile",
      "source_family": "opxrd_like",
      "preferred_source_family": "opxrd_like",
      "descriptor": {
        "phase_id": "mp-28460",
        "formula": "Br2O",
        "crystal_system": "orthorhombic",
        "elements": [
          "Br",
          "O"
        ],
        "density_g_cm3": 4.086549126968605,
        "avg_z": 26.0,
        "max_z": 35.0,
        "heavy_fraction": 0.0,
        "transition_fraction": 0.0,
        "cell_lengths": [
          10.2689785,
          3.98991338,
          6.97427077
        ],
        "cell_angles": [
          90.0,
          90.0,
          90.0
        ],
        "cell_volume": 285.75215638902927,
        "cell_anisotropy": 2.573734695964753,
        "anisotropy_index": 1.573734695964753,
        "theoretical_peak_count": 128,
        "peak_density": 1.5058823529411764,
        "median_gap_deg": 0.3199615478515625,
        "crowded_fraction": 0.5433070866141733,
        "isolated_fraction": 0.12598425196850394,
        "simple_topology": false,
        "preferred_po_axis": [
          1,
          0,
          0
        ],
        "fluorescence_bucket": "none",
        "absorption_bucket": "medium"
      },
      "attempt": 1,
      "donor_rows": {
        "instrument": "1191__opxrd_000584__H1_Mg1_O1",
        "chemistry": "0091__rruff_R040183-1__Na2_O4_S1",
        "microstructure": "0041__rruff_R040073-1__Al2_Be1_O4",
        "orientation": "0091__rruff_R040183-1__Na2_O4_S1",
        "background": "0181__rruff_R050200-1__Al2_F2_O4_Si1"
      },
      "donor_rwp_percent": {
        "instrument": 5.159210709102735,
        "chemistry": 26.07834482842284,
        "microstructure": 21.50594762145123,
        "orientation": 26.07834482842284,
        "background": 23.384740001121493
      },
      "donor_peak_window_rwp": {
        "instrument": 5.48784949745101,
        "chemistry": 23.02991917058872,
        "microstructure": 21.59440755253815,
        "orientation": 23.02991917058872,
        "background": 22.398779644575264
      },
      "selected_sample_code": "1191__opxrd_000584__H1_Mg1_O1",
      "selected_peak_window_rwp": 5.48784949745101,
      "selected_peak_window_pearson": 0.9997162154875435,
      "selected_background_fraction": 0.4324993875707091
    },
    "original_sample_dir": "Br2O_SG33",
    "original_cif_path": "phase.cif",
    "original_generated_xy_path": "generated.xy",
    "original_generation_params_json": "generation_params.json",
    "original_generation_quality_json": "generation_quality.json"
  },
  "quality": {
    "note": "These are theory-vs-generated synthetic quality indicators plus donor-template quality provenance. They are not Rietveld fit-to-experiment outputs.",
    "theory_vs_generated": {
      "profile_pearson": 0.8808613647219415,
      "profile_cosine": 0.8462604642356067,
      "rmse": 3.9654577079103004,
      "mae": 2.901912122109711,
      "background_fraction_generated": 2.4489125797836633,
      "top_peak_count_used": 20,
      "top_peak_height_log_mae": 0.7780432980303266,
      "top_peak_shift_abs_mean_deg": 0.06876737976074274,
      "peak_window_pearson": 0.8697702789222085,
      "peak_window_cosine": 0.8885276979921524
    },
    "donor_template_quality": {
      "selected_sample_code": "1191__opxrd_000584__H1_Mg1_O1",
      "selected_peak_window_rwp": 5.48784949745101,
      "selected_peak_window_pearson": 0.9997162154875435,
      "selected_background_fraction": 0.4324993875707091,
      "donor_rows": {
        "instrument": "1191__opxrd_000584__H1_Mg1_O1",
        "chemistry": "0091__rruff_R040183-1__Na2_O4_S1",
        "microstructure": "0041__rruff_R040073-1__Al2_Be1_O4",
        "orientation": "0091__rruff_R040183-1__Na2_O4_S1",
        "background": "0181__rruff_R050200-1__Al2_F2_O4_Si1"
      },
      "donor_rwp_percent": {
        "instrument": 5.159210709102735,
        "chemistry": 26.07834482842284,
        "microstructure": 21.50594762145123,
        "orientation": 26.07834482842284,
        "background": 23.384740001121493
      },
      "donor_peak_window_rwp": {
        "instrument": 5.48784949745101,
        "chemistry": 23.02991917058872,
        "microstructure": 21.59440755253815,
        "orientation": 23.02991917058872,
        "background": 22.398779644575264
      }
    }
  },
  "generation_tier": "strict_core"
}
