{
  "sample_name": "Ar_225",
  "phase_id": "mp-23155",
  "formula": "Ar",
  "space_group": 225,
  "space_group_symbol": "Fm-3m",
  "crystal_system": "cubic",
  "source_origin": "materials_project",
  "slot": "anchor",
  "formula_group_id": "Ar1::sg::225",
  "descriptor": {
    "phase_id": "mp-23155",
    "formula": "Ar",
    "crystal_system": "cubic",
    "elements": [
      "Ar"
    ],
    "density_g_cm3": 1.7200533066094534,
    "avg_z": 18.0,
    "max_z": 18.0,
    "heavy_fraction": 0.0,
    "transition_fraction": 0.0,
    "cell_lengths": [
      5.36315985,
      5.36315985,
      5.36315985
    ],
    "cell_angles": [
      90.0,
      90.0,
      90.0
    ],
    "cell_volume": 154.2631602644345,
    "cell_anisotropy": 1.0,
    "anisotropy_index": 0.0,
    "theoretical_peak_count": 9,
    "peak_density": 0.10588235294117647,
    "median_gap_deg": 8.182718276977539,
    "crowded_fraction": 0.0,
    "isolated_fraction": 1.0,
    "simple_topology": true,
    "preferred_po_axis": [
      0,
      0,
      1
    ],
    "fluorescence_bucket": "none",
    "absorption_bucket": "medium"
  },
  "generation": {
    "theta_min": 5.0,
    "theta_max": 90.0,
    "num_points": 8501,
    "template_rwp_percent": 11.309661106744679,
    "template_peak_window_rwp": 13.746162540852461,
    "template_peak_window_pearson": 0.9951391151799386,
    "synth_params": {
      "ka1": 1.5405929,
      "ka2": 1.5444274,
      "use_tch_profile": true,
      "sigma_scale": 0.9440362830576552,
      "kb_ratio": 0.0,
      "use_fcj_asymmetry": true,
      "detector_nonlinearity": 0.0,
      "use_ka2": true,
      "caglioti_u": 0.003279074167112672,
      "kb": 1.39225,
      "caglioti_w": 0.0010019906393954538,
      "detector_deadtime_coeff": 0.0,
      "axial_s_over_l": 0.00119999999999995,
      "sigma_min_deg": 0.008,
      "ka2_ratio": 0.48502655784215637,
      "caglioti_v": -0.005646438125445374,
      "sigma_deg": 0.009060480593718376,
      "use_kbeta": false,
      "beam_sample_ratio": 0.04999999999999995,
      "fluorescence_level": 0.0,
      "muR": 0.05993893297052647,
      "trns": 0.08,
      "fluorescence_decay": 3.0,
      "lorentz_z": 0.009960924454523384,
      "strain": 0.0006853610642039835,
      "pseudo_voigt_eta": 0.019967939291600033,
      "lorentz_size": 0.03,
      "macro_strain": -3.240079984075608e-05,
      "sample_displacement_sr": -0.0004456863208776223,
      "size_nm": 80.0,
      "delta_deg": -0.009806819913045304,
      "lorentz_strain": 0.008,
      "po_r": 1.0,
      "air_scatter_level": 5.5000000000000004e-09,
      "b3": -3.255246552673633e-09,
      "scatter_sigma_deg": 6.0,
      "b4": 1.506681026195854e-09,
      "scatter_level": 5.5000000000000004e-09,
      "compton_level": 5.5000000000000004e-09,
      "holder_scatter_center_deg": 15.0,
      "a": 0.7714456649539052,
      "holder_scatter_level": 5.5000000000000004e-09,
      "scatter_center_deg": 15.0,
      "b5": 3.0872986350067193e-09,
      "poisson_counts_max": 1800.0,
      "air_scatter_floor": 0.05,
      "b1": -1.2769594765821228,
      "b0": 2.7224794695082695,
      "b2": 0.7542535174053153,
      "holder_scatter_sigma_deg": 4.0,
      "po_hkl_axis": [
        0.0,
        1.0,
        0.0
      ],
      "final_normalize": true
    },
    "synth_sampling_meta": {
      "family_name": "anchor",
      "slot": "anchor",
      "source_family": "rruff_like",
      "preferred_source_family": "rruff_like",
      "descriptor": {
        "phase_id": "mp-23155",
        "formula": "Ar",
        "crystal_system": "cubic",
        "elements": [
          "Ar"
        ],
        "density_g_cm3": 1.7200533066094534,
        "avg_z": 18.0,
        "max_z": 18.0,
        "heavy_fraction": 0.0,
        "transition_fraction": 0.0,
        "cell_lengths": [
          5.36315985,
          5.36315985,
          5.36315985
        ],
        "cell_angles": [
          90.0,
          90.0,
          90.0
        ],
        "cell_volume": 154.2631602644345,
        "cell_anisotropy": 1.0,
        "anisotropy_index": 0.0,
        "theoretical_peak_count": 9,
        "peak_density": 0.10588235294117647,
        "median_gap_deg": 8.182718276977539,
        "crowded_fraction": 0.0,
        "isolated_fraction": 1.0,
        "simple_topology": true,
        "preferred_po_axis": [
          0,
          0,
          1
        ],
        "fluorescence_bucket": "none",
        "absorption_bucket": "medium"
      },
      "attempt": 1,
      "donor_rows": {
        "instrument": "0144__rruff_R050115-1__Ca1_F2",
        "chemistry": "0144__rruff_R050115-1__Ca1_F2",
        "microstructure": "0144__rruff_R050115-1__Ca1_F2",
        "orientation": "0114__rruff_R050046-1__Ca1_F2",
        "background": "0490__rruff_R060548-1__Ca1_F2"
      },
      "donor_rwp_percent": {
        "instrument": 10.8136128591309,
        "chemistry": 10.8136128591309,
        "microstructure": 10.8136128591309,
        "orientation": 9.726468019402185,
        "background": 11.309661106744679
      },
      "donor_peak_window_rwp": {
        "instrument": 14.273780930421212,
        "chemistry": 14.273780930421212,
        "microstructure": 14.273780930421212,
        "orientation": 13.19345430738523,
        "background": 13.746162540852461
      },
      "selected_sample_code": "0144__rruff_R050115-1__Ca1_F2",
      "selected_peak_window_rwp": 14.273780930421212,
      "selected_peak_window_pearson": 0.9900974432048891,
      "selected_background_fraction": 0.3059909209931564
    },
    "original_sample_dir": "Ar_SG225",
    "original_cif_path": "phase.cif",
    "original_generated_xy_path": "generated.xy",
    "original_generation_params_json": "generation_params.json",
    "original_generation_quality_json": "generation_quality.json"
  },
  "quality": {
    "note": "These are theory-vs-generated synthetic quality indicators plus donor-template quality provenance. They are not Rietveld fit-to-experiment outputs.",
    "theory_vs_generated": {
      "profile_pearson": 0.8719946176133374,
      "profile_cosine": 0.8580409920036892,
      "rmse": 2.7337831083492365,
      "mae": 1.2252829972119503,
      "background_fraction_generated": 1.5601256500117653,
      "top_peak_count_used": 9,
      "top_peak_height_log_mae": 0.21834983308919517,
      "top_peak_shift_abs_mean_deg": 0.04795733133951943,
      "peak_window_pearson": 0.862145822331592,
      "peak_window_cosine": 0.8729817160663712
    },
    "donor_template_quality": {
      "selected_sample_code": "0144__rruff_R050115-1__Ca1_F2",
      "selected_peak_window_rwp": 14.273780930421212,
      "selected_peak_window_pearson": 0.9900974432048891,
      "selected_background_fraction": 0.3059909209931564,
      "donor_rows": {
        "instrument": "0144__rruff_R050115-1__Ca1_F2",
        "chemistry": "0144__rruff_R050115-1__Ca1_F2",
        "microstructure": "0144__rruff_R050115-1__Ca1_F2",
        "orientation": "0114__rruff_R050046-1__Ca1_F2",
        "background": "0490__rruff_R060548-1__Ca1_F2"
      },
      "donor_rwp_percent": {
        "instrument": 10.8136128591309,
        "chemistry": 10.8136128591309,
        "microstructure": 10.8136128591309,
        "orientation": 9.726468019402185,
        "background": 11.309661106744679
      },
      "donor_peak_window_rwp": {
        "instrument": 14.273780930421212,
        "chemistry": 14.273780930421212,
        "microstructure": 14.273780930421212,
        "orientation": 13.19345430738523,
        "background": 13.746162540852461
      }
    }
  },
  "generation_tier": "strict_core"
}
