{
  "sample_name": "BaU6O23_33",
  "phase_id": "cod_9001111",
  "formula": "BaU6O23",
  "space_group": 33,
  "space_group_symbol": "Pna2_1",
  "crystal_system": "orthorhombic",
  "source_origin": "cod",
  "slot": "background",
  "formula_group_id": "Ba1|O23|U6::sg::33",
  "descriptor": {
    "phase_id": "cod_9001111",
    "formula": "BaU6O23",
    "crystal_system": "orthorhombic",
    "elements": [
      "Ba",
      "O",
      "U"
    ],
    "density_g_cm3": 4.935217483885873,
    "avg_z": 26.4,
    "max_z": 92.0,
    "heavy_fraction": 0.03333333333333333,
    "transition_fraction": 0.0,
    "cell_lengths": [
      30.167,
      12.072,
      7.1455
    ],
    "cell_angles": [
      90.0,
      90.0,
      90.0
    ],
    "cell_volume": 2602.219779492,
    "cell_anisotropy": 4.221817927366875,
    "anisotropy_index": 3.2218179273668746,
    "theoretical_peak_count": 1108,
    "peak_density": 13.035294117647059,
    "median_gap_deg": 0.03900146484375,
    "crowded_fraction": 0.9728997289972899,
    "isolated_fraction": 0.0036133694670280035,
    "simple_topology": false,
    "preferred_po_axis": [
      1,
      0,
      0
    ],
    "fluorescence_bucket": "moderate",
    "absorption_bucket": "heavy"
  },
  "generation": {
    "theta_min": 5.0,
    "theta_max": 90.0,
    "num_points": 8501,
    "template_rwp_percent": 20.116123150491998,
    "template_peak_window_rwp": 19.059785587552092,
    "template_peak_window_pearson": 0.9853439113269152,
    "synth_params": {
      "ka1": 1.5405929,
      "ka2": 1.5444274,
      "use_tch_profile": true,
      "sigma_scale": 0.915935817612402,
      "kb_ratio": 0.01500880233919089,
      "use_fcj_asymmetry": true,
      "detector_nonlinearity": 0.0,
      "use_ka2": true,
      "caglioti_u": 0.031390575609021656,
      "kb": 1.39225,
      "caglioti_w": 0.0018448797995058975,
      "detector_deadtime_coeff": 0.0,
      "axial_s_over_l": 0.0012,
      "sigma_min_deg": 0.008,
      "ka2_ratio": 0.48492173130236843,
      "caglioti_v": 0.007351125729718566,
      "sigma_deg": 0.01878969372542678,
      "use_kbeta": true,
      "beam_sample_ratio": 0.05,
      "fluorescence_level": 1.0,
      "muR": 0.04,
      "trns": 0.03,
      "fluorescence_decay": 3.0,
      "lorentz_z": 1.0002170777508793e-08,
      "strain": 0.000588556560986462,
      "pseudo_voigt_eta": 0.11756960872265437,
      "lorentz_size": 0.006789155609971859,
      "macro_strain": 0.0004427856416146951,
      "sample_displacement_sr": -0.0008810949796893171,
      "size_nm": 180.0,
      "delta_deg": -0.00016639000612943402,
      "lorentz_strain": 0.008,
      "po_r": 1.0,
      "air_scatter_level": 1e-08,
      "b3": -0.1848624278005454,
      "scatter_sigma_deg": 6.0,
      "b4": 0.20595308036552476,
      "scatter_level": 1.2,
      "compton_level": 1e-08,
      "holder_scatter_center_deg": 15.0,
      "a": 2.456521703905162,
      "holder_scatter_level": 1e-08,
      "scatter_center_deg": 15.0,
      "b5": -1.0196444166448001e-06,
      "poisson_counts_max": 3119.5,
      "air_scatter_floor": 0.05,
      "b1": -4.44554467722384,
      "b0": 21.288767814184258,
      "b2": -1.9952642435986017,
      "holder_scatter_sigma_deg": 4.0,
      "po_hkl_axis": [
        1.0,
        0.0,
        0.0
      ],
      "final_normalize": true
    },
    "synth_sampling_meta": {
      "family_name": "background",
      "slot": "background",
      "source_family": "opxrd_like",
      "preferred_source_family": "opxrd_like",
      "descriptor": {
        "phase_id": "cod_9001111",
        "formula": "BaU6O23",
        "crystal_system": "orthorhombic",
        "elements": [
          "Ba",
          "O",
          "U"
        ],
        "density_g_cm3": 4.935217483885873,
        "avg_z": 26.4,
        "max_z": 92.0,
        "heavy_fraction": 0.03333333333333333,
        "transition_fraction": 0.0,
        "cell_lengths": [
          30.167,
          12.072,
          7.1455
        ],
        "cell_angles": [
          90.0,
          90.0,
          90.0
        ],
        "cell_volume": 2602.219779492,
        "cell_anisotropy": 4.221817927366875,
        "anisotropy_index": 3.2218179273668746,
        "theoretical_peak_count": 1108,
        "peak_density": 13.035294117647059,
        "median_gap_deg": 0.03900146484375,
        "crowded_fraction": 0.9728997289972899,
        "isolated_fraction": 0.0036133694670280035,
        "simple_topology": false,
        "preferred_po_axis": [
          1,
          0,
          0
        ],
        "fluorescence_bucket": "moderate",
        "absorption_bucket": "heavy"
      },
      "attempt": 1,
      "donor_rows": {
        "instrument": "1191__opxrd_000584__H1_Mg1_O1",
        "chemistry": "0038__rruff_R040069-1__C1_O3_Pb1",
        "microstructure": "0617__rruff_R200013__Ag1_Te1",
        "orientation": "0617__rruff_R200013__Ag1_Te1",
        "background": "1191__opxrd_000584__H1_Mg1_O1"
      },
      "donor_rwp_percent": {
        "instrument": 5.159210709102735,
        "chemistry": 23.642420999995124,
        "microstructure": 10.842870596894375,
        "orientation": 10.842870596894375,
        "background": 5.159210709102735
      },
      "donor_peak_window_rwp": {
        "instrument": 5.48784949745101,
        "chemistry": 20.94158511319581,
        "microstructure": 9.019290975003878,
        "orientation": 9.019290975003878,
        "background": 5.48784949745101
      },
      "selected_sample_code": "1191__opxrd_000584__H1_Mg1_O1",
      "selected_peak_window_rwp": 5.48784949745101,
      "selected_peak_window_pearson": 0.9997162154875435,
      "selected_background_fraction": 0.5127638626915709
    },
    "original_sample_dir": "BaU6O23_SG33",
    "original_cif_path": "phase.cif",
    "original_generated_xy_path": "generated.xy",
    "original_generation_params_json": "generation_params.json",
    "original_generation_quality_json": "generation_quality.json"
  },
  "quality": {
    "note": "These are theory-vs-generated synthetic quality indicators plus donor-template quality provenance. They are not Rietveld fit-to-experiment outputs.",
    "theory_vs_generated": {
      "profile_pearson": 0.47393018388302444,
      "profile_cosine": 0.5005064549524229,
      "rmse": 4.189625226021716,
      "mae": 2.0799431280608416,
      "background_fraction_generated": 8.78175942492257,
      "top_peak_count_used": 20,
      "top_peak_height_log_mae": 16.35229548434291,
      "top_peak_shift_abs_mean_deg": 0.29341429328918345,
      "peak_window_pearson": 0.4046980321484142,
      "peak_window_cosine": 0.5073106375521304
    },
    "donor_template_quality": {
      "selected_sample_code": "1191__opxrd_000584__H1_Mg1_O1",
      "selected_peak_window_rwp": 5.48784949745101,
      "selected_peak_window_pearson": 0.9997162154875435,
      "selected_background_fraction": 0.5127638626915709,
      "donor_rows": {
        "instrument": "1191__opxrd_000584__H1_Mg1_O1",
        "chemistry": "0038__rruff_R040069-1__C1_O3_Pb1",
        "microstructure": "0617__rruff_R200013__Ag1_Te1",
        "orientation": "0617__rruff_R200013__Ag1_Te1",
        "background": "1191__opxrd_000584__H1_Mg1_O1"
      },
      "donor_rwp_percent": {
        "instrument": 5.159210709102735,
        "chemistry": 23.642420999995124,
        "microstructure": 10.842870596894375,
        "orientation": 10.842870596894375,
        "background": 5.159210709102735
      },
      "donor_peak_window_rwp": {
        "instrument": 5.48784949745101,
        "chemistry": 20.94158511319581,
        "microstructure": 9.019290975003878,
        "orientation": 9.019290975003878,
        "background": 5.48784949745101
      }
    }
  },
  "generation_tier": "strict_core"
}
