{
  "sample_name": "Bi_166",
  "phase_id": "mp-23152",
  "formula": "Bi",
  "space_group": 166,
  "space_group_symbol": "R-3m",
  "crystal_system": "trigonal",
  "source_origin": "materials_project",
  "slot": "background",
  "formula_group_id": "Bi1::sg::166",
  "descriptor": {
    "phase_id": "mp-23152",
    "formula": "Bi",
    "crystal_system": "trigonal",
    "elements": [
      "Bi"
    ],
    "density_g_cm3": 9.485054063995706,
    "avg_z": 83.0,
    "max_z": 83.0,
    "heavy_fraction": 1.0,
    "transition_fraction": 0.0,
    "cell_lengths": [
      4.53800948,
      4.53800948,
      12.30848681
    ],
    "cell_angles": [
      90.0,
      90.0,
      119.99999999999999
    ],
    "cell_volume": 219.51595625951057,
    "cell_anisotropy": 2.7123096291989235,
    "anisotropy_index": 1.7123096291989235,
    "theoretical_peak_count": 30,
    "peak_density": 0.35294117647058826,
    "median_gap_deg": 1.9276618957519531,
    "crowded_fraction": 0.10344827586206896,
    "isolated_fraction": 0.7241379310344828,
    "simple_topology": false,
    "preferred_po_axis": [
      0,
      0,
      1
    ],
    "fluorescence_bucket": "moderate",
    "absorption_bucket": "heavy"
  },
  "generation": {
    "theta_min": 5.0,
    "theta_max": 90.0,
    "num_points": 8501,
    "template_rwp_percent": 8.894243026156627,
    "template_peak_window_rwp": 11.562371080606463,
    "template_peak_window_pearson": 0.9970396627337116,
    "synth_params": {
      "ka1": 1.5405929,
      "ka2": 1.5444274,
      "use_tch_profile": true,
      "sigma_scale": 0.915935817612402,
      "kb_ratio": 0.01500880233919089,
      "use_fcj_asymmetry": true,
      "detector_nonlinearity": 0.0,
      "use_ka2": true,
      "caglioti_u": 0.031390575609021656,
      "kb": 1.39225,
      "caglioti_w": 0.0018448797995058975,
      "detector_deadtime_coeff": 0.0,
      "axial_s_over_l": 0.0012,
      "sigma_min_deg": 0.008,
      "ka2_ratio": 0.48492173130236843,
      "caglioti_v": 0.007351125729718566,
      "sigma_deg": 0.01878969372542678,
      "use_kbeta": true,
      "beam_sample_ratio": 0.05,
      "fluorescence_level": 1.0,
      "muR": 0.04793080224635921,
      "trns": 0.03,
      "fluorescence_decay": 3.001765656300182,
      "lorentz_z": 0.0009902638451396877,
      "strain": 0.00014981872964748183,
      "pseudo_voigt_eta": 0.27386226709013595,
      "lorentz_size": 0.00022168016061358112,
      "macro_strain": -0.0007940522757469537,
      "sample_displacement_sr": -0.0006029792213922888,
      "size_nm": 175.11087263420634,
      "delta_deg": 0.020492836837605607,
      "lorentz_strain": 0.01,
      "po_r": 1.0,
      "air_scatter_level": 2.5713685049682047,
      "b3": 0.131822212950664,
      "scatter_sigma_deg": 8.164588744645966,
      "b4": 0.47136977703259,
      "scatter_level": 1.2,
      "compton_level": 0.9055471748523348,
      "holder_scatter_center_deg": 9.092422351688583,
      "a": 1.5910181007450837,
      "holder_scatter_level": 0.36058021299606424,
      "scatter_center_deg": 5.409510339587221,
      "b5": -0.6213851729507031,
      "poisson_counts_max": 3089.75,
      "air_scatter_floor": 0.10898812675762802,
      "b1": 0.06967746317460986,
      "b0": 9.272668067947018,
      "b2": -1.0419314037805136,
      "holder_scatter_sigma_deg": 7.840182688270039,
      "po_hkl_axis": [
        0.0,
        1.0,
        0.0
      ],
      "final_normalize": true
    },
    "synth_sampling_meta": {
      "family_name": "background",
      "slot": "background",
      "source_family": "opxrd_like",
      "preferred_source_family": "opxrd_like",
      "descriptor": {
        "phase_id": "mp-23152",
        "formula": "Bi",
        "crystal_system": "trigonal",
        "elements": [
          "Bi"
        ],
        "density_g_cm3": 9.485054063995706,
        "avg_z": 83.0,
        "max_z": 83.0,
        "heavy_fraction": 1.0,
        "transition_fraction": 0.0,
        "cell_lengths": [
          4.53800948,
          4.53800948,
          12.30848681
        ],
        "cell_angles": [
          90.0,
          90.0,
          119.99999999999999
        ],
        "cell_volume": 219.51595625951057,
        "cell_anisotropy": 2.7123096291989235,
        "anisotropy_index": 1.7123096291989235,
        "theoretical_peak_count": 30,
        "peak_density": 0.35294117647058826,
        "median_gap_deg": 1.9276618957519531,
        "crowded_fraction": 0.10344827586206896,
        "isolated_fraction": 0.7241379310344828,
        "simple_topology": false,
        "preferred_po_axis": [
          0,
          0,
          1
        ],
        "fluorescence_bucket": "moderate",
        "absorption_bucket": "heavy"
      },
      "attempt": 1,
      "donor_rows": {
        "instrument": "1191__opxrd_000584__H1_Mg1_O1",
        "chemistry": "0116__rruff_R050052-1__O4_Pb1_S1",
        "microstructure": "0016__rruff_R040030-1__C2_Ca1_Mg1_O6",
        "orientation": "0296__rruff_R050443-1__C1_Mg1_O3",
        "background": "0016__rruff_R040030-1__C2_Ca1_Mg1_O6"
      },
      "donor_rwp_percent": {
        "instrument": 5.159210709102735,
        "chemistry": 22.335820608816555,
        "microstructure": 27.23933763789696,
        "orientation": 27.08433368266328,
        "background": 27.23933763789696
      },
      "donor_peak_window_rwp": {
        "instrument": 5.48784949745101,
        "chemistry": 20.345268965436535,
        "microstructure": 14.145313767601136,
        "orientation": 13.745715758604918,
        "background": 14.145313767601136
      },
      "selected_sample_code": "1191__opxrd_000584__H1_Mg1_O1",
      "selected_peak_window_rwp": 5.48784949745101,
      "selected_peak_window_pearson": 0.9997162154875435,
      "selected_background_fraction": 0.5302922580835425
    },
    "original_sample_dir": "Bi_SG166",
    "original_cif_path": "phase.cif",
    "original_generated_xy_path": "generated.xy",
    "original_generation_params_json": "generation_params.json",
    "original_generation_quality_json": "generation_quality.json"
  },
  "quality": {
    "note": "These are theory-vs-generated synthetic quality indicators plus donor-template quality provenance. They are not Rietveld fit-to-experiment outputs.",
    "theory_vs_generated": {
      "profile_pearson": 0.47892448321286,
      "profile_cosine": 0.47986886221188585,
      "rmse": 4.472999836631807,
      "mae": 2.2084230423072584,
      "background_fraction_generated": 6.831103964343992,
      "top_peak_count_used": 20,
      "top_peak_height_log_mae": 15.47780753326746,
      "top_peak_shift_abs_mean_deg": 0.29055038833618135,
      "peak_window_pearson": 0.4196494403545025,
      "peak_window_cosine": 0.5105626059729585
    },
    "donor_template_quality": {
      "selected_sample_code": "1191__opxrd_000584__H1_Mg1_O1",
      "selected_peak_window_rwp": 5.48784949745101,
      "selected_peak_window_pearson": 0.9997162154875435,
      "selected_background_fraction": 0.5302922580835425,
      "donor_rows": {
        "instrument": "1191__opxrd_000584__H1_Mg1_O1",
        "chemistry": "0116__rruff_R050052-1__O4_Pb1_S1",
        "microstructure": "0016__rruff_R040030-1__C2_Ca1_Mg1_O6",
        "orientation": "0296__rruff_R050443-1__C1_Mg1_O3",
        "background": "0016__rruff_R040030-1__C2_Ca1_Mg1_O6"
      },
      "donor_rwp_percent": {
        "instrument": 5.159210709102735,
        "chemistry": 22.335820608816555,
        "microstructure": 27.23933763789696,
        "orientation": 27.08433368266328,
        "background": 27.23933763789696
      },
      "donor_peak_window_rwp": {
        "instrument": 5.48784949745101,
        "chemistry": 20.345268965436535,
        "microstructure": 14.145313767601136,
        "orientation": 13.745715758604918,
        "background": 14.145313767601136
      }
    }
  },
  "generation_tier": "strict_core"
}
