{
  "sample_name": "BaFe4O7_163",
  "phase_id": "cod_4002759",
  "formula": "BaFe4O7",
  "space_group": 163,
  "space_group_symbol": "P-31c",
  "crystal_system": "trigonal",
  "source_origin": "cod",
  "slot": "background",
  "formula_group_id": "Ba1|Fe4|O7::sg::163",
  "descriptor": {
    "phase_id": "cod_4002759",
    "formula": "BaFe4O7",
    "crystal_system": "trigonal",
    "elements": [
      "Ba",
      "Fe",
      "O"
    ],
    "density_g_cm3": 4.949660408747926,
    "avg_z": 18.0,
    "max_z": 56.0,
    "heavy_fraction": 0.08333333333333333,
    "transition_fraction": 0.3333333333333333,
    "cell_lengths": [
      5.1503,
      5.1503000000000005,
      13.8069
    ],
    "cell_angles": [
      90.0,
      90.0,
      119.99999999999999
    ],
    "cell_volume": 317.16982684330736,
    "cell_anisotropy": 2.68079529347805,
    "anisotropy_index": 1.6807952934780501,
    "theoretical_peak_count": 64,
    "peak_density": 0.7529411764705882,
    "median_gap_deg": 0.9047088623046875,
    "crowded_fraction": 0.2222222222222222,
    "isolated_fraction": 0.36507936507936506,
    "simple_topology": false,
    "preferred_po_axis": [
      0,
      0,
      1
    ],
    "fluorescence_bucket": "high",
    "absorption_bucket": "medium"
  },
  "generation": {
    "theta_min": 5.0,
    "theta_max": 90.0,
    "num_points": 8501,
    "template_rwp_percent": 8.894243026156627,
    "template_peak_window_rwp": 11.562371080606463,
    "template_peak_window_pearson": 0.9970396627337116,
    "synth_params": {
      "ka1": 1.5405929,
      "ka2": 1.5444274,
      "use_tch_profile": true,
      "sigma_scale": 0.915935817612402,
      "kb_ratio": 0.01500880233919089,
      "use_fcj_asymmetry": true,
      "detector_nonlinearity": 0.0,
      "use_ka2": true,
      "caglioti_u": 0.031390575609021656,
      "kb": 1.39225,
      "caglioti_w": 0.0018448797995058975,
      "detector_deadtime_coeff": 0.0,
      "axial_s_over_l": 0.0012,
      "sigma_min_deg": 0.008,
      "ka2_ratio": 0.48492173130236843,
      "caglioti_v": 0.007351125729718566,
      "sigma_deg": 0.01878969372542678,
      "use_kbeta": true,
      "beam_sample_ratio": 0.05,
      "fluorescence_level": 2.0,
      "muR": 0.059999998674095646,
      "trns": 0.08,
      "fluorescence_decay": 3.0,
      "lorentz_z": 3.3679648113191833e-06,
      "strain": 0.002390372438722717,
      "pseudo_voigt_eta": -0.04623213203649431,
      "lorentz_size": 0.03,
      "macro_strain": 0.0005150806303109514,
      "sample_displacement_sr": -0.0008370319034259689,
      "size_nm": 240.0,
      "delta_deg": -0.008556667464494017,
      "lorentz_strain": 0.00500475263229283,
      "po_r": 1.0,
      "air_scatter_level": 1.4357404941558356,
      "b3": -7.576725277383578e-11,
      "scatter_sigma_deg": 4.818082639389946,
      "b4": -2.1719731118129621e-10,
      "scatter_level": 2.0028293523831486,
      "compton_level": 0.4792061653746479,
      "holder_scatter_center_deg": 13.148005929148589,
      "a": 1.0,
      "holder_scatter_level": 0.1290811588285118,
      "scatter_center_deg": 4.506047819214484,
      "b5": -1.592642915397184e-10,
      "poisson_counts_max": 1525.75,
      "air_scatter_floor": 0.018226773556866804,
      "b1": 0.9190948725100639,
      "b0": 7.359388055552824,
      "b2": -3.0212307845003545,
      "holder_scatter_sigma_deg": 9.171233576757148,
      "po_hkl_axis": [
        0.0,
        1.0,
        0.0
      ],
      "final_normalize": true
    },
    "synth_sampling_meta": {
      "family_name": "background",
      "slot": "background",
      "source_family": "opxrd_like",
      "preferred_source_family": "opxrd_like",
      "descriptor": {
        "phase_id": "cod_4002759",
        "formula": "BaFe4O7",
        "crystal_system": "trigonal",
        "elements": [
          "Ba",
          "Fe",
          "O"
        ],
        "density_g_cm3": 4.949660408747926,
        "avg_z": 18.0,
        "max_z": 56.0,
        "heavy_fraction": 0.08333333333333333,
        "transition_fraction": 0.3333333333333333,
        "cell_lengths": [
          5.1503,
          5.1503000000000005,
          13.8069
        ],
        "cell_angles": [
          90.0,
          90.0,
          119.99999999999999
        ],
        "cell_volume": 317.16982684330736,
        "cell_anisotropy": 2.68079529347805,
        "anisotropy_index": 1.6807952934780501,
        "theoretical_peak_count": 64,
        "peak_density": 0.7529411764705882,
        "median_gap_deg": 0.9047088623046875,
        "crowded_fraction": 0.2222222222222222,
        "isolated_fraction": 0.36507936507936506,
        "simple_topology": false,
        "preferred_po_axis": [
          0,
          0,
          1
        ],
        "fluorescence_bucket": "high",
        "absorption_bucket": "medium"
      },
      "attempt": 1,
      "donor_rows": {
        "instrument": "1191__opxrd_000584__H1_Mg1_O1",
        "chemistry": "0610__rruff_R100002-1__C1_Mn1_O3",
        "microstructure": "0415__rruff_R060150-1__Ca13_F10_H12_O34_Si10",
        "orientation": "0296__rruff_R050443-1__C1_Mg1_O3",
        "background": "0066__rruff_R040126-1__C4_Ca1_Mg3_O12"
      },
      "donor_rwp_percent": {
        "instrument": 5.159210709102735,
        "chemistry": 6.261299785075936,
        "microstructure": 8.00315190123515,
        "orientation": 27.08433368266328,
        "background": 8.894243026156627
      },
      "donor_peak_window_rwp": {
        "instrument": 5.48784949745101,
        "chemistry": 8.688202112182273,
        "microstructure": 11.357098944708872,
        "orientation": 13.745715758604918,
        "background": 11.562371080606463
      },
      "selected_sample_code": "1191__opxrd_000584__H1_Mg1_O1",
      "selected_peak_window_rwp": 5.48784949745101,
      "selected_peak_window_pearson": 0.9997162154875435,
      "selected_background_fraction": 0.5445765611275475
    },
    "original_sample_dir": "BaFe4O7_SG163",
    "original_cif_path": "phase.cif",
    "original_generated_xy_path": "generated.xy",
    "original_generation_params_json": "generation_params.json",
    "original_generation_quality_json": "generation_quality.json"
  },
  "quality": {
    "note": "These are theory-vs-generated synthetic quality indicators plus donor-template quality provenance. They are not Rietveld fit-to-experiment outputs.",
    "theory_vs_generated": {
      "profile_pearson": 0.7668470403537139,
      "profile_cosine": 0.7335734472542439,
      "rmse": 6.627605775969296,
      "mae": 4.288796003701087,
      "background_fraction_generated": 2.3534286506878868,
      "top_peak_count_used": 20,
      "top_peak_height_log_mae": 6.13652571744551,
      "top_peak_shift_abs_mean_deg": 0.15777933502197303,
      "peak_window_pearson": 0.7287425776249802,
      "peak_window_cosine": 0.7711348930889746
    },
    "donor_template_quality": {
      "selected_sample_code": "1191__opxrd_000584__H1_Mg1_O1",
      "selected_peak_window_rwp": 5.48784949745101,
      "selected_peak_window_pearson": 0.9997162154875435,
      "selected_background_fraction": 0.5445765611275475,
      "donor_rows": {
        "instrument": "1191__opxrd_000584__H1_Mg1_O1",
        "chemistry": "0610__rruff_R100002-1__C1_Mn1_O3",
        "microstructure": "0415__rruff_R060150-1__Ca13_F10_H12_O34_Si10",
        "orientation": "0296__rruff_R050443-1__C1_Mg1_O3",
        "background": "0066__rruff_R040126-1__C4_Ca1_Mg3_O12"
      },
      "donor_rwp_percent": {
        "instrument": 5.159210709102735,
        "chemistry": 6.261299785075936,
        "microstructure": 8.00315190123515,
        "orientation": 27.08433368266328,
        "background": 8.894243026156627
      },
      "donor_peak_window_rwp": {
        "instrument": 5.48784949745101,
        "chemistry": 8.688202112182273,
        "microstructure": 11.357098944708872,
        "orientation": 13.745715758604918,
        "background": 11.562371080606463
      }
    }
  },
  "generation_tier": "strict_core"
}
