{
  "sample_name": "Fe_55",
  "phase_id": "cod_4113930",
  "formula": "Fe",
  "space_group": 55,
  "space_group_symbol": "Pbam",
  "crystal_system": "orthorhombic",
  "source_origin": "cod",
  "slot": "background",
  "formula_group_id": "Fe1::sg::55",
  "descriptor": {
    "phase_id": "cod_4113930",
    "formula": "Fe",
    "crystal_system": "orthorhombic",
    "elements": [
      "Fe"
    ],
    "density_g_cm3": 1.5469942714699434,
    "avg_z": 26.0,
    "max_z": 26.0,
    "heavy_fraction": 0.0,
    "transition_fraction": 1.0,
    "cell_lengths": [
      8.0039,
      15.2824,
      3.9205
    ],
    "cell_angles": [
      90.0,
      90.0,
      90.0
    ],
    "cell_volume": 479.55086073188005,
    "cell_anisotropy": 3.8980742252263743,
    "anisotropy_index": 2.8980742252263743,
    "theoretical_peak_count": 230,
    "peak_density": 2.7058823529411766,
    "median_gap_deg": 0.20645904541015625,
    "crowded_fraction": 0.7074235807860262,
    "isolated_fraction": 0.039301310043668124,
    "simple_topology": false,
    "preferred_po_axis": [
      0,
      1,
      0
    ],
    "fluorescence_bucket": "high",
    "absorption_bucket": "medium"
  },
  "generation": {
    "theta_min": 5.0,
    "theta_max": 90.0,
    "num_points": 8501,
    "template_rwp_percent": 20.116123150491998,
    "template_peak_window_rwp": 19.059785587552092,
    "template_peak_window_pearson": 0.9853439113269152,
    "synth_params": {
      "ka1": 1.5405929,
      "ka2": 1.5444274,
      "use_tch_profile": true,
      "sigma_scale": 0.915935817612402,
      "kb_ratio": 0.01500880233919089,
      "use_fcj_asymmetry": true,
      "detector_nonlinearity": 0.0,
      "use_ka2": true,
      "caglioti_u": 0.031390575609021656,
      "kb": 1.39225,
      "caglioti_w": 0.0018448797995058975,
      "detector_deadtime_coeff": 0.0,
      "axial_s_over_l": 0.0012,
      "sigma_min_deg": 0.008,
      "ka2_ratio": 0.48492173130236843,
      "caglioti_v": 0.007351125729718566,
      "sigma_deg": 0.01878969372542678,
      "use_kbeta": true,
      "beam_sample_ratio": 0.05,
      "fluorescence_level": 2.0,
      "muR": 0.06001543343868599,
      "trns": 0.08,
      "fluorescence_decay": 2.9999999999988463,
      "lorentz_z": 1.0000207022267846e-08,
      "strain": 0.001825786636877731,
      "pseudo_voigt_eta": 0.32616989499440535,
      "lorentz_size": 0.01593095308260279,
      "macro_strain": 0.0003381673991469992,
      "sample_displacement_sr": -0.0005233072528388333,
      "size_nm": 180.0,
      "delta_deg": 0.0004330081230363607,
      "lorentz_strain": 0.008,
      "po_r": 1.0,
      "air_scatter_level": 0.2750018604119713,
      "b3": 0.7379173670925012,
      "scatter_sigma_deg": 10.836186106093132,
      "b4": 0.5472655579071705,
      "scatter_level": 1.2,
      "compton_level": 2.1934444397108424,
      "holder_scatter_center_deg": 5.023353705021647,
      "a": 0.7052404543488482,
      "holder_scatter_level": 4.107431864113892,
      "scatter_center_deg": 14.635716036503347,
      "b5": -0.6684336014039052,
      "poisson_counts_max": 900.0,
      "air_scatter_floor": 0.02699164710478493,
      "b1": -4.466703566605327,
      "b0": 22.026741256188426,
      "b2": -0.429353988891026,
      "holder_scatter_sigma_deg": 1.5617313898161211,
      "po_hkl_axis": [
        1.0,
        0.0,
        0.0
      ],
      "final_normalize": true
    },
    "synth_sampling_meta": {
      "family_name": "background",
      "slot": "background",
      "source_family": "opxrd_like",
      "preferred_source_family": "opxrd_like",
      "descriptor": {
        "phase_id": "cod_4113930",
        "formula": "Fe",
        "crystal_system": "orthorhombic",
        "elements": [
          "Fe"
        ],
        "density_g_cm3": 1.5469942714699434,
        "avg_z": 26.0,
        "max_z": 26.0,
        "heavy_fraction": 0.0,
        "transition_fraction": 1.0,
        "cell_lengths": [
          8.0039,
          15.2824,
          3.9205
        ],
        "cell_angles": [
          90.0,
          90.0,
          90.0
        ],
        "cell_volume": 479.55086073188005,
        "cell_anisotropy": 3.8980742252263743,
        "anisotropy_index": 2.8980742252263743,
        "theoretical_peak_count": 230,
        "peak_density": 2.7058823529411766,
        "median_gap_deg": 0.20645904541015625,
        "crowded_fraction": 0.7074235807860262,
        "isolated_fraction": 0.039301310043668124,
        "simple_topology": false,
        "preferred_po_axis": [
          0,
          1,
          0
        ],
        "fluorescence_bucket": "high",
        "absorption_bucket": "medium"
      },
      "attempt": 1,
      "donor_rows": {
        "instrument": "1191__opxrd_000584__H1_Mg1_O1",
        "chemistry": "0249__rruff_R050363-1__O2_Ti1",
        "microstructure": "0116__rruff_R050052-1__O4_Pb1_S1",
        "orientation": "0329__rruff_R050521-1__Cu1_H1_O5_Pb1_V1",
        "background": "0453__rruff_R060409-1__Al1_As1_H4_O6"
      },
      "donor_rwp_percent": {
        "instrument": 5.159210709102735,
        "chemistry": 14.776303909097866,
        "microstructure": 22.335820608816555,
        "orientation": 20.765069245060484,
        "background": 17.010113375270937
      },
      "donor_peak_window_rwp": {
        "instrument": 5.48784949745101,
        "chemistry": 20.08462830562262,
        "microstructure": 20.345268965436535,
        "orientation": 20.2588579420501,
        "background": 16.7700543319154
      },
      "selected_sample_code": "1191__opxrd_000584__H1_Mg1_O1",
      "selected_peak_window_rwp": 5.48784949745101,
      "selected_peak_window_pearson": 0.9997162154875435,
      "selected_background_fraction": 0.6150635671141698
    },
    "original_sample_dir": "Fe_SG55",
    "original_cif_path": "phase.cif",
    "original_generated_xy_path": "generated.xy",
    "original_generation_params_json": "generation_params.json",
    "original_generation_quality_json": "generation_quality.json"
  },
  "quality": {
    "note": "These are theory-vs-generated synthetic quality indicators plus donor-template quality provenance. They are not Rietveld fit-to-experiment outputs.",
    "theory_vs_generated": {
      "profile_pearson": 0.8111325156634697,
      "profile_cosine": 0.6836318334836969,
      "rmse": 8.853657899232633,
      "mae": 7.6223149459532795,
      "background_fraction_generated": 2.8042386644308803,
      "top_peak_count_used": 20,
      "top_peak_height_log_mae": 13.801752148479892,
      "top_peak_shift_abs_mean_deg": 0.25365060043334875,
      "peak_window_pearson": 0.7842090410342545,
      "peak_window_cosine": 0.7964936473748426
    },
    "donor_template_quality": {
      "selected_sample_code": "1191__opxrd_000584__H1_Mg1_O1",
      "selected_peak_window_rwp": 5.48784949745101,
      "selected_peak_window_pearson": 0.9997162154875435,
      "selected_background_fraction": 0.6150635671141698,
      "donor_rows": {
        "instrument": "1191__opxrd_000584__H1_Mg1_O1",
        "chemistry": "0249__rruff_R050363-1__O2_Ti1",
        "microstructure": "0116__rruff_R050052-1__O4_Pb1_S1",
        "orientation": "0329__rruff_R050521-1__Cu1_H1_O5_Pb1_V1",
        "background": "0453__rruff_R060409-1__Al1_As1_H4_O6"
      },
      "donor_rwp_percent": {
        "instrument": 5.159210709102735,
        "chemistry": 14.776303909097866,
        "microstructure": 22.335820608816555,
        "orientation": 20.765069245060484,
        "background": 17.010113375270937
      },
      "donor_peak_window_rwp": {
        "instrument": 5.48784949745101,
        "chemistry": 20.08462830562262,
        "microstructure": 20.345268965436535,
        "orientation": 20.2588579420501,
        "background": 16.7700543319154
      }
    }
  },
  "generation_tier": "strict_core"
}
