{
  "sample_name": "Br_229",
  "phase_id": "mp-673171",
  "formula": "Br",
  "space_group": 229,
  "space_group_symbol": "Im-3m",
  "crystal_system": "cubic",
  "source_origin": "materials_project",
  "slot": "anchor",
  "formula_group_id": "Br1::sg::229",
  "descriptor": {
    "phase_id": "mp-673171",
    "formula": "Br",
    "crystal_system": "cubic",
    "elements": [
      "Br"
    ],
    "density_g_cm3": 5.0228408326526575,
    "avg_z": 35.0,
    "max_z": 35.0,
    "heavy_fraction": 0.0,
    "transition_fraction": 0.0,
    "cell_lengths": [
      3.75231595,
      3.75231595,
      3.75231595
    ],
    "cell_angles": [
      90.0,
      90.0,
      90.0
    ],
    "cell_volume": 52.83213949382141,
    "cell_anisotropy": 1.0,
    "anisotropy_index": 0.0,
    "theoretical_peak_count": 5,
    "peak_density": 0.058823529411764705,
    "median_gap_deg": 11.266719818115234,
    "crowded_fraction": 0.0,
    "isolated_fraction": 1.0,
    "simple_topology": true,
    "preferred_po_axis": [
      0,
      0,
      1
    ],
    "fluorescence_bucket": "none",
    "absorption_bucket": "medium"
  },
  "generation": {
    "theta_min": 5.0,
    "theta_max": 90.0,
    "num_points": 8501,
    "template_rwp_percent": 11.309661106744679,
    "template_peak_window_rwp": 13.746162540852461,
    "template_peak_window_pearson": 0.9951391151799386,
    "synth_params": {
      "ka1": 1.5405929,
      "ka2": 1.5444274,
      "use_tch_profile": true,
      "sigma_scale": 0.9440362830576552,
      "kb_ratio": 0.0,
      "use_fcj_asymmetry": true,
      "detector_nonlinearity": 0.0,
      "use_ka2": true,
      "caglioti_u": 0.003279074167112672,
      "kb": 1.39225,
      "caglioti_w": 0.0010019906393954538,
      "detector_deadtime_coeff": 0.0,
      "axial_s_over_l": 0.00119999999999995,
      "sigma_min_deg": 0.008,
      "ka2_ratio": 0.48502655784215637,
      "caglioti_v": -0.005646438125445374,
      "sigma_deg": 0.009060480593718376,
      "use_kbeta": false,
      "beam_sample_ratio": 0.04999999999999995,
      "fluorescence_level": 0.0,
      "muR": 0.060635190034544165,
      "trns": 0.08,
      "fluorescence_decay": 3.0,
      "lorentz_z": 0.014998727304406656,
      "strain": 0.0007914072527052623,
      "pseudo_voigt_eta": 0.019996180150555775,
      "lorentz_size": 0.03,
      "macro_strain": -5.662583023831052e-07,
      "sample_displacement_sr": -0.00033190744517099034,
      "size_nm": 120.00001833697779,
      "delta_deg": -0.00992093689280337,
      "lorentz_strain": 0.008,
      "po_r": 1.0,
      "air_scatter_level": 5.5000000000000004e-09,
      "b3": -1.429575915200572e-07,
      "scatter_sigma_deg": 6.0,
      "b4": 4.551041246111535e-07,
      "scatter_level": 5.5000000000000004e-09,
      "compton_level": 5.5000000000000004e-09,
      "holder_scatter_center_deg": 15.0,
      "a": 0.639202688928806,
      "holder_scatter_level": 5.5000000000000004e-09,
      "scatter_center_deg": 15.0,
      "b5": 3.9742261840428897e-07,
      "poisson_counts_max": 2204.4,
      "air_scatter_floor": 0.05,
      "b1": -1.3500830629349507,
      "b0": 3.087688618646331,
      "b2": 0.6742610756466367,
      "holder_scatter_sigma_deg": 4.0,
      "po_hkl_axis": [
        0.0,
        1.0,
        0.0
      ],
      "final_normalize": true
    },
    "synth_sampling_meta": {
      "family_name": "anchor",
      "slot": "anchor",
      "source_family": "rruff_like",
      "preferred_source_family": "rruff_like",
      "descriptor": {
        "phase_id": "mp-673171",
        "formula": "Br",
        "crystal_system": "cubic",
        "elements": [
          "Br"
        ],
        "density_g_cm3": 5.0228408326526575,
        "avg_z": 35.0,
        "max_z": 35.0,
        "heavy_fraction": 0.0,
        "transition_fraction": 0.0,
        "cell_lengths": [
          3.75231595,
          3.75231595,
          3.75231595
        ],
        "cell_angles": [
          90.0,
          90.0,
          90.0
        ],
        "cell_volume": 52.83213949382141,
        "cell_anisotropy": 1.0,
        "anisotropy_index": 0.0,
        "theoretical_peak_count": 5,
        "peak_density": 0.058823529411764705,
        "median_gap_deg": 11.266719818115234,
        "crowded_fraction": 0.0,
        "isolated_fraction": 1.0,
        "simple_topology": true,
        "preferred_po_axis": [
          0,
          0,
          1
        ],
        "fluorescence_bucket": "none",
        "absorption_bucket": "medium"
      },
      "attempt": 1,
      "donor_rows": {
        "instrument": "0144__rruff_R050115-1__Ca1_F2",
        "chemistry": "0415__rruff_R060150-1__Ca13_F10_H12_O34_Si10",
        "microstructure": "0490__rruff_R060548-1__Ca1_F2",
        "orientation": "0144__rruff_R050115-1__Ca1_F2",
        "background": "0114__rruff_R050046-1__Ca1_F2"
      },
      "donor_rwp_percent": {
        "instrument": 10.8136128591309,
        "chemistry": 8.00315190123515,
        "microstructure": 11.309661106744679,
        "orientation": 10.8136128591309,
        "background": 9.726468019402185
      },
      "donor_peak_window_rwp": {
        "instrument": 14.273780930421212,
        "chemistry": 11.357098944708872,
        "microstructure": 13.746162540852461,
        "orientation": 14.273780930421212,
        "background": 13.19345430738523
      },
      "selected_sample_code": "0144__rruff_R050115-1__Ca1_F2",
      "selected_peak_window_rwp": 14.273780930421212,
      "selected_peak_window_pearson": 0.9900974432048891,
      "selected_background_fraction": 0.2967336936952244
    },
    "original_sample_dir": "Br_SG229",
    "original_cif_path": "phase.cif",
    "original_generated_xy_path": "generated.xy",
    "original_generation_params_json": "generation_params.json",
    "original_generation_quality_json": "generation_quality.json"
  },
  "quality": {
    "note": "These are theory-vs-generated synthetic quality indicators plus donor-template quality provenance. They are not Rietveld fit-to-experiment outputs.",
    "theory_vs_generated": {
      "profile_pearson": 0.917768877828209,
      "profile_cosine": 0.8938963341419577,
      "rmse": 2.135480647398699,
      "mae": 1.19903188961836,
      "background_fraction_generated": 1.9428399010431618,
      "top_peak_count_used": 5,
      "top_peak_height_log_mae": 0.2569850961876331,
      "top_peak_shift_abs_mean_deg": 0.025989715576170625,
      "peak_window_pearson": 0.9146429506744943,
      "peak_window_cosine": 0.9179757131141844
    },
    "donor_template_quality": {
      "selected_sample_code": "0144__rruff_R050115-1__Ca1_F2",
      "selected_peak_window_rwp": 14.273780930421212,
      "selected_peak_window_pearson": 0.9900974432048891,
      "selected_background_fraction": 0.2967336936952244,
      "donor_rows": {
        "instrument": "0144__rruff_R050115-1__Ca1_F2",
        "chemistry": "0415__rruff_R060150-1__Ca13_F10_H12_O34_Si10",
        "microstructure": "0490__rruff_R060548-1__Ca1_F2",
        "orientation": "0144__rruff_R050115-1__Ca1_F2",
        "background": "0114__rruff_R050046-1__Ca1_F2"
      },
      "donor_rwp_percent": {
        "instrument": 10.8136128591309,
        "chemistry": 8.00315190123515,
        "microstructure": 11.309661106744679,
        "orientation": 10.8136128591309,
        "background": 9.726468019402185
      },
      "donor_peak_window_rwp": {
        "instrument": 14.273780930421212,
        "chemistry": 11.357098944708872,
        "microstructure": 13.746162540852461,
        "orientation": 14.273780930421212,
        "background": 13.19345430738523
      }
    }
  },
  "generation_tier": "strict_core"
}
