{
  "sample_name": "Si32O65F_71",
  "phase_id": "cod_1517963",
  "formula": "Si32O65F",
  "space_group": 71,
  "space_group_symbol": "Immm",
  "crystal_system": "orthorhombic",
  "source_origin": "cod",
  "slot": "profile",
  "formula_group_id": "F1|O65|Si32::sg::71",
  "descriptor": {
    "phase_id": "cod_1517963",
    "formula": "Si32O65F",
    "crystal_system": "orthorhombic",
    "elements": [
      "F",
      "O",
      "Si"
    ],
    "density_g_cm3": 1.2311299156432265,
    "avg_z": 9.96938775510204,
    "max_z": 14.0,
    "heavy_fraction": 0.0,
    "transition_fraction": 0.0,
    "cell_lengths": [
      15.939,
      24.926,
      26.585
    ],
    "cell_angles": [
      90.0,
      90.0,
      90.0
    ],
    "cell_volume": 10562.101239689999,
    "cell_anisotropy": 1.6679214505301463,
    "anisotropy_index": 0.6679214505301463,
    "theoretical_peak_count": 2075,
    "peak_density": 24.41176470588235,
    "median_gap_deg": 0.02152252197265625,
    "crowded_fraction": 0.9942140790742526,
    "isolated_fraction": 0.0009643201542912247,
    "simple_topology": false,
    "preferred_po_axis": [
      0,
      0,
      1
    ],
    "fluorescence_bucket": "none",
    "absorption_bucket": "light"
  },
  "generation": {
    "theta_min": 5.0,
    "theta_max": 90.0,
    "num_points": 8501,
    "template_rwp_percent": 13.402713244316242,
    "template_peak_window_rwp": 13.36610465902315,
    "template_peak_window_pearson": 0.9814392226643239,
    "synth_params": {
      "ka1": 1.5405929,
      "ka2": 1.5444274,
      "use_tch_profile": true,
      "sigma_scale": 0.915935817612402,
      "kb_ratio": 0.01500880233919089,
      "use_fcj_asymmetry": true,
      "detector_nonlinearity": 0.0,
      "use_ka2": true,
      "caglioti_u": 0.031390575609021656,
      "kb": 1.39225,
      "caglioti_w": 0.0018448797995058975,
      "detector_deadtime_coeff": 0.0,
      "axial_s_over_l": 0.0012,
      "sigma_min_deg": 0.008,
      "ka2_ratio": 0.48492173130236843,
      "caglioti_v": 0.007351125729718566,
      "sigma_deg": 0.019353384537189586,
      "use_kbeta": true,
      "beam_sample_ratio": 0.05,
      "fluorescence_level": 0.0,
      "muR": 0.00022647846133020994,
      "trns": 0.12042788440024665,
      "fluorescence_decay": 3.0,
      "lorentz_z": 5.26698912494907e-05,
      "strain": 3.926188116277843e-07,
      "pseudo_voigt_eta": -0.028191032923492263,
      "lorentz_size": 0.0017436326496596945,
      "macro_strain": 0.00022154206163580513,
      "sample_displacement_sr": -0.0004593926550089085,
      "size_nm": 180.0,
      "delta_deg": -0.01641387521014118,
      "lorentz_strain": 0.008987819247926106,
      "po_r": 1.0,
      "air_scatter_level": 1.1317157962589088,
      "b3": 0.013441232819228792,
      "scatter_sigma_deg": 3.5230052252758526,
      "b4": 0.021581388592042686,
      "scatter_level": 2.0549269970645523,
      "compton_level": 0.8313766633252982,
      "holder_scatter_center_deg": 5.654287527893903,
      "a": 1.3881807116231781,
      "holder_scatter_level": 1.7052940695239986,
      "scatter_center_deg": 3.7915067716213016,
      "b5": -0.01849730586595701,
      "poisson_counts_max": 1200.0,
      "air_scatter_floor": 0.017449409050414196,
      "b1": -0.33168271270491245,
      "b0": 4.384024098119026,
      "b2": -1.5446800966964673,
      "holder_scatter_sigma_deg": 6.049551488904144,
      "po_hkl_axis": [
        0.0,
        1.0,
        0.0
      ],
      "final_normalize": true
    },
    "synth_sampling_meta": {
      "family_name": "profile",
      "slot": "profile",
      "source_family": "opxrd_like",
      "preferred_source_family": "opxrd_like",
      "descriptor": {
        "phase_id": "cod_1517963",
        "formula": "Si32O65F",
        "crystal_system": "orthorhombic",
        "elements": [
          "F",
          "O",
          "Si"
        ],
        "density_g_cm3": 1.2311299156432265,
        "avg_z": 9.96938775510204,
        "max_z": 14.0,
        "heavy_fraction": 0.0,
        "transition_fraction": 0.0,
        "cell_lengths": [
          15.939,
          24.926,
          26.585
        ],
        "cell_angles": [
          90.0,
          90.0,
          90.0
        ],
        "cell_volume": 10562.101239689999,
        "cell_anisotropy": 1.6679214505301463,
        "anisotropy_index": 0.6679214505301463,
        "theoretical_peak_count": 2075,
        "peak_density": 24.41176470588235,
        "median_gap_deg": 0.02152252197265625,
        "crowded_fraction": 0.9942140790742526,
        "isolated_fraction": 0.0009643201542912247,
        "simple_topology": false,
        "preferred_po_axis": [
          0,
          0,
          1
        ],
        "fluorescence_bucket": "none",
        "absorption_bucket": "light"
      },
      "attempt": 1,
      "donor_rows": {
        "instrument": "1191__opxrd_000584__H1_Mg1_O1",
        "chemistry": "0181__rruff_R050200-1__Al2_F2_O4_Si1",
        "microstructure": "0065__rruff_R040121-1__Al2_F2_O4_Si1",
        "orientation": "0005__rruff_R040007-1__O4_S1_Sr1",
        "background": "0091__rruff_R040183-1__Na2_O4_S1"
      },
      "donor_rwp_percent": {
        "instrument": 5.159210709102735,
        "chemistry": 23.384740001121493,
        "microstructure": 28.09848121236161,
        "orientation": 20.116123150491998,
        "background": 26.07834482842284
      },
      "donor_peak_window_rwp": {
        "instrument": 5.48784949745101,
        "chemistry": 22.398779644575264,
        "microstructure": 27.618743974959255,
        "orientation": 19.059785587552092,
        "background": 23.02991917058872
      },
      "selected_sample_code": "1191__opxrd_000584__H1_Mg1_O1",
      "selected_peak_window_rwp": 5.48784949745101,
      "selected_peak_window_pearson": 0.9997162154875435,
      "selected_background_fraction": 0.3603517240531443
    },
    "original_sample_dir": "Si32O65F_SG71",
    "original_cif_path": "phase.cif",
    "original_generated_xy_path": "generated.xy",
    "original_generation_params_json": "generation_params.json",
    "original_generation_quality_json": "generation_quality.json"
  },
  "quality": {
    "note": "These are theory-vs-generated synthetic quality indicators plus donor-template quality provenance. They are not Rietveld fit-to-experiment outputs.",
    "theory_vs_generated": {
      "profile_pearson": 0.9846199293273403,
      "profile_cosine": 0.97819851868191,
      "rmse": 0.8738836569599214,
      "mae": 0.5229276932425538,
      "background_fraction_generated": 8.045149321414593,
      "top_peak_count_used": 20,
      "top_peak_height_log_mae": 15.61646054090161,
      "top_peak_shift_abs_mean_deg": 0.2873887538909909,
      "peak_window_pearson": 0.9884652588775978,
      "peak_window_cosine": 0.9866043148984424
    },
    "donor_template_quality": {
      "selected_sample_code": "1191__opxrd_000584__H1_Mg1_O1",
      "selected_peak_window_rwp": 5.48784949745101,
      "selected_peak_window_pearson": 0.9997162154875435,
      "selected_background_fraction": 0.3603517240531443,
      "donor_rows": {
        "instrument": "1191__opxrd_000584__H1_Mg1_O1",
        "chemistry": "0181__rruff_R050200-1__Al2_F2_O4_Si1",
        "microstructure": "0065__rruff_R040121-1__Al2_F2_O4_Si1",
        "orientation": "0005__rruff_R040007-1__O4_S1_Sr1",
        "background": "0091__rruff_R040183-1__Na2_O4_S1"
      },
      "donor_rwp_percent": {
        "instrument": 5.159210709102735,
        "chemistry": 23.384740001121493,
        "microstructure": 28.09848121236161,
        "orientation": 20.116123150491998,
        "background": 26.07834482842284
      },
      "donor_peak_window_rwp": {
        "instrument": 5.48784949745101,
        "chemistry": 22.398779644575264,
        "microstructure": 27.618743974959255,
        "orientation": 19.059785587552092,
        "background": 23.02991917058872
      }
    }
  },
  "generation_tier": "strict_core"
}
