{
  "sample_name": "UAu2_164",
  "phase_id": "cod_1510474",
  "formula": "UAu2",
  "space_group": 164,
  "space_group_symbol": "P-3m1",
  "crystal_system": "trigonal",
  "source_origin": "cod",
  "slot": "background",
  "formula_group_id": "Au2|U1::sg::164",
  "descriptor": {
    "phase_id": "cod_1510474",
    "formula": "UAu2",
    "crystal_system": "trigonal",
    "elements": [
      "Au",
      "U"
    ],
    "density_g_cm3": 17.23078447612148,
    "avg_z": 83.33333333333333,
    "max_z": 92.0,
    "heavy_fraction": 0.6666666666666666,
    "transition_fraction": 0.6666666666666666,
    "cell_lengths": [
      4.756,
      4.756,
      3.109
    ],
    "cell_angles": [
      90.0,
      90.0,
      119.99999999999999
    ],
    "cell_volume": 60.90248950841195,
    "cell_anisotropy": 1.5297523319395305,
    "anisotropy_index": 0.5297523319395305,
    "theoretical_peak_count": 19,
    "peak_density": 0.2235294117647059,
    "median_gap_deg": 4.027896881103516,
    "crowded_fraction": 0.05555555555555555,
    "isolated_fraction": 0.7777777777777778,
    "simple_topology": true,
    "preferred_po_axis": [
      0,
      0,
      1
    ],
    "fluorescence_bucket": "none",
    "absorption_bucket": "heavy"
  },
  "generation": {
    "theta_min": 5.0,
    "theta_max": 90.0,
    "num_points": 8501,
    "template_rwp_percent": 8.894243026156627,
    "template_peak_window_rwp": 11.562371080606463,
    "template_peak_window_pearson": 0.9970396627337116,
    "synth_params": {
      "ka1": 1.5405929,
      "ka2": 1.5444274,
      "use_tch_profile": true,
      "sigma_scale": 0.915935817612402,
      "kb_ratio": 0.01500880233919089,
      "use_fcj_asymmetry": true,
      "detector_nonlinearity": 0.0,
      "use_ka2": true,
      "caglioti_u": 0.031390575609021656,
      "kb": 1.39225,
      "caglioti_w": 0.0018448797995058975,
      "detector_deadtime_coeff": 0.0,
      "axial_s_over_l": 0.0012,
      "sigma_min_deg": 0.008,
      "ka2_ratio": 0.48492173130236843,
      "caglioti_v": 0.007351125729718566,
      "sigma_deg": 0.01878969372542678,
      "use_kbeta": true,
      "beam_sample_ratio": 0.05,
      "fluorescence_level": 0.0,
      "muR": 0.04,
      "trns": 0.0,
      "fluorescence_decay": 3.0,
      "lorentz_z": 0.014473165627292143,
      "strain": 0.000579747929110386,
      "pseudo_voigt_eta": -0.04996940622818023,
      "lorentz_size": 0.00011374536007548907,
      "macro_strain": 0.0,
      "sample_displacement_sr": -0.00020000257415803656,
      "size_nm": 287.44933406840937,
      "delta_deg": -0.010000658332223796,
      "lorentz_strain": 0.00014177554357049798,
      "po_r": 1.0,
      "air_scatter_level": 1.4357404941558356,
      "b3": -7.576725277383578e-11,
      "scatter_sigma_deg": 4.818082639389946,
      "b4": -2.1719731118129621e-10,
      "scatter_level": 2.0028293523831486,
      "compton_level": 0.4792061653746479,
      "holder_scatter_center_deg": 13.148005929148589,
      "a": 1.0,
      "holder_scatter_level": 0.1290811588285118,
      "scatter_center_deg": 4.506047819214484,
      "b5": -1.592642915397184e-10,
      "poisson_counts_max": 1525.75,
      "air_scatter_floor": 0.018226773556866804,
      "b1": 0.9190948725100639,
      "b0": 7.359388055552824,
      "b2": -3.0212307845003545,
      "holder_scatter_sigma_deg": 9.171233576757148,
      "po_hkl_axis": [
        0.0,
        1.0,
        0.0
      ],
      "final_normalize": true
    },
    "synth_sampling_meta": {
      "family_name": "background",
      "slot": "background",
      "source_family": "opxrd_like",
      "preferred_source_family": "opxrd_like",
      "descriptor": {
        "phase_id": "cod_1510474",
        "formula": "UAu2",
        "crystal_system": "trigonal",
        "elements": [
          "Au",
          "U"
        ],
        "density_g_cm3": 17.23078447612148,
        "avg_z": 83.33333333333333,
        "max_z": 92.0,
        "heavy_fraction": 0.6666666666666666,
        "transition_fraction": 0.6666666666666666,
        "cell_lengths": [
          4.756,
          4.756,
          3.109
        ],
        "cell_angles": [
          90.0,
          90.0,
          119.99999999999999
        ],
        "cell_volume": 60.90248950841195,
        "cell_anisotropy": 1.5297523319395305,
        "anisotropy_index": 0.5297523319395305,
        "theoretical_peak_count": 19,
        "peak_density": 0.2235294117647059,
        "median_gap_deg": 4.027896881103516,
        "crowded_fraction": 0.05555555555555555,
        "isolated_fraction": 0.7777777777777778,
        "simple_topology": true,
        "preferred_po_axis": [
          0,
          0,
          1
        ],
        "fluorescence_bucket": "none",
        "absorption_bucket": "heavy"
      },
      "attempt": 1,
      "donor_rows": {
        "instrument": "1191__opxrd_000584__H1_Mg1_O1",
        "chemistry": "0154__rruff_R050130-1__C1_Ca1_O3",
        "microstructure": "0154__rruff_R050130-1__C1_Ca1_O3",
        "orientation": "0296__rruff_R050443-1__C1_Mg1_O3",
        "background": "0066__rruff_R040126-1__C4_Ca1_Mg3_O12"
      },
      "donor_rwp_percent": {
        "instrument": 5.159210709102735,
        "chemistry": 10.499124209338653,
        "microstructure": 10.499124209338653,
        "orientation": 27.08433368266328,
        "background": 8.894243026156627
      },
      "donor_peak_window_rwp": {
        "instrument": 5.48784949745101,
        "chemistry": 14.501948057757202,
        "microstructure": 14.501948057757202,
        "orientation": 13.745715758604918,
        "background": 11.562371080606463
      },
      "selected_sample_code": "1191__opxrd_000584__H1_Mg1_O1",
      "selected_peak_window_rwp": 5.48784949745101,
      "selected_peak_window_pearson": 0.9997162154875435,
      "selected_background_fraction": 0.5445765611275475
    },
    "original_sample_dir": "UAu2_SG164",
    "original_cif_path": "phase.cif",
    "original_generated_xy_path": "generated.xy",
    "original_generation_params_json": "generation_params.json",
    "original_generation_quality_json": "generation_quality.json"
  },
  "quality": {
    "note": "These are theory-vs-generated synthetic quality indicators plus donor-template quality provenance. They are not Rietveld fit-to-experiment outputs.",
    "theory_vs_generated": {
      "profile_pearson": 0.9630478579914845,
      "profile_cosine": 0.9167824325997714,
      "rmse": 2.521583484704298,
      "mae": 2.044380143916467,
      "background_fraction_generated": 4.54215812105486,
      "top_peak_count_used": 19,
      "top_peak_height_log_mae": 13.176899011321789,
      "top_peak_shift_abs_mean_deg": 0.24157895539936228,
      "peak_window_pearson": 0.9638461216780028,
      "peak_window_cosine": 0.9563037955646254
    },
    "donor_template_quality": {
      "selected_sample_code": "1191__opxrd_000584__H1_Mg1_O1",
      "selected_peak_window_rwp": 5.48784949745101,
      "selected_peak_window_pearson": 0.9997162154875435,
      "selected_background_fraction": 0.5445765611275475,
      "donor_rows": {
        "instrument": "1191__opxrd_000584__H1_Mg1_O1",
        "chemistry": "0154__rruff_R050130-1__C1_Ca1_O3",
        "microstructure": "0154__rruff_R050130-1__C1_Ca1_O3",
        "orientation": "0296__rruff_R050443-1__C1_Mg1_O3",
        "background": "0066__rruff_R040126-1__C4_Ca1_Mg3_O12"
      },
      "donor_rwp_percent": {
        "instrument": 5.159210709102735,
        "chemistry": 10.499124209338653,
        "microstructure": 10.499124209338653,
        "orientation": 27.08433368266328,
        "background": 8.894243026156627
      },
      "donor_peak_window_rwp": {
        "instrument": 5.48784949745101,
        "chemistry": 14.501948057757202,
        "microstructure": 14.501948057757202,
        "orientation": 13.745715758604918,
        "background": 11.562371080606463
      }
    }
  },
  "generation_tier": "strict_core"
}
