{
  "sample_name": "SiS2_92",
  "phase_id": "cod_9016349",
  "formula": "SiS2",
  "space_group": 92,
  "space_group_symbol": "P4_12_12",
  "crystal_system": "tetragonal",
  "source_origin": "cod",
  "slot": "profile",
  "formula_group_id": "S2|Si1::sg::92",
  "descriptor": {
    "phase_id": "cod_9016349",
    "formula": "SiS2",
    "crystal_system": "tetragonal",
    "elements": [
      "S",
      "Si"
    ],
    "density_g_cm3": 2.5958851101829854,
    "avg_z": 15.333333333333334,
    "max_z": 16.0,
    "heavy_fraction": 0.0,
    "transition_fraction": 0.0,
    "cell_lengths": [
      5.888,
      5.888,
      6.806
    ],
    "cell_angles": [
      90.0,
      90.0,
      90.0
    ],
    "cell_volume": 235.954110464,
    "cell_anisotropy": 1.1559103260869565,
    "anisotropy_index": 0.15591032608695654,
    "theoretical_peak_count": 71,
    "peak_density": 0.8352941176470589,
    "median_gap_deg": 0.52069091796875,
    "crowded_fraction": 0.37142857142857144,
    "isolated_fraction": 0.38571428571428573,
    "simple_topology": false,
    "preferred_po_axis": [
      0,
      0,
      1
    ],
    "fluorescence_bucket": "none",
    "absorption_bucket": "light"
  },
  "generation": {
    "theta_min": 5.0,
    "theta_max": 90.0,
    "num_points": 8501,
    "template_rwp_percent": 20.538160106639065,
    "template_peak_window_rwp": 17.54785920227529,
    "template_peak_window_pearson": 0.9936370924711724,
    "synth_params": {
      "ka1": 1.5405929,
      "ka2": 1.5444274,
      "use_tch_profile": true,
      "sigma_scale": 0.915935817612402,
      "kb_ratio": 0.01500880233919089,
      "use_fcj_asymmetry": true,
      "detector_nonlinearity": 0.0,
      "use_ka2": true,
      "caglioti_u": 0.031390575609021656,
      "kb": 1.39225,
      "caglioti_w": 0.0018448797995058975,
      "detector_deadtime_coeff": 0.0,
      "axial_s_over_l": 0.0012,
      "sigma_min_deg": 0.008,
      "ka2_ratio": 0.48492173130236843,
      "caglioti_v": 0.007351125729718566,
      "sigma_deg": 0.019353384537189586,
      "use_kbeta": true,
      "beam_sample_ratio": 0.05,
      "fluorescence_level": 0.0,
      "muR": 0.0,
      "trns": 0.0,
      "fluorescence_decay": 3.0,
      "lorentz_z": 6.633015033555123e-05,
      "strain": 0.0003562723988864338,
      "pseudo_voigt_eta": -0.024116206673697554,
      "lorentz_size": 0.0004653576181728579,
      "macro_strain": -0.0003476830738820363,
      "sample_displacement_sr": -0.0006422826420023623,
      "size_nm": 85.90193379549967,
      "delta_deg": 0.04197505154817054,
      "lorentz_strain": 0.009,
      "po_r": 1.0,
      "air_scatter_level": 1e-08,
      "b3": -0.1848624278005454,
      "scatter_sigma_deg": 6.0,
      "b4": 0.20595308036552476,
      "scatter_level": 1e-08,
      "compton_level": 1e-08,
      "holder_scatter_center_deg": 15.0,
      "a": 2.456521703905162,
      "holder_scatter_level": 1e-08,
      "scatter_center_deg": 15.0,
      "b5": -1.0196444166448001e-06,
      "poisson_counts_max": 3486.5,
      "air_scatter_floor": 0.05,
      "b1": -4.44554467722384,
      "b0": 21.288767814184258,
      "b2": -1.9952642435986017,
      "holder_scatter_sigma_deg": 4.0,
      "po_hkl_axis": [
        1.0,
        0.0,
        0.0
      ],
      "final_normalize": true
    },
    "synth_sampling_meta": {
      "family_name": "profile",
      "slot": "profile",
      "source_family": "opxrd_like",
      "preferred_source_family": "opxrd_like",
      "descriptor": {
        "phase_id": "cod_9016349",
        "formula": "SiS2",
        "crystal_system": "tetragonal",
        "elements": [
          "S",
          "Si"
        ],
        "density_g_cm3": 2.5958851101829854,
        "avg_z": 15.333333333333334,
        "max_z": 16.0,
        "heavy_fraction": 0.0,
        "transition_fraction": 0.0,
        "cell_lengths": [
          5.888,
          5.888,
          6.806
        ],
        "cell_angles": [
          90.0,
          90.0,
          90.0
        ],
        "cell_volume": 235.954110464,
        "cell_anisotropy": 1.1559103260869565,
        "anisotropy_index": 0.15591032608695654,
        "theoretical_peak_count": 71,
        "peak_density": 0.8352941176470589,
        "median_gap_deg": 0.52069091796875,
        "crowded_fraction": 0.37142857142857144,
        "isolated_fraction": 0.38571428571428573,
        "simple_topology": false,
        "preferred_po_axis": [
          0,
          0,
          1
        ],
        "fluorescence_bucket": "none",
        "absorption_bucket": "light"
      },
      "attempt": 1,
      "donor_rows": {
        "instrument": "1191__opxrd_000584__H1_Mg1_O1",
        "chemistry": "1191__opxrd_000584__H1_Mg1_O1",
        "microstructure": "0257__rruff_R050372-1__Cl2_Cu1_H4_O4_Pb2",
        "orientation": "0010__rruff_R040017-1__O2_Sn1",
        "background": "1191__opxrd_000584__H1_Mg1_O1"
      },
      "donor_rwp_percent": {
        "instrument": 5.159210709102735,
        "chemistry": 5.159210709102735,
        "microstructure": 23.550538519811,
        "orientation": 11.310710506171425,
        "background": 5.159210709102735
      },
      "donor_peak_window_rwp": {
        "instrument": 5.48784949745101,
        "chemistry": 5.48784949745101,
        "microstructure": 21.482046825450762,
        "orientation": 13.039616858422296,
        "background": 5.48784949745101
      },
      "selected_sample_code": "1191__opxrd_000584__H1_Mg1_O1",
      "selected_peak_window_rwp": 5.48784949745101,
      "selected_peak_window_pearson": 0.9997162154875435,
      "selected_background_fraction": 0.5127638626915709
    },
    "original_sample_dir": "SiS2_SG92",
    "original_cif_path": "phase.cif",
    "original_generated_xy_path": "generated.xy",
    "original_generation_params_json": "generation_params.json",
    "original_generation_quality_json": "generation_quality.json"
  },
  "quality": {
    "note": "These are theory-vs-generated synthetic quality indicators plus donor-template quality provenance. They are not Rietveld fit-to-experiment outputs.",
    "theory_vs_generated": {
      "profile_pearson": 0.49448475254096447,
      "profile_cosine": 0.5107699165158184,
      "rmse": 4.98499127368802,
      "mae": 1.9691472013110174,
      "background_fraction_generated": 10.017808249939467,
      "top_peak_count_used": 20,
      "top_peak_height_log_mae": 13.942766327766757,
      "top_peak_shift_abs_mean_deg": 0.2727098274230958,
      "peak_window_pearson": 0.40370933849442414,
      "peak_window_cosine": 0.5214998808505604
    },
    "donor_template_quality": {
      "selected_sample_code": "1191__opxrd_000584__H1_Mg1_O1",
      "selected_peak_window_rwp": 5.48784949745101,
      "selected_peak_window_pearson": 0.9997162154875435,
      "selected_background_fraction": 0.5127638626915709,
      "donor_rows": {
        "instrument": "1191__opxrd_000584__H1_Mg1_O1",
        "chemistry": "1191__opxrd_000584__H1_Mg1_O1",
        "microstructure": "0257__rruff_R050372-1__Cl2_Cu1_H4_O4_Pb2",
        "orientation": "0010__rruff_R040017-1__O2_Sn1",
        "background": "1191__opxrd_000584__H1_Mg1_O1"
      },
      "donor_rwp_percent": {
        "instrument": 5.159210709102735,
        "chemistry": 5.159210709102735,
        "microstructure": 23.550538519811,
        "orientation": 11.310710506171425,
        "background": 5.159210709102735
      },
      "donor_peak_window_rwp": {
        "instrument": 5.48784949745101,
        "chemistry": 5.48784949745101,
        "microstructure": 21.482046825450762,
        "orientation": 13.039616858422296,
        "background": 5.48784949745101
      }
    }
  },
  "generation_tier": "strict_core"
}
