{
  "sample_name": "SmBO3_1",
  "phase_id": "cod_1511275",
  "formula": "SmBO3",
  "space_group": 1,
  "space_group_symbol": "P1",
  "crystal_system": "triclinic",
  "source_origin": "cod",
  "slot": "profile",
  "formula_group_id": "B1|O3|Sm1::sg::1",
  "descriptor": {
    "phase_id": "cod_1511275",
    "formula": "SmBO3",
    "crystal_system": "triclinic",
    "elements": [
      "B",
      "O",
      "Sm"
    ],
    "density_g_cm3": 5.886078162528505,
    "avg_z": 18.2,
    "max_z": 62.0,
    "heavy_fraction": 0.2,
    "transition_fraction": 0.0,
    "cell_lengths": [
      6.242,
      6.492999999999999,
      6.499
    ],
    "cell_angles": [
      93.33,
      107.79,
      107.42000000000002
    ],
    "cell_volume": 236.03738790008578,
    "cell_anisotropy": 1.0411727010573533,
    "anisotropy_index": 0.04117270105735327,
    "theoretical_peak_count": 375,
    "peak_density": 4.411764705882353,
    "median_gap_deg": 0.09259796142578125,
    "crowded_fraction": 0.8609625668449198,
    "isolated_fraction": 0.026737967914438502,
    "simple_topology": false,
    "preferred_po_axis": [
      0,
      0,
      1
    ],
    "fluorescence_bucket": "none",
    "absorption_bucket": "medium"
  },
  "generation": {
    "theta_min": 5.0,
    "theta_max": 90.0,
    "num_points": 8501,
    "template_rwp_percent": 9.386449293533015,
    "template_peak_window_rwp": 12.754118396210337,
    "template_peak_window_pearson": 0.9908575696780731,
    "synth_params": {
      "ka1": 1.5405929,
      "ka2": 1.5444274,
      "use_tch_profile": true,
      "sigma_scale": 0.915935817612402,
      "kb_ratio": 0.01500880233919089,
      "use_fcj_asymmetry": true,
      "detector_nonlinearity": 0.0,
      "use_ka2": true,
      "caglioti_u": 0.031390575609021656,
      "kb": 1.39225,
      "caglioti_w": 0.0018448797995058975,
      "detector_deadtime_coeff": 0.0,
      "axial_s_over_l": 0.0012,
      "sigma_min_deg": 0.008,
      "ka2_ratio": 0.48492173130236843,
      "caglioti_v": 0.007351125729718566,
      "sigma_deg": 0.019353384537189586,
      "use_kbeta": true,
      "beam_sample_ratio": 0.05,
      "fluorescence_level": 0.0,
      "muR": 0.01,
      "trns": 0.0,
      "fluorescence_decay": 3.0,
      "lorentz_z": 0.0006354236605504738,
      "strain": 0.0005623481484309537,
      "pseudo_voigt_eta": -0.038100561423341936,
      "lorentz_size": 0.009908334125014644,
      "macro_strain": 0.0,
      "sample_displacement_sr": -0.0006395883059202719,
      "size_nm": 163.18766738680247,
      "delta_deg": -0.009486637070985168,
      "lorentz_strain": 0.009,
      "po_r": 1.0,
      "air_scatter_level": 1.5907038977871186,
      "b3": 0.02283175349618308,
      "scatter_sigma_deg": 5.156430802775118,
      "b4": 0.32860030236424476,
      "scatter_level": 3.1759909709444933,
      "compton_level": 0.4800825260672018,
      "holder_scatter_center_deg": 11.91413576601708,
      "a": 1.0,
      "holder_scatter_level": 0.6919050589280804,
      "scatter_center_deg": 8.146391564318778,
      "b5": -0.20459406095561344,
      "poisson_counts_max": 1251.1499999999999,
      "air_scatter_floor": 0.09672719916061455,
      "b1": 1.2222283252149024,
      "b0": 0.27781991930384115,
      "b2": -0.6422657954948048,
      "holder_scatter_sigma_deg": 8.413581288058332,
      "po_hkl_axis": [
        0.0,
        1.0,
        0.0
      ],
      "final_normalize": true
    },
    "synth_sampling_meta": {
      "family_name": "profile",
      "slot": "profile",
      "source_family": "opxrd_like",
      "preferred_source_family": "opxrd_like",
      "descriptor": {
        "phase_id": "cod_1511275",
        "formula": "SmBO3",
        "crystal_system": "triclinic",
        "elements": [
          "B",
          "O",
          "Sm"
        ],
        "density_g_cm3": 5.886078162528505,
        "avg_z": 18.2,
        "max_z": 62.0,
        "heavy_fraction": 0.2,
        "transition_fraction": 0.0,
        "cell_lengths": [
          6.242,
          6.492999999999999,
          6.499
        ],
        "cell_angles": [
          93.33,
          107.79,
          107.42000000000002
        ],
        "cell_volume": 236.03738790008578,
        "cell_anisotropy": 1.0411727010573533,
        "anisotropy_index": 0.04117270105735327,
        "theoretical_peak_count": 375,
        "peak_density": 4.411764705882353,
        "median_gap_deg": 0.09259796142578125,
        "crowded_fraction": 0.8609625668449198,
        "isolated_fraction": 0.026737967914438502,
        "simple_topology": false,
        "preferred_po_axis": [
          0,
          0,
          1
        ],
        "fluorescence_bucket": "none",
        "absorption_bucket": "medium"
      },
      "attempt": 1,
      "donor_rows": {
        "instrument": "1191__opxrd_000584__H1_Mg1_O1",
        "chemistry": "1191__opxrd_000584__H1_Mg1_O1",
        "microstructure": "1191__opxrd_000584__H1_Mg1_O1",
        "orientation": "1191__opxrd_000584__H1_Mg1_O1",
        "background": "0098__rruff_R050009-1__C1_Ca1_O3"
      },
      "donor_rwp_percent": {
        "instrument": 5.159210709102735,
        "chemistry": 5.159210709102735,
        "microstructure": 5.159210709102735,
        "orientation": 5.159210709102735,
        "background": 10.473963597060688
      },
      "donor_peak_window_rwp": {
        "instrument": 5.48784949745101,
        "chemistry": 5.48784949745101,
        "microstructure": 5.48784949745101,
        "orientation": 5.48784949745101,
        "background": 13.939634579044661
      },
      "selected_sample_code": "1191__opxrd_000584__H1_Mg1_O1",
      "selected_peak_window_rwp": 5.48784949745101,
      "selected_peak_window_pearson": 0.9997162154875435,
      "selected_background_fraction": 0.33789056758532876
    },
    "original_sample_dir": "SmBO3_SG1",
    "original_cif_path": "phase.cif",
    "original_generated_xy_path": "generated.xy",
    "original_generation_params_json": "generation_params.json",
    "original_generation_quality_json": "generation_quality.json"
  },
  "quality": {
    "note": "These are theory-vs-generated synthetic quality indicators plus donor-template quality provenance. They are not Rietveld fit-to-experiment outputs.",
    "theory_vs_generated": {
      "profile_pearson": 0.8001560108186231,
      "profile_cosine": 0.817905765330047,
      "rmse": 4.893763499039416,
      "mae": 2.2273080155250673,
      "background_fraction_generated": 1.1956424094699796,
      "top_peak_count_used": 20,
      "top_peak_height_log_mae": 0.22515265978876514,
      "top_peak_shift_abs_mean_deg": 0.1073579635620118,
      "peak_window_pearson": 0.7437152849499977,
      "peak_window_cosine": 0.8162618657101568
    },
    "donor_template_quality": {
      "selected_sample_code": "1191__opxrd_000584__H1_Mg1_O1",
      "selected_peak_window_rwp": 5.48784949745101,
      "selected_peak_window_pearson": 0.9997162154875435,
      "selected_background_fraction": 0.33789056758532876,
      "donor_rows": {
        "instrument": "1191__opxrd_000584__H1_Mg1_O1",
        "chemistry": "1191__opxrd_000584__H1_Mg1_O1",
        "microstructure": "1191__opxrd_000584__H1_Mg1_O1",
        "orientation": "1191__opxrd_000584__H1_Mg1_O1",
        "background": "0098__rruff_R050009-1__C1_Ca1_O3"
      },
      "donor_rwp_percent": {
        "instrument": 5.159210709102735,
        "chemistry": 5.159210709102735,
        "microstructure": 5.159210709102735,
        "orientation": 5.159210709102735,
        "background": 10.473963597060688
      },
      "donor_peak_window_rwp": {
        "instrument": 5.48784949745101,
        "chemistry": 5.48784949745101,
        "microstructure": 5.48784949745101,
        "orientation": 5.48784949745101,
        "background": 13.939634579044661
      }
    }
  },
  "generation_tier": "strict_core"
}
