{
  "sample_name": "MgO_156",
  "phase_id": "mp-775808",
  "formula": "MgO",
  "space_group": 156,
  "space_group_symbol": "P3m1",
  "crystal_system": "trigonal",
  "source_origin": "materials_project",
  "slot": "profile",
  "formula_group_id": "Mg1|O1::sg::156",
  "descriptor": {
    "phase_id": "mp-775808",
    "formula": "MgO",
    "crystal_system": "trigonal",
    "elements": [
      "Mg",
      "O"
    ],
    "density_g_cm3": 12.148694688426628,
    "avg_z": 10.117647058823529,
    "max_z": 12.0,
    "heavy_fraction": 0.0,
    "transition_fraction": 0.0,
    "cell_lengths": [
      3.25921014,
      3.25916582,
      15.46054298
    ],
    "cell_angles": [
      90.01737923000002,
      89.98568035,
      120.02951487
    ],
    "cell_volume": 142.1821019373324,
    "cell_anisotropy": 4.743711683868849,
    "anisotropy_index": 3.743711683868849,
    "theoretical_peak_count": 213,
    "peak_density": 2.5058823529411764,
    "median_gap_deg": 0.005252838134765625,
    "crowded_fraction": 0.8113207547169812,
    "isolated_fraction": 0.1179245283018868,
    "simple_topology": false,
    "preferred_po_axis": [
      0,
      0,
      1
    ],
    "fluorescence_bucket": "none",
    "absorption_bucket": "medium"
  },
  "generation": {
    "theta_min": 5.0,
    "theta_max": 90.0,
    "num_points": 8501,
    "template_rwp_percent": 27.08433368266328,
    "template_peak_window_rwp": 13.745715758604918,
    "template_peak_window_pearson": 0.9972437717636932,
    "synth_params": {
      "ka1": 1.5405929,
      "ka2": 1.5444274,
      "use_tch_profile": true,
      "sigma_scale": 0.915935817612402,
      "kb_ratio": 0.01500880233919089,
      "use_fcj_asymmetry": true,
      "detector_nonlinearity": 0.0,
      "use_ka2": true,
      "caglioti_u": 0.031390575609021656,
      "kb": 1.39225,
      "caglioti_w": 0.0018448797995058975,
      "detector_deadtime_coeff": 0.0,
      "axial_s_over_l": 0.0012,
      "sigma_min_deg": 0.008,
      "ka2_ratio": 0.48492173130236843,
      "caglioti_v": 0.007351125729718566,
      "sigma_deg": 0.019353384537189586,
      "use_kbeta": true,
      "beam_sample_ratio": 0.05,
      "fluorescence_level": 0.0,
      "muR": 0.01,
      "trns": 0.0,
      "fluorescence_decay": 3.0,
      "lorentz_z": 0.014473165627292143,
      "strain": 0.000579747929110386,
      "pseudo_voigt_eta": -0.04996940622818023,
      "lorentz_size": 0.00011488281367624397,
      "macro_strain": 0.0,
      "sample_displacement_sr": -0.00020000257415803656,
      "size_nm": 180.0,
      "delta_deg": -0.010000658332223796,
      "lorentz_strain": 0.00014177554357049798,
      "po_r": 1.0,
      "air_scatter_level": 1e-08,
      "b3": -0.1848624278005454,
      "scatter_sigma_deg": 6.0,
      "b4": 0.20595308036552476,
      "scatter_level": 1e-08,
      "compton_level": 1e-08,
      "holder_scatter_center_deg": 15.0,
      "a": 2.456521703905162,
      "holder_scatter_level": 1e-08,
      "scatter_center_deg": 15.0,
      "b5": -1.0196444166448001e-06,
      "poisson_counts_max": 3486.5,
      "air_scatter_floor": 0.05,
      "b1": -4.44554467722384,
      "b0": 21.288767814184258,
      "b2": -1.9952642435986017,
      "holder_scatter_sigma_deg": 4.0,
      "po_hkl_axis": [
        0.0,
        1.0,
        0.0
      ],
      "final_normalize": true
    },
    "synth_sampling_meta": {
      "family_name": "profile",
      "slot": "profile",
      "source_family": "opxrd_like",
      "preferred_source_family": "opxrd_like",
      "descriptor": {
        "phase_id": "mp-775808",
        "formula": "MgO",
        "crystal_system": "trigonal",
        "elements": [
          "Mg",
          "O"
        ],
        "density_g_cm3": 12.148694688426628,
        "avg_z": 10.117647058823529,
        "max_z": 12.0,
        "heavy_fraction": 0.0,
        "transition_fraction": 0.0,
        "cell_lengths": [
          3.25921014,
          3.25916582,
          15.46054298
        ],
        "cell_angles": [
          90.01737923000002,
          89.98568035,
          120.02951487
        ],
        "cell_volume": 142.1821019373324,
        "cell_anisotropy": 4.743711683868849,
        "anisotropy_index": 3.743711683868849,
        "theoretical_peak_count": 213,
        "peak_density": 2.5058823529411764,
        "median_gap_deg": 0.005252838134765625,
        "crowded_fraction": 0.8113207547169812,
        "isolated_fraction": 0.1179245283018868,
        "simple_topology": false,
        "preferred_po_axis": [
          0,
          0,
          1
        ],
        "fluorescence_bucket": "none",
        "absorption_bucket": "medium"
      },
      "attempt": 1,
      "donor_rows": {
        "instrument": "1191__opxrd_000584__H1_Mg1_O1",
        "chemistry": "0066__rruff_R040126-1__C4_Ca1_Mg3_O12",
        "microstructure": "0154__rruff_R050130-1__C1_Ca1_O3",
        "orientation": "0152__rruff_R050128-1__C1_Ca1_O3",
        "background": "1191__opxrd_000584__H1_Mg1_O1"
      },
      "donor_rwp_percent": {
        "instrument": 5.159210709102735,
        "chemistry": 8.894243026156627,
        "microstructure": 10.499124209338653,
        "orientation": 10.060210456264361,
        "background": 5.159210709102735
      },
      "donor_peak_window_rwp": {
        "instrument": 5.48784949745101,
        "chemistry": 11.562371080606463,
        "microstructure": 14.501948057757202,
        "orientation": 12.829743047113176,
        "background": 5.48784949745101
      },
      "selected_sample_code": "1191__opxrd_000584__H1_Mg1_O1",
      "selected_peak_window_rwp": 5.48784949745101,
      "selected_peak_window_pearson": 0.9997162154875435,
      "selected_background_fraction": 0.5127638626915709
    },
    "original_sample_dir": "MgO_SG156",
    "original_cif_path": "phase.cif",
    "original_generated_xy_path": "generated.xy",
    "original_generation_params_json": "generation_params.json",
    "original_generation_quality_json": "generation_quality.json"
  },
  "quality": {
    "note": "These are theory-vs-generated synthetic quality indicators plus donor-template quality provenance. They are not Rietveld fit-to-experiment outputs.",
    "theory_vs_generated": {
      "profile_pearson": 0.9511918986627058,
      "profile_cosine": 0.9384516489037957,
      "rmse": 3.1737873942396315,
      "mae": 1.8980712230468515,
      "background_fraction_generated": 6.999969879726349,
      "top_peak_count_used": 20,
      "top_peak_height_log_mae": 0.5107361315705985,
      "top_peak_shift_abs_mean_deg": 0.024501778602601165,
      "peak_window_pearson": 0.9533002518573398,
      "peak_window_cosine": 0.9533267973451232
    },
    "donor_template_quality": {
      "selected_sample_code": "1191__opxrd_000584__H1_Mg1_O1",
      "selected_peak_window_rwp": 5.48784949745101,
      "selected_peak_window_pearson": 0.9997162154875435,
      "selected_background_fraction": 0.5127638626915709,
      "donor_rows": {
        "instrument": "1191__opxrd_000584__H1_Mg1_O1",
        "chemistry": "0066__rruff_R040126-1__C4_Ca1_Mg3_O12",
        "microstructure": "0154__rruff_R050130-1__C1_Ca1_O3",
        "orientation": "0152__rruff_R050128-1__C1_Ca1_O3",
        "background": "1191__opxrd_000584__H1_Mg1_O1"
      },
      "donor_rwp_percent": {
        "instrument": 5.159210709102735,
        "chemistry": 8.894243026156627,
        "microstructure": 10.499124209338653,
        "orientation": 10.060210456264361,
        "background": 5.159210709102735
      },
      "donor_peak_window_rwp": {
        "instrument": 5.48784949745101,
        "chemistry": 11.562371080606463,
        "microstructure": 14.501948057757202,
        "orientation": 12.829743047113176,
        "background": 5.48784949745101
      }
    }
  },
  "generation_tier": "strict_core"
}
