{
  "sample_name": "Se_63",
  "phase_id": "mp-1009757",
  "formula": "Se",
  "space_group": 63,
  "space_group_symbol": "Cmcm",
  "crystal_system": "orthorhombic",
  "source_origin": "materials_project",
  "slot": "anchor",
  "formula_group_id": "Se1::sg::63",
  "descriptor": {
    "phase_id": "mp-1009757",
    "formula": "Se",
    "crystal_system": "orthorhombic",
    "elements": [
      "Se"
    ],
    "density_g_cm3": 5.046744456956936,
    "avg_z": 34.0,
    "max_z": 34.0,
    "heavy_fraction": 0.0,
    "transition_fraction": 0.0,
    "cell_lengths": [
      2.78853886,
      8.07800553,
      4.6134314
    ],
    "cell_angles": [
      90.0,
      90.0,
      90.0
    ],
    "cell_volume": 103.92138219019952,
    "cell_anisotropy": 2.8968595868877367,
    "anisotropy_index": 1.8968595868877367,
    "theoretical_peak_count": 32,
    "peak_density": 0.3764705882352941,
    "median_gap_deg": 1.6408920288085938,
    "crowded_fraction": 0.12903225806451613,
    "isolated_fraction": 0.6129032258064516,
    "simple_topology": false,
    "preferred_po_axis": [
      0,
      1,
      0
    ],
    "fluorescence_bucket": "none",
    "absorption_bucket": "medium"
  },
  "generation": {
    "theta_min": 5.0,
    "theta_max": 90.0,
    "num_points": 8501,
    "template_rwp_percent": 10.842870596894375,
    "template_peak_window_rwp": 9.019290975003878,
    "template_peak_window_pearson": 0.9923523761905567,
    "synth_params": {
      "ka1": 1.5405929,
      "ka2": 1.5444274,
      "use_tch_profile": true,
      "sigma_scale": 0.9440362830576552,
      "kb_ratio": 0.015008100559655416,
      "use_fcj_asymmetry": true,
      "detector_nonlinearity": 0.0,
      "use_ka2": true,
      "caglioti_u": 0.003279074167112672,
      "kb": 1.39225,
      "caglioti_w": 0.0010019906393954538,
      "detector_deadtime_coeff": 0.0,
      "axial_s_over_l": 0.00119999999999995,
      "sigma_min_deg": 0.008,
      "ka2_ratio": 0.48502655784215637,
      "caglioti_v": -0.005646438125445374,
      "sigma_deg": 0.009060480593718376,
      "use_kbeta": true,
      "beam_sample_ratio": 0.04999999999999995,
      "fluorescence_level": 0.0,
      "muR": 0.05993893297052647,
      "trns": 0.08,
      "fluorescence_decay": 3.0,
      "lorentz_z": 0.0025615741864937146,
      "strain": 0.00035251942474801733,
      "pseudo_voigt_eta": 0.019998137563054755,
      "lorentz_size": 0.03,
      "macro_strain": 0.0007754606980393147,
      "sample_displacement_sr": -0.0004363673523633122,
      "size_nm": 214.42985623728077,
      "delta_deg": -0.00985351084817813,
      "lorentz_strain": 0.008,
      "po_r": 1.0,
      "air_scatter_level": 5.500000000000385e-09,
      "b3": 6.3203101563040995e-06,
      "scatter_sigma_deg": 6.0,
      "b4": -2.7325016753084457e-06,
      "scatter_level": 5.499999999998345e-09,
      "compton_level": 5.499999999999996e-09,
      "holder_scatter_center_deg": 15.0,
      "a": 0.977906046144876,
      "holder_scatter_level": 5.500000000002196e-09,
      "scatter_center_deg": 15.0,
      "b5": 1.6491811420758495e-06,
      "poisson_counts_max": 2584.7999999999997,
      "air_scatter_floor": 0.049999999999999996,
      "b1": -1.0621837808842336,
      "b0": 2.7818043743245324,
      "b2": 0.8246859397168971,
      "holder_scatter_sigma_deg": 4.0,
      "po_hkl_axis": [
        0.0,
        0.0,
        1.0
      ],
      "final_normalize": true
    },
    "synth_sampling_meta": {
      "family_name": "anchor",
      "slot": "anchor",
      "source_family": "rruff_like",
      "preferred_source_family": "rruff_like",
      "descriptor": {
        "phase_id": "mp-1009757",
        "formula": "Se",
        "crystal_system": "orthorhombic",
        "elements": [
          "Se"
        ],
        "density_g_cm3": 5.046744456956936,
        "avg_z": 34.0,
        "max_z": 34.0,
        "heavy_fraction": 0.0,
        "transition_fraction": 0.0,
        "cell_lengths": [
          2.78853886,
          8.07800553,
          4.6134314
        ],
        "cell_angles": [
          90.0,
          90.0,
          90.0
        ],
        "cell_volume": 103.92138219019952,
        "cell_anisotropy": 2.8968595868877367,
        "anisotropy_index": 1.8968595868877367,
        "theoretical_peak_count": 32,
        "peak_density": 0.3764705882352941,
        "median_gap_deg": 1.6408920288085938,
        "crowded_fraction": 0.12903225806451613,
        "isolated_fraction": 0.6129032258064516,
        "simple_topology": false,
        "preferred_po_axis": [
          0,
          1,
          0
        ],
        "fluorescence_bucket": "none",
        "absorption_bucket": "medium"
      },
      "attempt": 1,
      "donor_rows": {
        "instrument": "0144__rruff_R050115-1__Ca1_F2",
        "chemistry": "0144__rruff_R050115-1__Ca1_F2",
        "microstructure": "0249__rruff_R050363-1__O2_Ti1",
        "orientation": "0249__rruff_R050363-1__O2_Ti1",
        "background": "0144__rruff_R050115-1__Ca1_F2"
      },
      "donor_rwp_percent": {
        "instrument": 10.8136128591309,
        "chemistry": 10.8136128591309,
        "microstructure": 14.776303909097866,
        "orientation": 14.776303909097866,
        "background": 10.8136128591309
      },
      "donor_peak_window_rwp": {
        "instrument": 14.273780930421212,
        "chemistry": 14.273780930421212,
        "microstructure": 20.08462830562262,
        "orientation": 20.08462830562262,
        "background": 14.273780930421212
      },
      "selected_sample_code": "0144__rruff_R050115-1__Ca1_F2",
      "selected_peak_window_rwp": 14.273780930421212,
      "selected_peak_window_pearson": 0.9900974432048891,
      "selected_background_fraction": 0.2583068632884111
    },
    "original_sample_dir": "Se_SG63",
    "original_cif_path": "phase.cif",
    "original_generated_xy_path": "generated.xy",
    "original_generation_params_json": "generation_params.json",
    "original_generation_quality_json": "generation_quality.json"
  },
  "quality": {
    "note": "These are theory-vs-generated synthetic quality indicators plus donor-template quality provenance. They are not Rietveld fit-to-experiment outputs.",
    "theory_vs_generated": {
      "profile_pearson": 0.9687458327781283,
      "profile_cosine": 0.9644003837545403,
      "rmse": 1.7960214347604972,
      "mae": 0.9258728640923539,
      "background_fraction_generated": 1.3257182626613953,
      "top_peak_count_used": 20,
      "top_peak_height_log_mae": 0.23581631166982917,
      "top_peak_shift_abs_mean_deg": 0.039741439819335866,
      "peak_window_pearson": 0.9680894047258399,
      "peak_window_cosine": 0.9678661915963516
    },
    "donor_template_quality": {
      "selected_sample_code": "0144__rruff_R050115-1__Ca1_F2",
      "selected_peak_window_rwp": 14.273780930421212,
      "selected_peak_window_pearson": 0.9900974432048891,
      "selected_background_fraction": 0.2583068632884111,
      "donor_rows": {
        "instrument": "0144__rruff_R050115-1__Ca1_F2",
        "chemistry": "0144__rruff_R050115-1__Ca1_F2",
        "microstructure": "0249__rruff_R050363-1__O2_Ti1",
        "orientation": "0249__rruff_R050363-1__O2_Ti1",
        "background": "0144__rruff_R050115-1__Ca1_F2"
      },
      "donor_rwp_percent": {
        "instrument": 10.8136128591309,
        "chemistry": 10.8136128591309,
        "microstructure": 14.776303909097866,
        "orientation": 14.776303909097866,
        "background": 10.8136128591309
      },
      "donor_peak_window_rwp": {
        "instrument": 14.273780930421212,
        "chemistry": 14.273780930421212,
        "microstructure": 20.08462830562262,
        "orientation": 20.08462830562262,
        "background": 14.273780930421212
      }
    }
  },
  "generation_tier": "strict_core"
}
