{
  "sample_name": "Te_12",
  "phase_id": "mp-570459",
  "formula": "Te",
  "space_group": 12,
  "space_group_symbol": "C2/m",
  "crystal_system": "monoclinic",
  "source_origin": "materials_project",
  "slot": "background",
  "formula_group_id": "Te1::sg::12",
  "descriptor": {
    "phase_id": "mp-570459",
    "formula": "Te",
    "crystal_system": "monoclinic",
    "elements": [
      "Te"
    ],
    "density_g_cm3": 6.480408005535913,
    "avg_z": 52.0,
    "max_z": 52.0,
    "heavy_fraction": 1.0,
    "transition_fraction": 0.0,
    "cell_lengths": [
      7.640578859999999,
      4.2964052,
      5.97683447
    ],
    "cell_angles": [
      90.0,
      90.90393885,
      90.0
    ],
    "cell_volume": 196.17726385115432,
    "cell_anisotropy": 1.7783655182243983,
    "anisotropy_index": 0.7783655182243983,
    "theoretical_peak_count": 90,
    "peak_density": 1.0588235294117647,
    "median_gap_deg": 0.37769317626953125,
    "crowded_fraction": 0.4943820224719101,
    "isolated_fraction": 0.15730337078651685,
    "simple_topology": false,
    "preferred_po_axis": [
      1,
      0,
      0
    ],
    "fluorescence_bucket": "none",
    "absorption_bucket": "heavy"
  },
  "generation": {
    "theta_min": 5.0,
    "theta_max": 90.0,
    "num_points": 8501,
    "template_rwp_percent": 15.143708118394594,
    "template_peak_window_rwp": 18.848401616478842,
    "template_peak_window_pearson": 0.9850067327473799,
    "synth_params": {
      "ka1": 1.5405929,
      "ka2": 1.5444274,
      "use_tch_profile": true,
      "sigma_scale": 0.915935817612402,
      "kb_ratio": 0.01500880233919089,
      "use_fcj_asymmetry": true,
      "detector_nonlinearity": 0.0,
      "use_ka2": true,
      "caglioti_u": 0.031390575609021656,
      "kb": 1.39225,
      "caglioti_w": 0.0018448797995058975,
      "detector_deadtime_coeff": 0.0,
      "axial_s_over_l": 0.0012,
      "sigma_min_deg": 0.008,
      "ka2_ratio": 0.48492173130236843,
      "caglioti_v": 0.007351125729718566,
      "sigma_deg": 0.01878969372542678,
      "use_kbeta": true,
      "beam_sample_ratio": 0.05,
      "fluorescence_level": 0.0,
      "muR": 0.04,
      "trns": 0.0,
      "fluorescence_decay": 3.0,
      "lorentz_z": 0.0001526196370376269,
      "strain": 7.906181326773574e-05,
      "pseudo_voigt_eta": -0.008833021323642791,
      "lorentz_size": 0.002953443644027634,
      "macro_strain": 0.00031173845905923365,
      "sample_displacement_sr": -0.0005225417465722805,
      "size_nm": 180.0,
      "delta_deg": -0.005128987452872967,
      "lorentz_strain": 0.004362018995825732,
      "po_r": 1.0,
      "air_scatter_level": 1e-08,
      "b3": -0.1848624278005454,
      "scatter_sigma_deg": 6.0,
      "b4": 0.20595308036552476,
      "scatter_level": 1.2,
      "compton_level": 1e-08,
      "holder_scatter_center_deg": 15.0,
      "a": 2.456521703905162,
      "holder_scatter_level": 1e-08,
      "scatter_center_deg": 15.0,
      "b5": -1.0196444166448001e-06,
      "poisson_counts_max": 3119.5,
      "air_scatter_floor": 0.05,
      "b1": -4.44554467722384,
      "b0": 21.288767814184258,
      "b2": -1.9952642435986017,
      "holder_scatter_sigma_deg": 4.0,
      "po_hkl_axis": [
        0.0,
        1.0,
        0.0
      ],
      "final_normalize": true
    },
    "synth_sampling_meta": {
      "family_name": "background",
      "slot": "background",
      "source_family": "opxrd_like",
      "preferred_source_family": "opxrd_like",
      "descriptor": {
        "phase_id": "mp-570459",
        "formula": "Te",
        "crystal_system": "monoclinic",
        "elements": [
          "Te"
        ],
        "density_g_cm3": 6.480408005535913,
        "avg_z": 52.0,
        "max_z": 52.0,
        "heavy_fraction": 1.0,
        "transition_fraction": 0.0,
        "cell_lengths": [
          7.640578859999999,
          4.2964052,
          5.97683447
        ],
        "cell_angles": [
          90.0,
          90.90393885,
          90.0
        ],
        "cell_volume": 196.17726385115432,
        "cell_anisotropy": 1.7783655182243983,
        "anisotropy_index": 0.7783655182243983,
        "theoretical_peak_count": 90,
        "peak_density": 1.0588235294117647,
        "median_gap_deg": 0.37769317626953125,
        "crowded_fraction": 0.4943820224719101,
        "isolated_fraction": 0.15730337078651685,
        "simple_topology": false,
        "preferred_po_axis": [
          1,
          0,
          0
        ],
        "fluorescence_bucket": "none",
        "absorption_bucket": "heavy"
      },
      "attempt": 1,
      "donor_rows": {
        "instrument": "1191__opxrd_000584__H1_Mg1_O1",
        "chemistry": "0066__rruff_R040126-1__C4_Ca1_Mg3_O12",
        "microstructure": "0363__rruff_R050638-1__C2_Cu3_H2_O8",
        "orientation": "0328__rruff_R050520-1__Be1_Ca1_O5_P1",
        "background": "1191__opxrd_000584__H1_Mg1_O1"
      },
      "donor_rwp_percent": {
        "instrument": 5.159210709102735,
        "chemistry": 8.894243026156627,
        "microstructure": 11.336277291932815,
        "orientation": 13.16757170747424,
        "background": 5.159210709102735
      },
      "donor_peak_window_rwp": {
        "instrument": 5.48784949745101,
        "chemistry": 11.562371080606463,
        "microstructure": 11.208554719735723,
        "orientation": 18.431471601339165,
        "background": 5.48784949745101
      },
      "selected_sample_code": "1191__opxrd_000584__H1_Mg1_O1",
      "selected_peak_window_rwp": 5.48784949745101,
      "selected_peak_window_pearson": 0.9997162154875435,
      "selected_background_fraction": 0.5127638626915709
    },
    "original_sample_dir": "Te_SG12",
    "original_cif_path": "phase.cif",
    "original_generated_xy_path": "generated.xy",
    "original_generation_params_json": "generation_params.json",
    "original_generation_quality_json": "generation_quality.json"
  },
  "quality": {
    "note": "These are theory-vs-generated synthetic quality indicators plus donor-template quality provenance. They are not Rietveld fit-to-experiment outputs.",
    "theory_vs_generated": {
      "profile_pearson": 0.9096696471603236,
      "profile_cosine": 0.8855689975150006,
      "rmse": 2.256563194930144,
      "mae": 1.3951817754852558,
      "background_fraction_generated": 11.64061326904871,
      "top_peak_count_used": 20,
      "top_peak_height_log_mae": 16.63708841194856,
      "top_peak_shift_abs_mean_deg": 0.29017053222656275,
      "peak_window_pearson": 0.9005362437581116,
      "peak_window_cosine": 0.9081634248344169
    },
    "donor_template_quality": {
      "selected_sample_code": "1191__opxrd_000584__H1_Mg1_O1",
      "selected_peak_window_rwp": 5.48784949745101,
      "selected_peak_window_pearson": 0.9997162154875435,
      "selected_background_fraction": 0.5127638626915709,
      "donor_rows": {
        "instrument": "1191__opxrd_000584__H1_Mg1_O1",
        "chemistry": "0066__rruff_R040126-1__C4_Ca1_Mg3_O12",
        "microstructure": "0363__rruff_R050638-1__C2_Cu3_H2_O8",
        "orientation": "0328__rruff_R050520-1__Be1_Ca1_O5_P1",
        "background": "1191__opxrd_000584__H1_Mg1_O1"
      },
      "donor_rwp_percent": {
        "instrument": 5.159210709102735,
        "chemistry": 8.894243026156627,
        "microstructure": 11.336277291932815,
        "orientation": 13.16757170747424,
        "background": 5.159210709102735
      },
      "donor_peak_window_rwp": {
        "instrument": 5.48784949745101,
        "chemistry": 11.562371080606463,
        "microstructure": 11.208554719735723,
        "orientation": 18.431471601339165,
        "background": 5.48784949745101
      }
    }
  },
  "generation_tier": "strict_core"
}
