{
  "sample_name": "Ba4OF6_137",
  "phase_id": "mp-754354",
  "formula": "Ba4OF6",
  "space_group": 137,
  "space_group_symbol": "P4_2/nmc",
  "crystal_system": "tetragonal",
  "source_origin": "materials_project",
  "slot": "background",
  "formula_group_id": "Ba4|F6|O1::sg::137",
  "descriptor": {
    "phase_id": "mp-754354",
    "formula": "Ba4OF6",
    "crystal_system": "tetragonal",
    "elements": [
      "Ba",
      "F",
      "O"
    ],
    "density_g_cm3": 4.688001485148198,
    "avg_z": 26.0,
    "max_z": 56.0,
    "heavy_fraction": 0.36363636363636365,
    "transition_fraction": 0.0,
    "cell_lengths": [
      8.74787468,
      8.74787468,
      6.28849135
    ],
    "cell_angles": [
      90.0,
      90.0,
      90.0
    ],
    "cell_volume": 481.22875890176715,
    "cell_anisotropy": 1.3910927427768507,
    "anisotropy_index": 0.3910927427768507,
    "theoretical_peak_count": 101,
    "peak_density": 1.188235294117647,
    "median_gap_deg": 0.5548458099365234,
    "crowded_fraction": 0.28,
    "isolated_fraction": 0.16,
    "simple_topology": false,
    "preferred_po_axis": [
      0,
      0,
      1
    ],
    "fluorescence_bucket": "moderate",
    "absorption_bucket": "heavy"
  },
  "generation": {
    "theta_min": 5.0,
    "theta_max": 90.0,
    "num_points": 8501,
    "template_rwp_percent": 11.310710506171425,
    "template_peak_window_rwp": 13.039616858422296,
    "template_peak_window_pearson": 0.9953688247628263,
    "synth_params": {
      "ka1": 1.5405929,
      "ka2": 1.5444274,
      "use_tch_profile": true,
      "sigma_scale": 0.915935817612402,
      "kb_ratio": 0.01500880233919089,
      "use_fcj_asymmetry": true,
      "detector_nonlinearity": 0.0,
      "use_ka2": true,
      "caglioti_u": 0.031390575609021656,
      "kb": 1.39225,
      "caglioti_w": 0.0018448797995058975,
      "detector_deadtime_coeff": 0.0,
      "axial_s_over_l": 0.0012,
      "sigma_min_deg": 0.008,
      "ka2_ratio": 0.48492173130236843,
      "caglioti_v": 0.007351125729718566,
      "sigma_deg": 0.01878969372542678,
      "use_kbeta": true,
      "beam_sample_ratio": 0.05,
      "fluorescence_level": 1.0,
      "muR": 0.04,
      "trns": 0.03,
      "fluorescence_decay": 3.000000000000109,
      "lorentz_z": 4.7216837937356214e-07,
      "strain": 0.0004225934793705173,
      "pseudo_voigt_eta": 0.16216538247320142,
      "lorentz_size": 0.03,
      "macro_strain": 0.0006252539263196581,
      "sample_displacement_sr": -0.00035090034639020305,
      "size_nm": 179.94830859385758,
      "delta_deg": -0.004894948164145208,
      "lorentz_strain": 0.008,
      "po_r": 1.0,
      "air_scatter_level": 1.282998069491481,
      "b3": 0.18625324667483503,
      "scatter_sigma_deg": 7.299242214463168,
      "b4": 0.3367617258016026,
      "scatter_level": 1.2,
      "compton_level": 0.4701224200606287,
      "holder_scatter_center_deg": 11.807638485401357,
      "a": 0.5278996221455207,
      "holder_scatter_level": 1.1755462812856692,
      "scatter_center_deg": 5.561921518765115,
      "b5": 0.02981382883081067,
      "poisson_counts_max": 900.0,
      "air_scatter_floor": 0.04157007484843522,
      "b1": 4.764204430098254,
      "b0": 6.6339633375019025,
      "b2": -2.2348749413858036,
      "holder_scatter_sigma_deg": 6.825355867427844,
      "po_hkl_axis": [
        0.0,
        1.0,
        0.0
      ],
      "final_normalize": true
    },
    "synth_sampling_meta": {
      "family_name": "background",
      "slot": "background",
      "source_family": "opxrd_like",
      "preferred_source_family": "opxrd_like",
      "descriptor": {
        "phase_id": "mp-754354",
        "formula": "Ba4OF6",
        "crystal_system": "tetragonal",
        "elements": [
          "Ba",
          "F",
          "O"
        ],
        "density_g_cm3": 4.688001485148198,
        "avg_z": 26.0,
        "max_z": 56.0,
        "heavy_fraction": 0.36363636363636365,
        "transition_fraction": 0.0,
        "cell_lengths": [
          8.74787468,
          8.74787468,
          6.28849135
        ],
        "cell_angles": [
          90.0,
          90.0,
          90.0
        ],
        "cell_volume": 481.22875890176715,
        "cell_anisotropy": 1.3910927427768507,
        "anisotropy_index": 0.3910927427768507,
        "theoretical_peak_count": 101,
        "peak_density": 1.188235294117647,
        "median_gap_deg": 0.5548458099365234,
        "crowded_fraction": 0.28,
        "isolated_fraction": 0.16,
        "simple_topology": false,
        "preferred_po_axis": [
          0,
          0,
          1
        ],
        "fluorescence_bucket": "moderate",
        "absorption_bucket": "heavy"
      },
      "attempt": 1,
      "donor_rows": {
        "instrument": "1191__opxrd_000584__H1_Mg1_O1",
        "chemistry": "0363__rruff_R050638-1__C2_Cu3_H2_O8",
        "microstructure": "0320__rruff_R050501-1__Mo1_O4_Pb1",
        "orientation": "0454__rruff_R060417-1__Ca1_O4_W1",
        "background": "0116__rruff_R050052-1__O4_Pb1_S1"
      },
      "donor_rwp_percent": {
        "instrument": 5.159210709102735,
        "chemistry": 11.336277291932815,
        "microstructure": 28.68148207760901,
        "orientation": 20.538160106639065,
        "background": 22.335820608816555
      },
      "donor_peak_window_rwp": {
        "instrument": 5.48784949745101,
        "chemistry": 11.208554719735723,
        "microstructure": 22.790795125536757,
        "orientation": 17.54785920227529,
        "background": 20.345268965436535
      },
      "selected_sample_code": "1191__opxrd_000584__H1_Mg1_O1",
      "selected_peak_window_rwp": 5.48784949745101,
      "selected_peak_window_pearson": 0.9997162154875435,
      "selected_background_fraction": 0.45302780016160477
    },
    "original_sample_dir": "Ba4OF6_SG137",
    "original_cif_path": "phase.cif",
    "original_generated_xy_path": "generated.xy",
    "original_generation_params_json": "generation_params.json",
    "original_generation_quality_json": "generation_quality.json"
  },
  "quality": {
    "note": "These are theory-vs-generated synthetic quality indicators plus donor-template quality provenance. They are not Rietveld fit-to-experiment outputs.",
    "theory_vs_generated": {
      "profile_pearson": 0.922108603438924,
      "profile_cosine": 0.7377293146738223,
      "rmse": 4.21986859297321,
      "mae": 3.890430972910951,
      "background_fraction_generated": 2.478927939322986,
      "top_peak_count_used": 20,
      "top_peak_height_log_mae": 11.493924226527104,
      "top_peak_shift_abs_mean_deg": 0.23405261611938305,
      "peak_window_pearson": 0.9340329273658216,
      "peak_window_cosine": 0.8830013940825092
    },
    "donor_template_quality": {
      "selected_sample_code": "1191__opxrd_000584__H1_Mg1_O1",
      "selected_peak_window_rwp": 5.48784949745101,
      "selected_peak_window_pearson": 0.9997162154875435,
      "selected_background_fraction": 0.45302780016160477,
      "donor_rows": {
        "instrument": "1191__opxrd_000584__H1_Mg1_O1",
        "chemistry": "0363__rruff_R050638-1__C2_Cu3_H2_O8",
        "microstructure": "0320__rruff_R050501-1__Mo1_O4_Pb1",
        "orientation": "0454__rruff_R060417-1__Ca1_O4_W1",
        "background": "0116__rruff_R050052-1__O4_Pb1_S1"
      },
      "donor_rwp_percent": {
        "instrument": 5.159210709102735,
        "chemistry": 11.336277291932815,
        "microstructure": 28.68148207760901,
        "orientation": 20.538160106639065,
        "background": 22.335820608816555
      },
      "donor_peak_window_rwp": {
        "instrument": 5.48784949745101,
        "chemistry": 11.208554719735723,
        "microstructure": 22.790795125536757,
        "orientation": 17.54785920227529,
        "background": 20.345268965436535
      }
    }
  },
  "generation_tier": "strict_core"
}
