{
  "sample_name": "CsAlO6_5",
  "phase_id": "cod_7704133",
  "formula": "CsAlO6",
  "space_group": 5,
  "space_group_symbol": "C2",
  "crystal_system": "monoclinic",
  "source_origin": "cod",
  "slot": "profile",
  "formula_group_id": "Al1|Cs1|O6::sg::5",
  "descriptor": {
    "phase_id": "cod_7704133",
    "formula": "CsAlO6",
    "crystal_system": "monoclinic",
    "elements": [
      "Al",
      "Cs",
      "O"
    ],
    "density_g_cm3": 2.4269325039002023,
    "avg_z": 14.5,
    "max_z": 55.0,
    "heavy_fraction": 0.125,
    "transition_fraction": 0.0,
    "cell_lengths": [
      10.4124,
      6.6986,
      6.2156
    ],
    "cell_angles": [
      90.0,
      126.129,
      90.0
    ],
    "cell_volume": 350.1575477110468,
    "cell_anisotropy": 1.6752043246026127,
    "anisotropy_index": 0.6752043246026127,
    "theoretical_peak_count": 159,
    "peak_density": 1.8705882352941177,
    "median_gap_deg": 0.23768234252929688,
    "crowded_fraction": 0.6392405063291139,
    "isolated_fraction": 0.0949367088607595,
    "simple_topology": false,
    "preferred_po_axis": [
      1,
      0,
      0
    ],
    "fluorescence_bucket": "none",
    "absorption_bucket": "medium"
  },
  "generation": {
    "theta_min": 5.0,
    "theta_max": 90.0,
    "num_points": 8501,
    "template_rwp_percent": 11.336277291932815,
    "template_peak_window_rwp": 11.208554719735723,
    "template_peak_window_pearson": 0.9683505557392063,
    "synth_params": {
      "ka1": 1.5405929,
      "ka2": 1.5444274,
      "use_tch_profile": true,
      "sigma_scale": 0.915935817612402,
      "kb_ratio": 0.01500880233919089,
      "use_fcj_asymmetry": true,
      "detector_nonlinearity": 0.0,
      "use_ka2": true,
      "caglioti_u": 0.031390575609021656,
      "kb": 1.39225,
      "caglioti_w": 0.0018448797995058975,
      "detector_deadtime_coeff": 0.0,
      "axial_s_over_l": 0.0012,
      "sigma_min_deg": 0.008,
      "ka2_ratio": 0.48492173130236843,
      "caglioti_v": 0.007351125729718566,
      "sigma_deg": 0.019353384537189586,
      "use_kbeta": true,
      "beam_sample_ratio": 0.05,
      "fluorescence_level": 0.0,
      "muR": 0.01,
      "trns": 0.0,
      "fluorescence_decay": 3.0,
      "lorentz_z": 0.0011838594536104873,
      "strain": 0.0016233515831669573,
      "pseudo_voigt_eta": 0.06837056115116891,
      "lorentz_size": 0.032,
      "macro_strain": 0.000314748542831704,
      "sample_displacement_sr": -0.00015238198481626547,
      "size_nm": 179.5901905254382,
      "delta_deg": -0.007855232264380339,
      "lorentz_strain": 0.009,
      "po_r": 1.0,
      "air_scatter_level": 1e-08,
      "b3": -0.1848624278005454,
      "scatter_sigma_deg": 6.0,
      "b4": 0.20595308036552476,
      "scatter_level": 1e-08,
      "compton_level": 1e-08,
      "holder_scatter_center_deg": 15.0,
      "a": 2.456521703905162,
      "holder_scatter_level": 1e-08,
      "scatter_center_deg": 15.0,
      "b5": -1.0196444166448001e-06,
      "poisson_counts_max": 3486.5,
      "air_scatter_floor": 0.05,
      "b1": -4.44554467722384,
      "b0": 21.288767814184258,
      "b2": -1.9952642435986017,
      "holder_scatter_sigma_deg": 4.0,
      "po_hkl_axis": [
        0.0,
        1.0,
        0.0
      ],
      "final_normalize": true
    },
    "synth_sampling_meta": {
      "family_name": "profile",
      "slot": "profile",
      "source_family": "opxrd_like",
      "preferred_source_family": "opxrd_like",
      "descriptor": {
        "phase_id": "cod_7704133",
        "formula": "CsAlO6",
        "crystal_system": "monoclinic",
        "elements": [
          "Al",
          "Cs",
          "O"
        ],
        "density_g_cm3": 2.4269325039002023,
        "avg_z": 14.5,
        "max_z": 55.0,
        "heavy_fraction": 0.125,
        "transition_fraction": 0.0,
        "cell_lengths": [
          10.4124,
          6.6986,
          6.2156
        ],
        "cell_angles": [
          90.0,
          126.129,
          90.0
        ],
        "cell_volume": 350.1575477110468,
        "cell_anisotropy": 1.6752043246026127,
        "anisotropy_index": 0.6752043246026127,
        "theoretical_peak_count": 159,
        "peak_density": 1.8705882352941177,
        "median_gap_deg": 0.23768234252929688,
        "crowded_fraction": 0.6392405063291139,
        "isolated_fraction": 0.0949367088607595,
        "simple_topology": false,
        "preferred_po_axis": [
          1,
          0,
          0
        ],
        "fluorescence_bucket": "none",
        "absorption_bucket": "medium"
      },
      "attempt": 1,
      "donor_rows": {
        "instrument": "1191__opxrd_000584__H1_Mg1_O1",
        "chemistry": "1191__opxrd_000584__H1_Mg1_O1",
        "microstructure": "0523__rruff_R060900-1__Mn1_O4_W1",
        "orientation": "0328__rruff_R050520-1__Be1_Ca1_O5_P1",
        "background": "1191__opxrd_000584__H1_Mg1_O1"
      },
      "donor_rwp_percent": {
        "instrument": 5.159210709102735,
        "chemistry": 5.159210709102735,
        "microstructure": 21.93109890454813,
        "orientation": 13.16757170747424,
        "background": 5.159210709102735
      },
      "donor_peak_window_rwp": {
        "instrument": 5.48784949745101,
        "chemistry": 5.48784949745101,
        "microstructure": 21.497037372434484,
        "orientation": 18.431471601339165,
        "background": 5.48784949745101
      },
      "selected_sample_code": "1191__opxrd_000584__H1_Mg1_O1",
      "selected_peak_window_rwp": 5.48784949745101,
      "selected_peak_window_pearson": 0.9997162154875435,
      "selected_background_fraction": 0.5127638626915709
    },
    "original_sample_dir": "CsAlO6_SG5",
    "original_cif_path": "phase.cif",
    "original_generated_xy_path": "generated.xy",
    "original_generation_params_json": "generation_params.json",
    "original_generation_quality_json": "generation_quality.json"
  },
  "quality": {
    "note": "These are theory-vs-generated synthetic quality indicators plus donor-template quality provenance. They are not Rietveld fit-to-experiment outputs.",
    "theory_vs_generated": {
      "profile_pearson": 0.9373307067366978,
      "profile_cosine": 0.9099764502907164,
      "rmse": 3.7115296514509795,
      "mae": 2.6441483976418785,
      "background_fraction_generated": 5.41016457003709,
      "top_peak_count_used": 20,
      "top_peak_height_log_mae": 12.021005114320701,
      "top_peak_shift_abs_mean_deg": 0.21308827209472678,
      "peak_window_pearson": 0.9409827223395026,
      "peak_window_cosine": 0.9347309795281412
    },
    "donor_template_quality": {
      "selected_sample_code": "1191__opxrd_000584__H1_Mg1_O1",
      "selected_peak_window_rwp": 5.48784949745101,
      "selected_peak_window_pearson": 0.9997162154875435,
      "selected_background_fraction": 0.5127638626915709,
      "donor_rows": {
        "instrument": "1191__opxrd_000584__H1_Mg1_O1",
        "chemistry": "1191__opxrd_000584__H1_Mg1_O1",
        "microstructure": "0523__rruff_R060900-1__Mn1_O4_W1",
        "orientation": "0328__rruff_R050520-1__Be1_Ca1_O5_P1",
        "background": "1191__opxrd_000584__H1_Mg1_O1"
      },
      "donor_rwp_percent": {
        "instrument": 5.159210709102735,
        "chemistry": 5.159210709102735,
        "microstructure": 21.93109890454813,
        "orientation": 13.16757170747424,
        "background": 5.159210709102735
      },
      "donor_peak_window_rwp": {
        "instrument": 5.48784949745101,
        "chemistry": 5.48784949745101,
        "microstructure": 21.497037372434484,
        "orientation": 18.431471601339165,
        "background": 5.48784949745101
      }
    }
  },
  "generation_tier": "strict_core"
}
