{
  "sample_name": "B2S3_167",
  "phase_id": "mp-866066",
  "formula": "B2S3",
  "space_group": 167,
  "space_group_symbol": "R-3c",
  "crystal_system": "trigonal",
  "source_origin": "materials_project",
  "slot": "anchor",
  "formula_group_id": "B2|S3::sg::167",
  "descriptor": {
    "phase_id": "mp-866066",
    "formula": "B2S3",
    "crystal_system": "trigonal",
    "elements": [
      "B",
      "S"
    ],
    "density_g_cm3": 1.9549534496696448,
    "avg_z": 11.6,
    "max_z": 16.0,
    "heavy_fraction": 0.0,
    "transition_fraction": 0.0,
    "cell_lengths": [
      5.45657184,
      5.45657184,
      23.28635432
    ],
    "cell_angles": [
      90.0,
      90.0,
      120.00000000000001
    ],
    "cell_volume": 600.4431405239061,
    "cell_anisotropy": 4.2675795357988,
    "anisotropy_index": 3.2675795357987996,
    "theoretical_peak_count": 53,
    "peak_density": 0.6235294117647059,
    "median_gap_deg": 1.1973018646240234,
    "crowded_fraction": 0.23076923076923078,
    "isolated_fraction": 0.5,
    "simple_topology": false,
    "preferred_po_axis": [
      0,
      0,
      1
    ],
    "fluorescence_bucket": "none",
    "absorption_bucket": "light"
  },
  "generation": {
    "theta_min": 5.0,
    "theta_max": 90.0,
    "num_points": 8501,
    "template_rwp_percent": 10.499124209338653,
    "template_peak_window_rwp": 14.501948057757202,
    "template_peak_window_pearson": 0.9910612006867483,
    "synth_params": {
      "ka1": 1.5405929,
      "ka2": 1.5444274,
      "use_tch_profile": true,
      "sigma_scale": 0.6,
      "kb_ratio": 0.015,
      "use_fcj_asymmetry": true,
      "detector_nonlinearity": 0.0,
      "use_ka2": true,
      "caglioti_u": 0.008189264227136426,
      "kb": 1.39225,
      "caglioti_w": 0.0008241163294100287,
      "detector_deadtime_coeff": 0.0,
      "axial_s_over_l": 0.0012,
      "sigma_min_deg": 0.013392971419238977,
      "ka2_ratio": 0.485,
      "caglioti_v": -0.005850851041108782,
      "sigma_deg": 0.024647230225713346,
      "use_kbeta": true,
      "beam_sample_ratio": 0.05,
      "fluorescence_level": 0.0,
      "muR": 0.012883265076918796,
      "trns": 0.001921343030325408,
      "fluorescence_decay": 3.0,
      "lorentz_z": 0.0007626903334521539,
      "strain": 8.248832869150249e-06,
      "pseudo_voigt_eta": -0.026137299557931398,
      "lorentz_size": 0.02632542586736965,
      "macro_strain": 0.0,
      "sample_displacement_sr": -0.0002,
      "size_nm": 221.26334001712553,
      "delta_deg": -0.01,
      "lorentz_strain": 0.008,
      "po_r": 1.0,
      "air_scatter_level": 0.8748871437829153,
      "b3": 0.02283175349618308,
      "scatter_sigma_deg": 5.156430802775118,
      "b4": 0.32860030236424476,
      "scatter_level": 1.7467950340194716,
      "compton_level": 0.26404538933696103,
      "holder_scatter_center_deg": 11.91413576601708,
      "a": 1.0,
      "holder_scatter_level": 0.38054778241044424,
      "scatter_center_deg": 8.146391564318778,
      "b5": -0.20459406095561344,
      "poisson_counts_max": 1800.0,
      "air_scatter_floor": 0.09672719916061455,
      "b1": 1.2222283252149024,
      "b0": 0.27781991930384115,
      "b2": -0.6422657954948048,
      "holder_scatter_sigma_deg": 8.413581288058332,
      "po_hkl_axis": [
        0.0,
        1.0,
        0.0
      ],
      "final_normalize": true
    },
    "synth_sampling_meta": {
      "family_name": "anchor",
      "slot": "anchor",
      "source_family": "rruff_like",
      "preferred_source_family": "rruff_like",
      "descriptor": {
        "phase_id": "mp-866066",
        "formula": "B2S3",
        "crystal_system": "trigonal",
        "elements": [
          "B",
          "S"
        ],
        "density_g_cm3": 1.9549534496696448,
        "avg_z": 11.6,
        "max_z": 16.0,
        "heavy_fraction": 0.0,
        "transition_fraction": 0.0,
        "cell_lengths": [
          5.45657184,
          5.45657184,
          23.28635432
        ],
        "cell_angles": [
          90.0,
          90.0,
          120.00000000000001
        ],
        "cell_volume": 600.4431405239061,
        "cell_anisotropy": 4.2675795357988,
        "anisotropy_index": 3.2675795357987996,
        "theoretical_peak_count": 53,
        "peak_density": 0.6235294117647059,
        "median_gap_deg": 1.1973018646240234,
        "crowded_fraction": 0.23076923076923078,
        "isolated_fraction": 0.5,
        "simple_topology": false,
        "preferred_po_axis": [
          0,
          0,
          1
        ],
        "fluorescence_bucket": "none",
        "absorption_bucket": "light"
      },
      "attempt": 1,
      "donor_rows": {
        "instrument": "0152__rruff_R050128-1__C1_Ca1_O3",
        "chemistry": "0113__rruff_R050045-1__Ca1_F2",
        "microstructure": "0152__rruff_R050128-1__C1_Ca1_O3",
        "orientation": "0098__rruff_R050009-1__C1_Ca1_O3",
        "background": "0098__rruff_R050009-1__C1_Ca1_O3"
      },
      "donor_rwp_percent": {
        "instrument": 10.060210456264361,
        "chemistry": 10.345769455766266,
        "microstructure": 10.060210456264361,
        "orientation": 10.473963597060688,
        "background": 10.473963597060688
      },
      "donor_peak_window_rwp": {
        "instrument": 12.829743047113176,
        "chemistry": 11.85177861797737,
        "microstructure": 12.829743047113176,
        "orientation": 13.939634579044661,
        "background": 13.939634579044661
      },
      "selected_sample_code": "0152__rruff_R050128-1__C1_Ca1_O3",
      "selected_peak_window_rwp": 12.829743047113176,
      "selected_peak_window_pearson": 0.9965168193452842,
      "selected_background_fraction": 0.33789056758532876
    },
    "original_sample_dir": "B2S3_SG167",
    "original_cif_path": "phase.cif",
    "original_generated_xy_path": "generated.xy",
    "original_generation_params_json": "generation_params.json",
    "original_generation_quality_json": "generation_quality.json"
  },
  "quality": {
    "note": "These are theory-vs-generated synthetic quality indicators plus donor-template quality provenance. They are not Rietveld fit-to-experiment outputs.",
    "theory_vs_generated": {
      "profile_pearson": 0.9763564312561431,
      "profile_cosine": 0.9726063492314896,
      "rmse": 1.0959306095739334,
      "mae": 0.5164073367511429,
      "background_fraction_generated": 2.760622621134315,
      "top_peak_count_used": 20,
      "top_peak_height_log_mae": 4.059135829517323,
      "top_peak_shift_abs_mean_deg": 0.10602032852172805,
      "peak_window_pearson": 0.976346870022725,
      "peak_window_cosine": 0.9763160978923692
    },
    "donor_template_quality": {
      "selected_sample_code": "0152__rruff_R050128-1__C1_Ca1_O3",
      "selected_peak_window_rwp": 12.829743047113176,
      "selected_peak_window_pearson": 0.9965168193452842,
      "selected_background_fraction": 0.33789056758532876,
      "donor_rows": {
        "instrument": "0152__rruff_R050128-1__C1_Ca1_O3",
        "chemistry": "0113__rruff_R050045-1__Ca1_F2",
        "microstructure": "0152__rruff_R050128-1__C1_Ca1_O3",
        "orientation": "0098__rruff_R050009-1__C1_Ca1_O3",
        "background": "0098__rruff_R050009-1__C1_Ca1_O3"
      },
      "donor_rwp_percent": {
        "instrument": 10.060210456264361,
        "chemistry": 10.345769455766266,
        "microstructure": 10.060210456264361,
        "orientation": 10.473963597060688,
        "background": 10.473963597060688
      },
      "donor_peak_window_rwp": {
        "instrument": 12.829743047113176,
        "chemistry": 11.85177861797737,
        "microstructure": 12.829743047113176,
        "orientation": 13.939634579044661,
        "background": 13.939634579044661
      }
    }
  },
  "generation_tier": "strict_core"
}
