{
  "sample_name": "Al2Zn3O6_6",
  "phase_id": "cod_3000024",
  "formula": "Al2Zn3O6",
  "space_group": 6,
  "space_group_symbol": "Pm",
  "crystal_system": "monoclinic",
  "source_origin": "cod",
  "slot": "background",
  "formula_group_id": "Al2|O6|Zn3::sg::6",
  "descriptor": {
    "phase_id": "cod_3000024",
    "formula": "Al2Zn3O6",
    "crystal_system": "monoclinic",
    "elements": [
      "Al",
      "O",
      "Zn"
    ],
    "density_g_cm3": 4.518908392600439,
    "avg_z": 14.909090909090908,
    "max_z": 30.0,
    "heavy_fraction": 0.0,
    "transition_fraction": 0.2727272727272727,
    "cell_lengths": [
      5.447267999999999,
      3.241884,
      7.651867
    ],
    "cell_angles": [
      90.0,
      109.70910000000002,
      90.0
    ],
    "cell_volume": 127.21129099755383,
    "cell_anisotropy": 2.360314866293797,
    "anisotropy_index": 1.360314866293797,
    "theoretical_peak_count": 126,
    "peak_density": 1.4823529411764707,
    "median_gap_deg": 0.24460411071777344,
    "crowded_fraction": 0.6,
    "isolated_fraction": 0.144,
    "simple_topology": false,
    "preferred_po_axis": [
      0,
      0,
      1
    ],
    "fluorescence_bucket": "moderate",
    "absorption_bucket": "medium"
  },
  "generation": {
    "theta_min": 5.0,
    "theta_max": 90.0,
    "num_points": 8501,
    "template_rwp_percent": 15.143708118394594,
    "template_peak_window_rwp": 18.848401616478842,
    "template_peak_window_pearson": 0.9850067327473799,
    "synth_params": {
      "ka1": 1.5405929,
      "ka2": 1.5444274,
      "use_tch_profile": true,
      "sigma_scale": 0.915935817612402,
      "kb_ratio": 0.01500880233919089,
      "use_fcj_asymmetry": true,
      "detector_nonlinearity": 0.0,
      "use_ka2": true,
      "caglioti_u": 0.031390575609021656,
      "kb": 1.39225,
      "caglioti_w": 0.0018448797995058975,
      "detector_deadtime_coeff": 0.0,
      "axial_s_over_l": 0.0012,
      "sigma_min_deg": 0.008,
      "ka2_ratio": 0.48492173130236843,
      "caglioti_v": 0.007351125729718566,
      "sigma_deg": 0.01878969372542678,
      "use_kbeta": true,
      "beam_sample_ratio": 0.05,
      "fluorescence_level": 1.0,
      "muR": 0.05995239353388751,
      "trns": 0.08,
      "fluorescence_decay": 2.9998424930612066,
      "lorentz_z": 1e-08,
      "strain": 0.0008066038044366333,
      "pseudo_voigt_eta": 0.02000045420867489,
      "lorentz_size": 7.332752869101727e-06,
      "macro_strain": 3.8941467058979094e-08,
      "sample_displacement_sr": -0.00018118235460065868,
      "size_nm": 180.0,
      "delta_deg": -0.010004323118418248,
      "lorentz_strain": 0.008,
      "po_r": 1.0,
      "air_scatter_level": 1.1118938816845205,
      "b3": 0.061574463019950613,
      "scatter_sigma_deg": 3.545729087304414,
      "b4": 0.15462000627142322,
      "scatter_level": 5.870702736998436,
      "compton_level": 0.42268815835033685,
      "holder_scatter_center_deg": 15.70409317388836,
      "a": 2.5876808265639037,
      "holder_scatter_level": 0.8252947891079748,
      "scatter_center_deg": 3.7745833471256,
      "b5": -0.10388907325116895,
      "poisson_counts_max": 2572.1,
      "air_scatter_floor": 0.012043913062787324,
      "b1": 0.5536668233346609,
      "b0": 11.31052989965887,
      "b2": -0.9313141826210304,
      "holder_scatter_sigma_deg": 8.542959312483909,
      "po_hkl_axis": [
        0.0,
        1.0,
        0.0
      ],
      "final_normalize": true
    },
    "synth_sampling_meta": {
      "family_name": "background",
      "slot": "background",
      "source_family": "opxrd_like",
      "preferred_source_family": "opxrd_like",
      "descriptor": {
        "phase_id": "cod_3000024",
        "formula": "Al2Zn3O6",
        "crystal_system": "monoclinic",
        "elements": [
          "Al",
          "O",
          "Zn"
        ],
        "density_g_cm3": 4.518908392600439,
        "avg_z": 14.909090909090908,
        "max_z": 30.0,
        "heavy_fraction": 0.0,
        "transition_fraction": 0.2727272727272727,
        "cell_lengths": [
          5.447267999999999,
          3.241884,
          7.651867
        ],
        "cell_angles": [
          90.0,
          109.70910000000002,
          90.0
        ],
        "cell_volume": 127.21129099755383,
        "cell_anisotropy": 2.360314866293797,
        "anisotropy_index": 1.360314866293797,
        "theoretical_peak_count": 126,
        "peak_density": 1.4823529411764707,
        "median_gap_deg": 0.24460411071777344,
        "crowded_fraction": 0.6,
        "isolated_fraction": 0.144,
        "simple_topology": false,
        "preferred_po_axis": [
          0,
          0,
          1
        ],
        "fluorescence_bucket": "moderate",
        "absorption_bucket": "medium"
      },
      "attempt": 1,
      "donor_rows": {
        "instrument": "1191__opxrd_000584__H1_Mg1_O1",
        "chemistry": "0593__rruff_R070576-1__Be2_Na4_O20_Si6_Sn1",
        "microstructure": "0595__rruff_R070589-1__H8_Mg1_O8_S1",
        "orientation": "0523__rruff_R060900-1__Mn1_O4_W1",
        "background": "0454__rruff_R060417-1__Ca1_O4_W1"
      },
      "donor_rwp_percent": {
        "instrument": 5.159210709102735,
        "chemistry": 9.858207442453974,
        "microstructure": 23.89073423416258,
        "orientation": 21.93109890454813,
        "background": 20.538160106639065
      },
      "donor_peak_window_rwp": {
        "instrument": 5.48784949745101,
        "chemistry": 13.521151339036324,
        "microstructure": 24.378023894358048,
        "orientation": 21.497037372434484,
        "background": 17.54785920227529
      },
      "selected_sample_code": "1191__opxrd_000584__H1_Mg1_O1",
      "selected_peak_window_rwp": 5.48784949745101,
      "selected_peak_window_pearson": 0.9997162154875435,
      "selected_background_fraction": 0.4063188775866402
    },
    "original_sample_dir": "Al2Zn3O6_SG6",
    "original_cif_path": "phase.cif",
    "original_generated_xy_path": "generated.xy",
    "original_generation_params_json": "generation_params.json",
    "original_generation_quality_json": "generation_quality.json"
  },
  "quality": {
    "note": "These are theory-vs-generated synthetic quality indicators plus donor-template quality provenance. They are not Rietveld fit-to-experiment outputs.",
    "theory_vs_generated": {
      "profile_pearson": 0.9626003134395945,
      "profile_cosine": 0.9517696055176309,
      "rmse": 2.6913595075933823,
      "mae": 1.7848676414231002,
      "background_fraction_generated": 4.473927785215976,
      "top_peak_count_used": 20,
      "top_peak_height_log_mae": 3.8158133241779133,
      "top_peak_shift_abs_mean_deg": 0.12007633972168001,
      "peak_window_pearson": 0.964236853668069,
      "peak_window_cosine": 0.9678801803676812
    },
    "donor_template_quality": {
      "selected_sample_code": "1191__opxrd_000584__H1_Mg1_O1",
      "selected_peak_window_rwp": 5.48784949745101,
      "selected_peak_window_pearson": 0.9997162154875435,
      "selected_background_fraction": 0.4063188775866402,
      "donor_rows": {
        "instrument": "1191__opxrd_000584__H1_Mg1_O1",
        "chemistry": "0593__rruff_R070576-1__Be2_Na4_O20_Si6_Sn1",
        "microstructure": "0595__rruff_R070589-1__H8_Mg1_O8_S1",
        "orientation": "0523__rruff_R060900-1__Mn1_O4_W1",
        "background": "0454__rruff_R060417-1__Ca1_O4_W1"
      },
      "donor_rwp_percent": {
        "instrument": 5.159210709102735,
        "chemistry": 9.858207442453974,
        "microstructure": 23.89073423416258,
        "orientation": 21.93109890454813,
        "background": 20.538160106639065
      },
      "donor_peak_window_rwp": {
        "instrument": 5.48784949745101,
        "chemistry": 13.521151339036324,
        "microstructure": 24.378023894358048,
        "orientation": 21.497037372434484,
        "background": 17.54785920227529
      }
    }
  },
  "generation_tier": "strict_core"
}
