{
  "sample_name": "LiO8_8",
  "phase_id": "mp-1235059",
  "formula": "LiO8",
  "space_group": 8,
  "space_group_symbol": "Cm",
  "crystal_system": "monoclinic",
  "source_origin": "materials_project",
  "slot": "profile",
  "formula_group_id": "Li1|O8::sg::8",
  "descriptor": {
    "phase_id": "mp-1235059",
    "formula": "LiO8",
    "crystal_system": "monoclinic",
    "elements": [
      "Li",
      "O"
    ],
    "density_g_cm3": 2.182934472019306,
    "avg_z": 7.444444444444445,
    "max_z": 8.0,
    "heavy_fraction": 0.0,
    "transition_fraction": 0.0,
    "cell_lengths": [
      7.89841574,
      5.90132418,
      5.24975451
    ],
    "cell_angles": [
      90.0,
      122.97011746000001,
      90.0
    ],
    "cell_volume": 205.2895630021653,
    "cell_anisotropy": 1.5045304927982242,
    "anisotropy_index": 0.5045304927982242,
    "theoretical_peak_count": 96,
    "peak_density": 1.1294117647058823,
    "median_gap_deg": 0.4762763977050781,
    "crowded_fraction": 0.4,
    "isolated_fraction": 0.17894736842105263,
    "simple_topology": false,
    "preferred_po_axis": [
      1,
      0,
      0
    ],
    "fluorescence_bucket": "none",
    "absorption_bucket": "light"
  },
  "generation": {
    "theta_min": 5.0,
    "theta_max": 90.0,
    "num_points": 8501,
    "template_rwp_percent": 11.336277291932815,
    "template_peak_window_rwp": 11.208554719735723,
    "template_peak_window_pearson": 0.9683505557392063,
    "synth_params": {
      "ka1": 1.5405929,
      "ka2": 1.5444274,
      "use_tch_profile": true,
      "sigma_scale": 0.915935817612402,
      "kb_ratio": 0.01500880233919089,
      "use_fcj_asymmetry": true,
      "detector_nonlinearity": 0.0,
      "use_ka2": true,
      "caglioti_u": 0.031390575609021656,
      "kb": 1.39225,
      "caglioti_w": 0.0018448797995058975,
      "detector_deadtime_coeff": 0.0,
      "axial_s_over_l": 0.0012,
      "sigma_min_deg": 0.008,
      "ka2_ratio": 0.48492173130236843,
      "caglioti_v": 0.007351125729718566,
      "sigma_deg": 0.019353384537189586,
      "use_kbeta": true,
      "beam_sample_ratio": 0.05,
      "fluorescence_level": 0.0,
      "muR": 0.0,
      "trns": 0.0,
      "fluorescence_decay": 3.0,
      "lorentz_z": 0.00022963776115713248,
      "strain": 2.8585091953874865e-05,
      "pseudo_voigt_eta": -0.03819439894674802,
      "lorentz_size": 0.032,
      "macro_strain": 0.0,
      "sample_displacement_sr": -0.0009847952734493629,
      "size_nm": 180.0,
      "delta_deg": -0.009473085371824124,
      "lorentz_strain": 0.0039759046170622855,
      "po_r": 1.0,
      "air_scatter_level": 1.4000749903627927,
      "b3": 3.2473387258528732e-06,
      "scatter_sigma_deg": 8.360044872847439,
      "b4": 3.405166735757178e-06,
      "scatter_level": 2.7685316919589518,
      "compton_level": 0.38103046324381706,
      "holder_scatter_center_deg": 6.622709143753005,
      "a": 0.7302945183538387,
      "holder_scatter_level": 2.9371850724749726,
      "scatter_center_deg": 23.81583472879523,
      "b5": -1.0087472786809643e-05,
      "poisson_counts_max": 3365.85,
      "air_scatter_floor": 0.023030020772269455,
      "b1": -1.356862511226645,
      "b0": 7.056217690641542,
      "b2": -2.319322747808257,
      "holder_scatter_sigma_deg": 1.3752972403615906,
      "po_hkl_axis": [
        0.0,
        1.0,
        0.0
      ],
      "final_normalize": true
    },
    "synth_sampling_meta": {
      "family_name": "profile",
      "slot": "profile",
      "source_family": "opxrd_like",
      "preferred_source_family": "opxrd_like",
      "descriptor": {
        "phase_id": "mp-1235059",
        "formula": "LiO8",
        "crystal_system": "monoclinic",
        "elements": [
          "Li",
          "O"
        ],
        "density_g_cm3": 2.182934472019306,
        "avg_z": 7.444444444444445,
        "max_z": 8.0,
        "heavy_fraction": 0.0,
        "transition_fraction": 0.0,
        "cell_lengths": [
          7.89841574,
          5.90132418,
          5.24975451
        ],
        "cell_angles": [
          90.0,
          122.97011746000001,
          90.0
        ],
        "cell_volume": 205.2895630021653,
        "cell_anisotropy": 1.5045304927982242,
        "anisotropy_index": 0.5045304927982242,
        "theoretical_peak_count": 96,
        "peak_density": 1.1294117647058823,
        "median_gap_deg": 0.4762763977050781,
        "crowded_fraction": 0.4,
        "isolated_fraction": 0.17894736842105263,
        "simple_topology": false,
        "preferred_po_axis": [
          1,
          0,
          0
        ],
        "fluorescence_bucket": "none",
        "absorption_bucket": "light"
      },
      "attempt": 1,
      "donor_rows": {
        "instrument": "1191__opxrd_000584__H1_Mg1_O1",
        "chemistry": "1191__opxrd_000584__H1_Mg1_O1",
        "microstructure": "0328__rruff_R050520-1__Be1_Ca1_O5_P1",
        "orientation": "0120__rruff_R050060-1__Al2_O7_P1",
        "background": "0136__rruff_R050100-1__Al2_O7_P1"
      },
      "donor_rwp_percent": {
        "instrument": 5.159210709102735,
        "chemistry": 5.159210709102735,
        "microstructure": 13.16757170747424,
        "orientation": 25.94936797640291,
        "background": 11.140544664536845
      },
      "donor_peak_window_rwp": {
        "instrument": 5.48784949745101,
        "chemistry": 5.48784949745101,
        "microstructure": 18.431471601339165,
        "orientation": 26.285266288040628,
        "background": 15.446070104443251
      },
      "selected_sample_code": "1191__opxrd_000584__H1_Mg1_O1",
      "selected_peak_window_rwp": 5.48784949745101,
      "selected_peak_window_pearson": 0.9997162154875435,
      "selected_background_fraction": 0.43445209784321753
    },
    "original_sample_dir": "LiO8_SG8",
    "original_cif_path": "phase.cif",
    "original_generated_xy_path": "generated.xy",
    "original_generation_params_json": "generation_params.json",
    "original_generation_quality_json": "generation_quality.json"
  },
  "quality": {
    "note": "These are theory-vs-generated synthetic quality indicators plus donor-template quality provenance. They are not Rietveld fit-to-experiment outputs.",
    "theory_vs_generated": {
      "profile_pearson": 0.6047548579186091,
      "profile_cosine": 0.5771691427715415,
      "rmse": 5.827480195405202,
      "mae": 3.4565558477797182,
      "background_fraction_generated": 3.100307544668483,
      "top_peak_count_used": 20,
      "top_peak_height_log_mae": 12.475023815388552,
      "top_peak_shift_abs_mean_deg": 0.2506985282897933,
      "peak_window_pearson": 0.569816565811701,
      "peak_window_cosine": 0.6268404550136961
    },
    "donor_template_quality": {
      "selected_sample_code": "1191__opxrd_000584__H1_Mg1_O1",
      "selected_peak_window_rwp": 5.48784949745101,
      "selected_peak_window_pearson": 0.9997162154875435,
      "selected_background_fraction": 0.43445209784321753,
      "donor_rows": {
        "instrument": "1191__opxrd_000584__H1_Mg1_O1",
        "chemistry": "1191__opxrd_000584__H1_Mg1_O1",
        "microstructure": "0328__rruff_R050520-1__Be1_Ca1_O5_P1",
        "orientation": "0120__rruff_R050060-1__Al2_O7_P1",
        "background": "0136__rruff_R050100-1__Al2_O7_P1"
      },
      "donor_rwp_percent": {
        "instrument": 5.159210709102735,
        "chemistry": 5.159210709102735,
        "microstructure": 13.16757170747424,
        "orientation": 25.94936797640291,
        "background": 11.140544664536845
      },
      "donor_peak_window_rwp": {
        "instrument": 5.48784949745101,
        "chemistry": 5.48784949745101,
        "microstructure": 18.431471601339165,
        "orientation": 26.285266288040628,
        "background": 15.446070104443251
      }
    }
  },
  "generation_tier": "strict_core"
}
