{
  "sample_name": "BrN2_15",
  "phase_id": "cod_2310941",
  "formula": "BrN2",
  "space_group": 15,
  "space_group_symbol": "C2/c",
  "crystal_system": "monoclinic",
  "source_origin": "cod",
  "slot": "profile",
  "formula_group_id": "Br1|N2::sg::15",
  "descriptor": {
    "phase_id": "cod_2310941",
    "formula": "BrN2",
    "crystal_system": "monoclinic",
    "elements": [
      "Br",
      "N"
    ],
    "density_g_cm3": 2.193975586295949,
    "avg_z": 16.333333333333332,
    "max_z": 35.0,
    "heavy_fraction": 0.0,
    "transition_fraction": 0.0,
    "cell_lengths": [
      12.85,
      4.54,
      11.94
    ],
    "cell_angles": [
      90.0,
      110.27000000000001,
      90.0
    ],
    "cell_volume": 653.4295460190028,
    "cell_anisotropy": 2.830396475770925,
    "anisotropy_index": 1.8303964757709248,
    "theoretical_peak_count": 265,
    "peak_density": 3.1176470588235294,
    "median_gap_deg": 0.16008567810058594,
    "crowded_fraction": 0.7386363636363636,
    "isolated_fraction": 0.03409090909090909,
    "simple_topology": false,
    "preferred_po_axis": [
      1,
      0,
      0
    ],
    "fluorescence_bucket": "none",
    "absorption_bucket": "medium"
  },
  "generation": {
    "theta_min": 5.0,
    "theta_max": 90.0,
    "num_points": 8501,
    "template_rwp_percent": 11.336277291932815,
    "template_peak_window_rwp": 11.208554719735723,
    "template_peak_window_pearson": 0.9683505557392063,
    "synth_params": {
      "ka1": 1.5405929,
      "ka2": 1.5444274,
      "use_tch_profile": true,
      "sigma_scale": 0.915935817612402,
      "kb_ratio": 0.01500880233919089,
      "use_fcj_asymmetry": true,
      "detector_nonlinearity": 0.0,
      "use_ka2": true,
      "caglioti_u": 0.031390575609021656,
      "kb": 1.39225,
      "caglioti_w": 0.0018448797995058975,
      "detector_deadtime_coeff": 0.0,
      "axial_s_over_l": 0.0012,
      "sigma_min_deg": 0.008,
      "ka2_ratio": 0.48492173130236843,
      "caglioti_v": 0.007351125729718566,
      "sigma_deg": 0.019353384537189586,
      "use_kbeta": true,
      "beam_sample_ratio": 0.05,
      "fluorescence_level": 0.0,
      "muR": 0.01,
      "trns": 0.0,
      "fluorescence_decay": 3.0,
      "lorentz_z": 9.999925456690148e-09,
      "strain": 0.0005809141699247577,
      "pseudo_voigt_eta": 0.018647385776208412,
      "lorentz_size": 5.896665146445407e-05,
      "macro_strain": 0.0,
      "sample_displacement_sr": -0.00041210135104873257,
      "size_nm": 180.0,
      "delta_deg": -0.009803676886605741,
      "lorentz_strain": 0.009,
      "po_r": 1.0,
      "air_scatter_level": 1e-08,
      "b3": -0.1848624278005454,
      "scatter_sigma_deg": 6.0,
      "b4": 0.20595308036552476,
      "scatter_level": 1e-08,
      "compton_level": 1e-08,
      "holder_scatter_center_deg": 15.0,
      "a": 2.456521703905162,
      "holder_scatter_level": 1e-08,
      "scatter_center_deg": 15.0,
      "b5": -1.0196444166448001e-06,
      "poisson_counts_max": 3486.5,
      "air_scatter_floor": 0.05,
      "b1": -4.44554467722384,
      "b0": 21.288767814184258,
      "b2": -1.9952642435986017,
      "holder_scatter_sigma_deg": 4.0,
      "po_hkl_axis": [
        0.0,
        1.0,
        0.0
      ],
      "final_normalize": true
    },
    "synth_sampling_meta": {
      "family_name": "profile",
      "slot": "profile",
      "source_family": "opxrd_like",
      "preferred_source_family": "opxrd_like",
      "descriptor": {
        "phase_id": "cod_2310941",
        "formula": "BrN2",
        "crystal_system": "monoclinic",
        "elements": [
          "Br",
          "N"
        ],
        "density_g_cm3": 2.193975586295949,
        "avg_z": 16.333333333333332,
        "max_z": 35.0,
        "heavy_fraction": 0.0,
        "transition_fraction": 0.0,
        "cell_lengths": [
          12.85,
          4.54,
          11.94
        ],
        "cell_angles": [
          90.0,
          110.27000000000001,
          90.0
        ],
        "cell_volume": 653.4295460190028,
        "cell_anisotropy": 2.830396475770925,
        "anisotropy_index": 1.8303964757709248,
        "theoretical_peak_count": 265,
        "peak_density": 3.1176470588235294,
        "median_gap_deg": 0.16008567810058594,
        "crowded_fraction": 0.7386363636363636,
        "isolated_fraction": 0.03409090909090909,
        "simple_topology": false,
        "preferred_po_axis": [
          1,
          0,
          0
        ],
        "fluorescence_bucket": "none",
        "absorption_bucket": "medium"
      },
      "attempt": 1,
      "donor_rows": {
        "instrument": "1191__opxrd_000584__H1_Mg1_O1",
        "chemistry": "1191__opxrd_000584__H1_Mg1_O1",
        "microstructure": "0150__rruff_R050126-1__Al3_H4_Na1_O12_P2",
        "orientation": "0136__rruff_R050100-1__Al2_O7_P1",
        "background": "1191__opxrd_000584__H1_Mg1_O1"
      },
      "donor_rwp_percent": {
        "instrument": 5.159210709102735,
        "chemistry": 5.159210709102735,
        "microstructure": 12.349421546615877,
        "orientation": 11.140544664536845,
        "background": 5.159210709102735
      },
      "donor_peak_window_rwp": {
        "instrument": 5.48784949745101,
        "chemistry": 5.48784949745101,
        "microstructure": 16.546432705173878,
        "orientation": 15.446070104443251,
        "background": 5.48784949745101
      },
      "selected_sample_code": "1191__opxrd_000584__H1_Mg1_O1",
      "selected_peak_window_rwp": 5.48784949745101,
      "selected_peak_window_pearson": 0.9997162154875435,
      "selected_background_fraction": 0.5127638626915709
    },
    "original_sample_dir": "BrN2_SG15",
    "original_cif_path": "phase.cif",
    "original_generated_xy_path": "generated.xy",
    "original_generation_params_json": "generation_params.json",
    "original_generation_quality_json": "generation_quality.json"
  },
  "quality": {
    "note": "These are theory-vs-generated synthetic quality indicators plus donor-template quality provenance. They are not Rietveld fit-to-experiment outputs.",
    "theory_vs_generated": {
      "profile_pearson": 0.9061022894902061,
      "profile_cosine": 0.9003534292384133,
      "rmse": 3.323180491133207,
      "mae": 2.0292718725832595,
      "background_fraction_generated": 6.073430472930038,
      "top_peak_count_used": 20,
      "top_peak_height_log_mae": 7.9186291169094885,
      "top_peak_shift_abs_mean_deg": 0.19885112190246607,
      "peak_window_pearson": 0.8919970219118425,
      "peak_window_cosine": 0.9117280812830824
    },
    "donor_template_quality": {
      "selected_sample_code": "1191__opxrd_000584__H1_Mg1_O1",
      "selected_peak_window_rwp": 5.48784949745101,
      "selected_peak_window_pearson": 0.9997162154875435,
      "selected_background_fraction": 0.5127638626915709,
      "donor_rows": {
        "instrument": "1191__opxrd_000584__H1_Mg1_O1",
        "chemistry": "1191__opxrd_000584__H1_Mg1_O1",
        "microstructure": "0150__rruff_R050126-1__Al3_H4_Na1_O12_P2",
        "orientation": "0136__rruff_R050100-1__Al2_O7_P1",
        "background": "1191__opxrd_000584__H1_Mg1_O1"
      },
      "donor_rwp_percent": {
        "instrument": 5.159210709102735,
        "chemistry": 5.159210709102735,
        "microstructure": 12.349421546615877,
        "orientation": 11.140544664536845,
        "background": 5.159210709102735
      },
      "donor_peak_window_rwp": {
        "instrument": 5.48784949745101,
        "chemistry": 5.48784949745101,
        "microstructure": 16.546432705173878,
        "orientation": 15.446070104443251,
        "background": 5.48784949745101
      }
    }
  },
  "generation_tier": "strict_core"
}
