{
  "sample_name": "BF3_2",
  "phase_id": "mp-27896",
  "formula": "BF3",
  "space_group": 2,
  "space_group_symbol": "P-1",
  "crystal_system": "triclinic",
  "source_origin": "materials_project",
  "slot": "profile",
  "formula_group_id": "B1|F3::sg::2",
  "descriptor": {
    "phase_id": "mp-27896",
    "formula": "BF3",
    "crystal_system": "triclinic",
    "elements": [
      "B",
      "F"
    ],
    "density_g_cm3": 2.176220939494792,
    "avg_z": 8.0,
    "max_z": 9.0,
    "heavy_fraction": 0.0,
    "transition_fraction": 0.0,
    "cell_lengths": [
      4.54561679,
      7.11232875,
      13.49745885
    ],
    "cell_angles": [
      86.25831411999998,
      88.78650526000001,
      71.90667452
    ],
    "cell_volume": 413.9096655592961,
    "cell_anisotropy": 2.969334960151799,
    "anisotropy_index": 1.9693349601517989,
    "theoretical_peak_count": 637,
    "peak_density": 7.4941176470588236,
    "median_gap_deg": 0.060821533203125,
    "crowded_fraction": 0.9292452830188679,
    "isolated_fraction": 0.006289308176100629,
    "simple_topology": false,
    "preferred_po_axis": [
      0,
      0,
      1
    ],
    "fluorescence_bucket": "none",
    "absorption_bucket": "light"
  },
  "generation": {
    "theta_min": 5.0,
    "theta_max": 90.0,
    "num_points": 8501,
    "template_rwp_percent": 9.386449293533015,
    "template_peak_window_rwp": 12.754118396210337,
    "template_peak_window_pearson": 0.9908575696780731,
    "synth_params": {
      "ka1": 1.5405929,
      "ka2": 1.5444274,
      "use_tch_profile": true,
      "sigma_scale": 0.915935817612402,
      "kb_ratio": 0.01500880233919089,
      "use_fcj_asymmetry": true,
      "detector_nonlinearity": 0.0,
      "use_ka2": true,
      "caglioti_u": 0.031390575609021656,
      "kb": 1.39225,
      "caglioti_w": 0.0018448797995058975,
      "detector_deadtime_coeff": 0.0,
      "axial_s_over_l": 0.0012,
      "sigma_min_deg": 0.008,
      "ka2_ratio": 0.48492173130236843,
      "caglioti_v": 0.007351125729718566,
      "sigma_deg": 0.019353384537189586,
      "use_kbeta": true,
      "beam_sample_ratio": 0.05,
      "fluorescence_level": 0.0,
      "muR": 1e-08,
      "trns": 1e-08,
      "fluorescence_decay": 3.0,
      "lorentz_z": 0.0006354236605504738,
      "strain": 0.0005623481484309537,
      "pseudo_voigt_eta": -0.038100561423341936,
      "lorentz_size": 0.009908334125014644,
      "macro_strain": 0.0,
      "sample_displacement_sr": -0.0006395883059202719,
      "size_nm": 163.18766738680247,
      "delta_deg": -0.009486637070985168,
      "lorentz_strain": 0.009,
      "po_r": 1.0,
      "air_scatter_level": 1.3367174280242036,
      "b3": 0.1494627138868337,
      "scatter_sigma_deg": 5.984483518472322,
      "b4": 0.31349578968097963,
      "scatter_level": 2.2363762161652336,
      "compton_level": 0.516782818939281,
      "holder_scatter_center_deg": 10.60642250903036,
      "a": 1.0,
      "holder_scatter_level": 1.0577727481551678,
      "scatter_center_deg": 5.426917278715111,
      "b5": -0.06738630997621678,
      "poisson_counts_max": 1601.6999999999998,
      "air_scatter_floor": 0.04082641065526568,
      "b1": 0.013887990559719171,
      "b0": 2.5647520622654447,
      "b2": -1.1971163201166726,
      "holder_scatter_sigma_deg": 6.074065463208637,
      "po_hkl_axis": [
        0.0,
        1.0,
        0.0
      ],
      "final_normalize": true
    },
    "synth_sampling_meta": {
      "family_name": "profile",
      "slot": "profile",
      "source_family": "opxrd_like",
      "preferred_source_family": "opxrd_like",
      "descriptor": {
        "phase_id": "mp-27896",
        "formula": "BF3",
        "crystal_system": "triclinic",
        "elements": [
          "B",
          "F"
        ],
        "density_g_cm3": 2.176220939494792,
        "avg_z": 8.0,
        "max_z": 9.0,
        "heavy_fraction": 0.0,
        "transition_fraction": 0.0,
        "cell_lengths": [
          4.54561679,
          7.11232875,
          13.49745885
        ],
        "cell_angles": [
          86.25831411999998,
          88.78650526000001,
          71.90667452
        ],
        "cell_volume": 413.9096655592961,
        "cell_anisotropy": 2.969334960151799,
        "anisotropy_index": 1.9693349601517989,
        "theoretical_peak_count": 637,
        "peak_density": 7.4941176470588236,
        "median_gap_deg": 0.060821533203125,
        "crowded_fraction": 0.9292452830188679,
        "isolated_fraction": 0.006289308176100629,
        "simple_topology": false,
        "preferred_po_axis": [
          0,
          0,
          1
        ],
        "fluorescence_bucket": "none",
        "absorption_bucket": "light"
      },
      "attempt": 1,
      "donor_rows": {
        "instrument": "1191__opxrd_000584__H1_Mg1_O1",
        "chemistry": "0490__rruff_R060548-1__Ca1_F2",
        "microstructure": "1191__opxrd_000584__H1_Mg1_O1",
        "orientation": "1191__opxrd_000584__H1_Mg1_O1",
        "background": "0152__rruff_R050128-1__C1_Ca1_O3"
      },
      "donor_rwp_percent": {
        "instrument": 5.159210709102735,
        "chemistry": 11.309661106744679,
        "microstructure": 5.159210709102735,
        "orientation": 5.159210709102735,
        "background": 10.060210456264361
      },
      "donor_peak_window_rwp": {
        "instrument": 5.48784949745101,
        "chemistry": 13.746162540852461,
        "microstructure": 5.48784949745101,
        "orientation": 5.48784949745101,
        "background": 12.829743047113176
      },
      "selected_sample_code": "1191__opxrd_000584__H1_Mg1_O1",
      "selected_peak_window_rwp": 5.48784949745101,
      "selected_peak_window_pearson": 0.9997162154875435,
      "selected_background_fraction": 0.43711059782680073
    },
    "original_sample_dir": "BF3_SG2",
    "original_cif_path": "phase.cif",
    "original_generated_xy_path": "generated.xy",
    "original_generation_params_json": "generation_params.json",
    "original_generation_quality_json": "generation_quality.json"
  },
  "quality": {
    "note": "These are theory-vs-generated synthetic quality indicators plus donor-template quality provenance. They are not Rietveld fit-to-experiment outputs.",
    "theory_vs_generated": {
      "profile_pearson": 0.8082130301746762,
      "profile_cosine": 0.8181151022747104,
      "rmse": 3.271255105036834,
      "mae": 1.3213888147041584,
      "background_fraction_generated": 2.8489946503174863,
      "top_peak_count_used": 20,
      "top_peak_height_log_mae": 0.3630992025619229,
      "top_peak_shift_abs_mean_deg": 0.1043463821411141,
      "peak_window_pearson": 0.7584008437376424,
      "peak_window_cosine": 0.8199881691968581
    },
    "donor_template_quality": {
      "selected_sample_code": "1191__opxrd_000584__H1_Mg1_O1",
      "selected_peak_window_rwp": 5.48784949745101,
      "selected_peak_window_pearson": 0.9997162154875435,
      "selected_background_fraction": 0.43711059782680073,
      "donor_rows": {
        "instrument": "1191__opxrd_000584__H1_Mg1_O1",
        "chemistry": "0490__rruff_R060548-1__Ca1_F2",
        "microstructure": "1191__opxrd_000584__H1_Mg1_O1",
        "orientation": "1191__opxrd_000584__H1_Mg1_O1",
        "background": "0152__rruff_R050128-1__C1_Ca1_O3"
      },
      "donor_rwp_percent": {
        "instrument": 5.159210709102735,
        "chemistry": 11.309661106744679,
        "microstructure": 5.159210709102735,
        "orientation": 5.159210709102735,
        "background": 10.060210456264361
      },
      "donor_peak_window_rwp": {
        "instrument": 5.48784949745101,
        "chemistry": 13.746162540852461,
        "microstructure": 5.48784949745101,
        "orientation": 5.48784949745101,
        "background": 12.829743047113176
      }
    }
  },
  "generation_tier": "strict_core"
}
