{
  "sample_name": "Na2O2_225",
  "phase_id": "cod_2310821",
  "formula": "Na2O2",
  "space_group": 225,
  "space_group_symbol": "Fm-3m",
  "crystal_system": "cubic",
  "source_origin": "cod",
  "slot": "anchor",
  "formula_group_id": "Na1|O1::sg::225",
  "descriptor": {
    "phase_id": "cod_2310821",
    "formula": "Na2O2",
    "crystal_system": "cubic",
    "elements": [
      "Na",
      "O"
    ],
    "density_g_cm3": 1.952281968599572,
    "avg_z": 9.5,
    "max_z": 11.0,
    "heavy_fraction": 0.0,
    "transition_fraction": 0.0,
    "cell_lengths": [
      5.1,
      5.1,
      5.1
    ],
    "cell_angles": [
      90.0,
      90.0,
      90.0
    ],
    "cell_volume": 132.65099999999998,
    "cell_anisotropy": 1.0,
    "anisotropy_index": 0.0,
    "theoretical_peak_count": 8,
    "peak_density": 0.09411764705882353,
    "median_gap_deg": 8.024909973144531,
    "crowded_fraction": 0.0,
    "isolated_fraction": 1.0,
    "simple_topology": true,
    "preferred_po_axis": [
      0,
      0,
      1
    ],
    "fluorescence_bucket": "none",
    "absorption_bucket": "light"
  },
  "generation": {
    "theta_min": 5.0,
    "theta_max": 90.0,
    "num_points": 8501,
    "template_rwp_percent": 11.309661106744679,
    "template_peak_window_rwp": 13.746162540852461,
    "template_peak_window_pearson": 0.9951391151799386,
    "synth_params": {
      "ka1": 1.5405929,
      "ka2": 1.5444274,
      "use_tch_profile": true,
      "sigma_scale": 0.9440362830576552,
      "kb_ratio": 0.0,
      "use_fcj_asymmetry": true,
      "detector_nonlinearity": 0.0,
      "use_ka2": true,
      "caglioti_u": 0.003279074167112672,
      "kb": 1.39225,
      "caglioti_w": 0.0010019906393954538,
      "detector_deadtime_coeff": 0.0,
      "axial_s_over_l": 0.00119999999999995,
      "sigma_min_deg": 0.008,
      "ka2_ratio": 0.48502655784215637,
      "caglioti_v": -0.005646438125445374,
      "sigma_deg": 0.009060480593718376,
      "use_kbeta": false,
      "beam_sample_ratio": 0.04999999999999995,
      "fluorescence_level": 0.0,
      "muR": 0.0,
      "trns": 0.0,
      "fluorescence_decay": 3.0,
      "lorentz_z": 0.014998727304406656,
      "strain": 0.0007914072527052623,
      "pseudo_voigt_eta": 0.019996180150555775,
      "lorentz_size": 0.03,
      "macro_strain": -5.662583023831052e-07,
      "sample_displacement_sr": -0.00033190744517099034,
      "size_nm": 120.00001833697779,
      "delta_deg": -0.00992093689280337,
      "lorentz_strain": 0.008,
      "po_r": 1.0,
      "air_scatter_level": 5.5000000000000004e-09,
      "b3": -3.255246552673633e-09,
      "scatter_sigma_deg": 6.0,
      "b4": 1.506681026195854e-09,
      "scatter_level": 5.5000000000000004e-09,
      "compton_level": 5.5000000000000004e-09,
      "holder_scatter_center_deg": 15.0,
      "a": 0.7714456649539052,
      "holder_scatter_level": 5.5000000000000004e-09,
      "scatter_center_deg": 15.0,
      "b5": 3.0872986350067193e-09,
      "poisson_counts_max": 1800.0,
      "air_scatter_floor": 0.05,
      "b1": -1.2769594765821228,
      "b0": 2.7224794695082695,
      "b2": 0.7542535174053153,
      "holder_scatter_sigma_deg": 4.0,
      "po_hkl_axis": [
        0.0,
        1.0,
        0.0
      ],
      "final_normalize": true
    },
    "synth_sampling_meta": {
      "family_name": "anchor",
      "slot": "anchor",
      "source_family": "rruff_like",
      "preferred_source_family": "rruff_like",
      "descriptor": {
        "phase_id": "cod_2310821",
        "formula": "Na2O2",
        "crystal_system": "cubic",
        "elements": [
          "Na",
          "O"
        ],
        "density_g_cm3": 1.952281968599572,
        "avg_z": 9.5,
        "max_z": 11.0,
        "heavy_fraction": 0.0,
        "transition_fraction": 0.0,
        "cell_lengths": [
          5.1,
          5.1,
          5.1
        ],
        "cell_angles": [
          90.0,
          90.0,
          90.0
        ],
        "cell_volume": 132.65099999999998,
        "cell_anisotropy": 1.0,
        "anisotropy_index": 0.0,
        "theoretical_peak_count": 8,
        "peak_density": 0.09411764705882353,
        "median_gap_deg": 8.024909973144531,
        "crowded_fraction": 0.0,
        "isolated_fraction": 1.0,
        "simple_topology": true,
        "preferred_po_axis": [
          0,
          0,
          1
        ],
        "fluorescence_bucket": "none",
        "absorption_bucket": "light"
      },
      "attempt": 1,
      "donor_rows": {
        "instrument": "0144__rruff_R050115-1__Ca1_F2",
        "chemistry": "0150__rruff_R050126-1__Al3_H4_Na1_O12_P2",
        "microstructure": "0490__rruff_R060548-1__Ca1_F2",
        "orientation": "0113__rruff_R050045-1__Ca1_F2",
        "background": "0490__rruff_R060548-1__Ca1_F2"
      },
      "donor_rwp_percent": {
        "instrument": 10.8136128591309,
        "chemistry": 12.349421546615877,
        "microstructure": 11.309661106744679,
        "orientation": 10.345769455766266,
        "background": 11.309661106744679
      },
      "donor_peak_window_rwp": {
        "instrument": 14.273780930421212,
        "chemistry": 16.546432705173878,
        "microstructure": 13.746162540852461,
        "orientation": 11.85177861797737,
        "background": 13.746162540852461
      },
      "selected_sample_code": "0144__rruff_R050115-1__Ca1_F2",
      "selected_peak_window_rwp": 14.273780930421212,
      "selected_peak_window_pearson": 0.9900974432048891,
      "selected_background_fraction": 0.3059909209931564
    },
    "original_sample_dir": "Na2O2_SG225",
    "original_cif_path": "phase.cif",
    "original_generated_xy_path": "generated.xy",
    "original_generation_params_json": "generation_params.json",
    "original_generation_quality_json": "generation_quality.json"
  },
  "quality": {
    "note": "These are theory-vs-generated synthetic quality indicators plus donor-template quality provenance. They are not Rietveld fit-to-experiment outputs.",
    "theory_vs_generated": {
      "profile_pearson": 0.9146295377124148,
      "profile_cosine": 0.904704762346216,
      "rmse": 2.094128948081041,
      "mae": 0.9100896288294373,
      "background_fraction_generated": 2.0218105320531112,
      "top_peak_count_used": 8,
      "top_peak_height_log_mae": 2.694720631896791,
      "top_peak_shift_abs_mean_deg": 0.0693027496337888,
      "peak_window_pearson": 0.9089254007492703,
      "peak_window_cosine": 0.9158235128828643
    },
    "donor_template_quality": {
      "selected_sample_code": "0144__rruff_R050115-1__Ca1_F2",
      "selected_peak_window_rwp": 14.273780930421212,
      "selected_peak_window_pearson": 0.9900974432048891,
      "selected_background_fraction": 0.3059909209931564,
      "donor_rows": {
        "instrument": "0144__rruff_R050115-1__Ca1_F2",
        "chemistry": "0150__rruff_R050126-1__Al3_H4_Na1_O12_P2",
        "microstructure": "0490__rruff_R060548-1__Ca1_F2",
        "orientation": "0113__rruff_R050045-1__Ca1_F2",
        "background": "0490__rruff_R060548-1__Ca1_F2"
      },
      "donor_rwp_percent": {
        "instrument": 10.8136128591309,
        "chemistry": 12.349421546615877,
        "microstructure": 11.309661106744679,
        "orientation": 10.345769455766266,
        "background": 11.309661106744679
      },
      "donor_peak_window_rwp": {
        "instrument": 14.273780930421212,
        "chemistry": 16.546432705173878,
        "microstructure": 13.746162540852461,
        "orientation": 11.85177861797737,
        "background": 13.746162540852461
      }
    }
  },
  "generation_tier": "strict_core"
}
