{
  "sample_name": "Si_175",
  "phase_id": "mp-1268191",
  "formula": "Si",
  "space_group": 175,
  "space_group_symbol": "P6/m",
  "crystal_system": "hexagonal",
  "source_origin": "materials_project",
  "slot": "anchor",
  "formula_group_id": "Si1::sg::175",
  "descriptor": {
    "phase_id": "mp-1268191",
    "formula": "Si",
    "crystal_system": "hexagonal",
    "elements": [
      "Si"
    ],
    "density_g_cm3": 2.864723949499961,
    "avg_z": 14.0,
    "max_z": 14.0,
    "heavy_fraction": 0.0,
    "transition_fraction": 0.0,
    "cell_lengths": [
      6.75212659,
      6.75212659,
      2.47393307
    ],
    "cell_angles": [
      90.0,
      90.0,
      120.00000000000001
    ],
    "cell_volume": 97.67866819061538,
    "cell_anisotropy": 2.7293085135888493,
    "anisotropy_index": 1.7293085135888493,
    "theoretical_peak_count": 28,
    "peak_density": 0.32941176470588235,
    "median_gap_deg": 2.002166748046875,
    "crowded_fraction": 0.0,
    "isolated_fraction": 0.7407407407407407,
    "simple_topology": false,
    "preferred_po_axis": [
      0,
      0,
      1
    ],
    "fluorescence_bucket": "none",
    "absorption_bucket": "light"
  },
  "generation": {
    "theta_min": 5.0,
    "theta_max": 90.0,
    "num_points": 8501,
    "template_rwp_percent": 12.230971149753874,
    "template_peak_window_rwp": 16.61381662608072,
    "template_peak_window_pearson": 0.9948239611051984,
    "synth_params": {
      "ka1": 1.5405929,
      "ka2": 1.5444274,
      "use_tch_profile": true,
      "sigma_scale": 0.6,
      "kb_ratio": 0.015010747347508034,
      "use_fcj_asymmetry": true,
      "detector_nonlinearity": 0.0,
      "use_ka2": true,
      "caglioti_u": 0.019868777420733293,
      "kb": 1.39225,
      "caglioti_w": 0.0015550706483665486,
      "detector_deadtime_coeff": 0.0,
      "axial_s_over_l": 0.0011999931661421603,
      "sigma_min_deg": 0.008202496160475631,
      "ka2_ratio": 0.4850937269972203,
      "caglioti_v": -0.0128329084649674,
      "sigma_deg": 0.01620000190114841,
      "use_kbeta": true,
      "beam_sample_ratio": 0.05,
      "fluorescence_level": 0.0,
      "muR": 0.0,
      "trns": 0.0,
      "fluorescence_decay": 3.0,
      "lorentz_z": 0.00011692124277869222,
      "strain": 2.0890460626993178e-05,
      "pseudo_voigt_eta": -0.005038350347928382,
      "lorentz_size": 0.03,
      "macro_strain": 0.0,
      "sample_displacement_sr": -0.000335218198833255,
      "size_nm": 198.3215592988922,
      "delta_deg": -0.009437018111748793,
      "lorentz_strain": 0.0002876675853948984,
      "po_r": 1.0,
      "air_scatter_level": 5.5e-09,
      "b3": -0.1755067322841092,
      "scatter_sigma_deg": 5.999999999999611,
      "b4": 0.17868298723793835,
      "scatter_level": 5.5000000000000004e-09,
      "compton_level": 2.8394658372251715e-05,
      "holder_scatter_center_deg": 15.0,
      "a": 1.196117088343281,
      "holder_scatter_level": 5.500000035593745e-09,
      "scatter_center_deg": 14.999999999998556,
      "b5": 0.1394352857747536,
      "poisson_counts_max": 1800.0,
      "air_scatter_floor": 0.05000000000050871,
      "b1": -1.4872622355899847,
      "b0": 3.1830981436792447,
      "b2": 0.8856460116469855,
      "holder_scatter_sigma_deg": 4.000000000000357,
      "po_hkl_axis": [
        0.0,
        1.0,
        0.0
      ],
      "final_normalize": true
    },
    "synth_sampling_meta": {
      "family_name": "anchor",
      "slot": "anchor",
      "source_family": "rruff_like",
      "preferred_source_family": "rruff_like",
      "descriptor": {
        "phase_id": "mp-1268191",
        "formula": "Si",
        "crystal_system": "hexagonal",
        "elements": [
          "Si"
        ],
        "density_g_cm3": 2.864723949499961,
        "avg_z": 14.0,
        "max_z": 14.0,
        "heavy_fraction": 0.0,
        "transition_fraction": 0.0,
        "cell_lengths": [
          6.75212659,
          6.75212659,
          2.47393307
        ],
        "cell_angles": [
          90.0,
          90.0,
          120.00000000000001
        ],
        "cell_volume": 97.67866819061538,
        "cell_anisotropy": 2.7293085135888493,
        "anisotropy_index": 1.7293085135888493,
        "theoretical_peak_count": 28,
        "peak_density": 0.32941176470588235,
        "median_gap_deg": 2.002166748046875,
        "crowded_fraction": 0.0,
        "isolated_fraction": 0.7407407407407407,
        "simple_topology": false,
        "preferred_po_axis": [
          0,
          0,
          1
        ],
        "fluorescence_bucket": "none",
        "absorption_bucket": "light"
      },
      "attempt": 1,
      "donor_rows": {
        "instrument": "0057__rruff_R040098-1__Ca5_F1_O12_P3",
        "chemistry": "0098__rruff_R050009-1__C1_Ca1_O3",
        "microstructure": "0254__rruff_R050369-1__Ca5_F1_O12_P3",
        "orientation": "0254__rruff_R050369-1__Ca5_F1_O12_P3",
        "background": "0113__rruff_R050045-1__Ca1_F2"
      },
      "donor_rwp_percent": {
        "instrument": 13.722656894319407,
        "chemistry": 10.473963597060688,
        "microstructure": 13.558574059798776,
        "orientation": 13.558574059798776,
        "background": 10.345769455766266
      },
      "donor_peak_window_rwp": {
        "instrument": 18.779898403060326,
        "chemistry": 13.939634579044661,
        "microstructure": 18.528929065551917,
        "orientation": 18.528929065551917,
        "background": 11.85177861797737
      },
      "selected_sample_code": "0057__rruff_R040098-1__Ca5_F1_O12_P3",
      "selected_peak_window_rwp": 18.779898403060326,
      "selected_peak_window_pearson": 0.9873555683374622,
      "selected_background_fraction": 0.33176687476325667
    },
    "original_sample_dir": "Si_SG175",
    "original_cif_path": "phase.cif",
    "original_generated_xy_path": "generated.xy",
    "original_generation_params_json": "generation_params.json",
    "original_generation_quality_json": "generation_quality.json"
  },
  "quality": {
    "note": "These are theory-vs-generated synthetic quality indicators plus donor-template quality provenance. They are not Rietveld fit-to-experiment outputs.",
    "theory_vs_generated": {
      "profile_pearson": 0.926893636774942,
      "profile_cosine": 0.925075007468287,
      "rmse": 1.8806165400087407,
      "mae": 0.6422409993034769,
      "background_fraction_generated": 2.6930954079165486,
      "top_peak_count_used": 20,
      "top_peak_height_log_mae": 0.5596657478056866,
      "top_peak_shift_abs_mean_deg": 0.0409623146057128,
      "peak_window_pearson": 0.919926913375817,
      "peak_window_cosine": 0.9286865212570684
    },
    "donor_template_quality": {
      "selected_sample_code": "0057__rruff_R040098-1__Ca5_F1_O12_P3",
      "selected_peak_window_rwp": 18.779898403060326,
      "selected_peak_window_pearson": 0.9873555683374622,
      "selected_background_fraction": 0.33176687476325667,
      "donor_rows": {
        "instrument": "0057__rruff_R040098-1__Ca5_F1_O12_P3",
        "chemistry": "0098__rruff_R050009-1__C1_Ca1_O3",
        "microstructure": "0254__rruff_R050369-1__Ca5_F1_O12_P3",
        "orientation": "0254__rruff_R050369-1__Ca5_F1_O12_P3",
        "background": "0113__rruff_R050045-1__Ca1_F2"
      },
      "donor_rwp_percent": {
        "instrument": 13.722656894319407,
        "chemistry": 10.473963597060688,
        "microstructure": 13.558574059798776,
        "orientation": 13.558574059798776,
        "background": 10.345769455766266
      },
      "donor_peak_window_rwp": {
        "instrument": 18.779898403060326,
        "chemistry": 13.939634579044661,
        "microstructure": 18.528929065551917,
        "orientation": 18.528929065551917,
        "background": 11.85177861797737
      }
    }
  },
  "generation_tier": "strict_core"
}
