{
  "sample_name": "Li5AlSe4_11",
  "phase_id": "cod_7711679",
  "formula": "Li5AlSe4",
  "space_group": 11,
  "space_group_symbol": "P2_1/m",
  "crystal_system": "monoclinic",
  "source_origin": "cod",
  "slot": "profile",
  "formula_group_id": "Al1|Li5|Se4::sg::11",
  "descriptor": {
    "phase_id": "cod_7711679",
    "formula": "Li5AlSe4",
    "crystal_system": "monoclinic",
    "elements": [
      "Al",
      "Li",
      "Se"
    ],
    "density_g_cm3": 3.2388732934863476,
    "avg_z": 16.4,
    "max_z": 34.0,
    "heavy_fraction": 0.0,
    "transition_fraction": 0.0,
    "cell_lengths": [
      6.545,
      8.233,
      7.184
    ],
    "cell_angles": [
      90.0,
      90.14900000000002,
      90.0
    ],
    "cell_volume": 387.1084232656949,
    "cell_anisotropy": 1.2579067990832697,
    "anisotropy_index": 0.25790679908326974,
    "theoretical_peak_count": 336,
    "peak_density": 3.9529411764705884,
    "median_gap_deg": 0.09617996215820312,
    "crowded_fraction": 0.8477611940298507,
    "isolated_fraction": 0.029850746268656716,
    "simple_topology": false,
    "preferred_po_axis": [
      0,
      1,
      0
    ],
    "fluorescence_bucket": "none",
    "absorption_bucket": "medium"
  },
  "generation": {
    "theta_min": 5.0,
    "theta_max": 90.0,
    "num_points": 8501,
    "template_rwp_percent": 11.336277291932815,
    "template_peak_window_rwp": 11.208554719735723,
    "template_peak_window_pearson": 0.9683505557392063,
    "synth_params": {
      "ka1": 1.5405929,
      "ka2": 1.5444274,
      "use_tch_profile": true,
      "sigma_scale": 0.915935817612402,
      "kb_ratio": 0.01500880233919089,
      "use_fcj_asymmetry": true,
      "detector_nonlinearity": 0.0,
      "use_ka2": true,
      "caglioti_u": 0.031390575609021656,
      "kb": 1.39225,
      "caglioti_w": 0.0018448797995058975,
      "detector_deadtime_coeff": 0.0,
      "axial_s_over_l": 0.0012,
      "sigma_min_deg": 0.008,
      "ka2_ratio": 0.48492173130236843,
      "caglioti_v": 0.007351125729718566,
      "sigma_deg": 0.019353384537189586,
      "use_kbeta": true,
      "beam_sample_ratio": 0.05,
      "fluorescence_level": 0.0,
      "muR": 0.05999741697006496,
      "trns": 0.08,
      "fluorescence_decay": 3.0,
      "lorentz_z": 0.00022963776115713248,
      "strain": 2.8585091953874865e-05,
      "pseudo_voigt_eta": -0.03819439894674802,
      "lorentz_size": 0.032,
      "macro_strain": 0.0,
      "sample_displacement_sr": -0.0009847952734493629,
      "size_nm": 180.0,
      "delta_deg": -0.009473085371824124,
      "lorentz_strain": 0.0039759046170622855,
      "po_r": 1.0,
      "air_scatter_level": 1.5043160827637982,
      "b3": 0.10299375283530815,
      "scatter_sigma_deg": 7.699100070281181,
      "b4": 0.31282989258554345,
      "scatter_level": 0.3289544528942388,
      "compton_level": 0.21821706008330488,
      "holder_scatter_center_deg": 8.452854877903937,
      "a": 2.5764626566355977,
      "holder_scatter_level": 0.17441951742242592,
      "scatter_center_deg": 24.028142905786652,
      "b5": -0.3304254188588024,
      "poisson_counts_max": 5609.75,
      "air_scatter_floor": 0.015831746406588215,
      "b1": -1.117342928390338,
      "b0": 9.41725529385996,
      "b2": -2.190287781237602,
      "holder_scatter_sigma_deg": 4.455131483066237,
      "po_hkl_axis": [
        0.0,
        1.0,
        0.0
      ],
      "final_normalize": true
    },
    "synth_sampling_meta": {
      "family_name": "profile",
      "slot": "profile",
      "source_family": "opxrd_like",
      "preferred_source_family": "opxrd_like",
      "descriptor": {
        "phase_id": "cod_7711679",
        "formula": "Li5AlSe4",
        "crystal_system": "monoclinic",
        "elements": [
          "Al",
          "Li",
          "Se"
        ],
        "density_g_cm3": 3.2388732934863476,
        "avg_z": 16.4,
        "max_z": 34.0,
        "heavy_fraction": 0.0,
        "transition_fraction": 0.0,
        "cell_lengths": [
          6.545,
          8.233,
          7.184
        ],
        "cell_angles": [
          90.0,
          90.14900000000002,
          90.0
        ],
        "cell_volume": 387.1084232656949,
        "cell_anisotropy": 1.2579067990832697,
        "anisotropy_index": 0.25790679908326974,
        "theoretical_peak_count": 336,
        "peak_density": 3.9529411764705884,
        "median_gap_deg": 0.09617996215820312,
        "crowded_fraction": 0.8477611940298507,
        "isolated_fraction": 0.029850746268656716,
        "simple_topology": false,
        "preferred_po_axis": [
          0,
          1,
          0
        ],
        "fluorescence_bucket": "none",
        "absorption_bucket": "medium"
      },
      "attempt": 1,
      "donor_rows": {
        "instrument": "1191__opxrd_000584__H1_Mg1_O1",
        "chemistry": "0595__rruff_R070589-1__H8_Mg1_O8_S1",
        "microstructure": "0328__rruff_R050520-1__Be1_Ca1_O5_P1",
        "orientation": "0363__rruff_R050638-1__C2_Cu3_H2_O8",
        "background": "0296__rruff_R050443-1__C1_Mg1_O3"
      },
      "donor_rwp_percent": {
        "instrument": 5.159210709102735,
        "chemistry": 23.89073423416258,
        "microstructure": 13.16757170747424,
        "orientation": 11.336277291932815,
        "background": 27.08433368266328
      },
      "donor_peak_window_rwp": {
        "instrument": 5.48784949745101,
        "chemistry": 24.378023894358048,
        "microstructure": 18.431471601339165,
        "orientation": 11.208554719735723,
        "background": 13.745715758604918
      },
      "selected_sample_code": "1191__opxrd_000584__H1_Mg1_O1",
      "selected_peak_window_rwp": 5.48784949745101,
      "selected_peak_window_pearson": 0.9997162154875435,
      "selected_background_fraction": 0.3921797860339511
    },
    "original_sample_dir": "Li5AlSe4_SG11",
    "original_cif_path": "phase.cif",
    "original_generated_xy_path": "generated.xy",
    "original_generation_params_json": "generation_params.json",
    "original_generation_quality_json": "generation_quality.json"
  },
  "quality": {
    "note": "These are theory-vs-generated synthetic quality indicators plus donor-template quality provenance. They are not Rietveld fit-to-experiment outputs.",
    "theory_vs_generated": {
      "profile_pearson": 0.7472174141743291,
      "profile_cosine": 0.7562102500668642,
      "rmse": 3.877870861836406,
      "mae": 1.3861724181123745,
      "background_fraction_generated": 6.7310014252775705,
      "top_peak_count_used": 20,
      "top_peak_height_log_mae": 1.600862868654462,
      "top_peak_shift_abs_mean_deg": 0.1535360336303711,
      "peak_window_pearson": 0.6605323424708732,
      "peak_window_cosine": 0.7609025717759597
    },
    "donor_template_quality": {
      "selected_sample_code": "1191__opxrd_000584__H1_Mg1_O1",
      "selected_peak_window_rwp": 5.48784949745101,
      "selected_peak_window_pearson": 0.9997162154875435,
      "selected_background_fraction": 0.3921797860339511,
      "donor_rows": {
        "instrument": "1191__opxrd_000584__H1_Mg1_O1",
        "chemistry": "0595__rruff_R070589-1__H8_Mg1_O8_S1",
        "microstructure": "0328__rruff_R050520-1__Be1_Ca1_O5_P1",
        "orientation": "0363__rruff_R050638-1__C2_Cu3_H2_O8",
        "background": "0296__rruff_R050443-1__C1_Mg1_O3"
      },
      "donor_rwp_percent": {
        "instrument": 5.159210709102735,
        "chemistry": 23.89073423416258,
        "microstructure": 13.16757170747424,
        "orientation": 11.336277291932815,
        "background": 27.08433368266328
      },
      "donor_peak_window_rwp": {
        "instrument": 5.48784949745101,
        "chemistry": 24.378023894358048,
        "microstructure": 18.431471601339165,
        "orientation": 11.208554719735723,
        "background": 13.745715758604918
      }
    }
  },
  "generation_tier": "strict_core"
}
