{
  "sample_name": "Bi2O3_114",
  "phase_id": "mp-23195",
  "formula": "Bi2O3",
  "space_group": 114,
  "space_group_symbol": "P-42_1c",
  "crystal_system": "tetragonal",
  "source_origin": "materials_project",
  "slot": "background",
  "formula_group_id": "Bi2|O3::sg::114",
  "descriptor": {
    "phase_id": "mp-23195",
    "formula": "Bi2O3",
    "crystal_system": "tetragonal",
    "elements": [
      "Bi",
      "O"
    ],
    "density_g_cm3": 9.025910170275026,
    "avg_z": 38.0,
    "max_z": 83.0,
    "heavy_fraction": 0.4,
    "transition_fraction": 0.0,
    "cell_lengths": [
      7.83995421,
      7.83995421,
      5.57877357
    ],
    "cell_angles": [
      90.0,
      90.0,
      90.0
    ],
    "cell_volume": 342.89865926787417,
    "cell_anisotropy": 1.4053185904800936,
    "anisotropy_index": 0.40531859048009355,
    "theoretical_peak_count": 88,
    "peak_density": 1.035294117647059,
    "median_gap_deg": 0.6912078857421875,
    "crowded_fraction": 0.39080459770114945,
    "isolated_fraction": 0.25287356321839083,
    "simple_topology": false,
    "preferred_po_axis": [
      0,
      0,
      1
    ],
    "fluorescence_bucket": "moderate",
    "absorption_bucket": "heavy"
  },
  "generation": {
    "theta_min": 5.0,
    "theta_max": 90.0,
    "num_points": 8501,
    "template_rwp_percent": 11.310710506171425,
    "template_peak_window_rwp": 13.039616858422296,
    "template_peak_window_pearson": 0.9953688247628263,
    "synth_params": {
      "ka1": 1.5405929,
      "ka2": 1.5444274,
      "use_tch_profile": true,
      "sigma_scale": 0.915935817612402,
      "kb_ratio": 0.01500880233919089,
      "use_fcj_asymmetry": true,
      "detector_nonlinearity": 0.0,
      "use_ka2": true,
      "caglioti_u": 0.031390575609021656,
      "kb": 1.39225,
      "caglioti_w": 0.0018448797995058975,
      "detector_deadtime_coeff": 0.0,
      "axial_s_over_l": 0.0012,
      "sigma_min_deg": 0.008,
      "ka2_ratio": 0.48492173130236843,
      "caglioti_v": 0.007351125729718566,
      "sigma_deg": 0.01878969372542678,
      "use_kbeta": true,
      "beam_sample_ratio": 0.05,
      "fluorescence_level": 1.0,
      "muR": 0.04,
      "trns": 0.03,
      "fluorescence_decay": 2.9997549172892497,
      "lorentz_z": 1.0000000000002677e-08,
      "strain": 0.0005179660556400223,
      "pseudo_voigt_eta": 0.17999999000010616,
      "lorentz_size": 0.0010441820989178865,
      "macro_strain": -6.1452475216263325e-06,
      "sample_displacement_sr": -0.0004449801257921904,
      "size_nm": 180.0,
      "delta_deg": -0.010485197032807442,
      "lorentz_strain": 0.008,
      "po_r": 1.0,
      "air_scatter_level": 0.16716235278565222,
      "b3": -0.050696055919324925,
      "scatter_sigma_deg": 7.994250563355047,
      "b4": 0.030554804398778942,
      "scatter_level": 1.2,
      "compton_level": 0.6477500667647023,
      "holder_scatter_center_deg": 5.917775948139243,
      "a": 1.273964759957546,
      "holder_scatter_level": 1.1592784177839683,
      "scatter_center_deg": 6.714385931166563,
      "b5": -0.05671939724153431,
      "poisson_counts_max": 900.0,
      "air_scatter_floor": 0.3184358518886902,
      "b1": 1.7015354214381029,
      "b0": 6.736836908284652,
      "b2": 0.05655395834003362,
      "holder_scatter_sigma_deg": 4.954347942499069,
      "po_hkl_axis": [
        0.0,
        1.0,
        0.0
      ],
      "final_normalize": true
    },
    "synth_sampling_meta": {
      "family_name": "background",
      "slot": "background",
      "source_family": "opxrd_like",
      "preferred_source_family": "opxrd_like",
      "descriptor": {
        "phase_id": "mp-23195",
        "formula": "Bi2O3",
        "crystal_system": "tetragonal",
        "elements": [
          "Bi",
          "O"
        ],
        "density_g_cm3": 9.025910170275026,
        "avg_z": 38.0,
        "max_z": 83.0,
        "heavy_fraction": 0.4,
        "transition_fraction": 0.0,
        "cell_lengths": [
          7.83995421,
          7.83995421,
          5.57877357
        ],
        "cell_angles": [
          90.0,
          90.0,
          90.0
        ],
        "cell_volume": 342.89865926787417,
        "cell_anisotropy": 1.4053185904800936,
        "anisotropy_index": 0.40531859048009355,
        "theoretical_peak_count": 88,
        "peak_density": 1.035294117647059,
        "median_gap_deg": 0.6912078857421875,
        "crowded_fraction": 0.39080459770114945,
        "isolated_fraction": 0.25287356321839083,
        "simple_topology": false,
        "preferred_po_axis": [
          0,
          0,
          1
        ],
        "fluorescence_bucket": "moderate",
        "absorption_bucket": "heavy"
      },
      "attempt": 1,
      "donor_rows": {
        "instrument": "1191__opxrd_000584__H1_Mg1_O1",
        "chemistry": "0010__rruff_R040017-1__O2_Sn1",
        "microstructure": "0010__rruff_R040017-1__O2_Sn1",
        "orientation": "0454__rruff_R060417-1__Ca1_O4_W1",
        "background": "0320__rruff_R050501-1__Mo1_O4_Pb1"
      },
      "donor_rwp_percent": {
        "instrument": 5.159210709102735,
        "chemistry": 11.310710506171425,
        "microstructure": 11.310710506171425,
        "orientation": 20.538160106639065,
        "background": 28.68148207760901
      },
      "donor_peak_window_rwp": {
        "instrument": 5.48784949745101,
        "chemistry": 13.039616858422296,
        "microstructure": 13.039616858422296,
        "orientation": 17.54785920227529,
        "background": 22.790795125536757
      },
      "selected_sample_code": "1191__opxrd_000584__H1_Mg1_O1",
      "selected_peak_window_rwp": 5.48784949745101,
      "selected_peak_window_pearson": 0.9997162154875435,
      "selected_background_fraction": 0.48137610914666
    },
    "original_sample_dir": "Bi2O3_SG114",
    "original_cif_path": "phase.cif",
    "original_generated_xy_path": "generated.xy",
    "original_generation_params_json": "generation_params.json",
    "original_generation_quality_json": "generation_quality.json"
  },
  "quality": {
    "note": "These are theory-vs-generated synthetic quality indicators plus donor-template quality provenance. They are not Rietveld fit-to-experiment outputs.",
    "theory_vs_generated": {
      "profile_pearson": 0.8928930336957737,
      "profile_cosine": 0.8689813967997738,
      "rmse": 2.2782267595179695,
      "mae": 1.3292799222778153,
      "background_fraction_generated": 4.453616687061567,
      "top_peak_count_used": 20,
      "top_peak_height_log_mae": 12.074543919520668,
      "top_peak_shift_abs_mean_deg": 0.2555416641235347,
      "peak_window_pearson": 0.8857189461244259,
      "peak_window_cosine": 0.892363600376193
    },
    "donor_template_quality": {
      "selected_sample_code": "1191__opxrd_000584__H1_Mg1_O1",
      "selected_peak_window_rwp": 5.48784949745101,
      "selected_peak_window_pearson": 0.9997162154875435,
      "selected_background_fraction": 0.48137610914666,
      "donor_rows": {
        "instrument": "1191__opxrd_000584__H1_Mg1_O1",
        "chemistry": "0010__rruff_R040017-1__O2_Sn1",
        "microstructure": "0010__rruff_R040017-1__O2_Sn1",
        "orientation": "0454__rruff_R060417-1__Ca1_O4_W1",
        "background": "0320__rruff_R050501-1__Mo1_O4_Pb1"
      },
      "donor_rwp_percent": {
        "instrument": 5.159210709102735,
        "chemistry": 11.310710506171425,
        "microstructure": 11.310710506171425,
        "orientation": 20.538160106639065,
        "background": 28.68148207760901
      },
      "donor_peak_window_rwp": {
        "instrument": 5.48784949745101,
        "chemistry": 13.039616858422296,
        "microstructure": 13.039616858422296,
        "orientation": 17.54785920227529,
        "background": 22.790795125536757
      }
    }
  },
  "generation_tier": "strict_core"
}
