{
  "sample_name": "Ge_69",
  "phase_id": "mp-148",
  "formula": "Ge",
  "space_group": 69,
  "space_group_symbol": "Fmmm",
  "crystal_system": "orthorhombic",
  "source_origin": "materials_project",
  "slot": "anchor",
  "formula_group_id": "Ge1::sg::69",
  "descriptor": {
    "phase_id": "mp-148",
    "formula": "Ge",
    "crystal_system": "orthorhombic",
    "elements": [
      "Ge"
    ],
    "density_g_cm3": 6.21237727167989,
    "avg_z": 32.0,
    "max_z": 32.0,
    "heavy_fraction": 0.0,
    "transition_fraction": 0.0,
    "cell_lengths": [
      5.260994,
      5.77148,
      10.23133
    ],
    "cell_angles": [
      90.0,
      90.0,
      90.0
    ],
    "cell_volume": 310.66125624075363,
    "cell_anisotropy": 1.9447522654464156,
    "anisotropy_index": 0.9447522654464156,
    "theoretical_peak_count": 47,
    "peak_density": 0.5529411764705883,
    "median_gap_deg": 1.1588859558105469,
    "crowded_fraction": 0.1956521739130435,
    "isolated_fraction": 0.4782608695652174,
    "simple_topology": false,
    "preferred_po_axis": [
      0,
      0,
      1
    ],
    "fluorescence_bucket": "none",
    "absorption_bucket": "medium"
  },
  "generation": {
    "theta_min": 5.0,
    "theta_max": 90.0,
    "num_points": 8501,
    "template_rwp_percent": 10.842870596894375,
    "template_peak_window_rwp": 9.019290975003878,
    "template_peak_window_pearson": 0.9923523761905567,
    "synth_params": {
      "ka1": 1.5405929,
      "ka2": 1.5444274,
      "use_tch_profile": true,
      "sigma_scale": 0.9574859143803218,
      "kb_ratio": 0.015000002510671177,
      "use_fcj_asymmetry": true,
      "detector_nonlinearity": 0.0,
      "use_ka2": true,
      "caglioti_u": 0.0035742920919578816,
      "kb": 1.39225,
      "caglioti_w": 0.0008231501456823446,
      "detector_deadtime_coeff": 0.0,
      "axial_s_over_l": 0.0012,
      "sigma_min_deg": 0.008,
      "ka2_ratio": 0.4850037809953492,
      "caglioti_v": -0.006537287730456606,
      "sigma_deg": 0.028647274094112517,
      "use_kbeta": true,
      "beam_sample_ratio": 0.05,
      "fluorescence_level": 0.0,
      "muR": 0.05993893297052647,
      "trns": 0.08,
      "fluorescence_decay": 3.0,
      "lorentz_z": 0.0025615741864937146,
      "strain": 0.00035251942474801733,
      "pseudo_voigt_eta": 0.019998137563054755,
      "lorentz_size": 0.03,
      "macro_strain": 0.0007754606980393147,
      "sample_displacement_sr": -0.0004363673523633122,
      "size_nm": 214.42985623728077,
      "delta_deg": -0.00985351084817813,
      "lorentz_strain": 0.008,
      "po_r": 1.0,
      "air_scatter_level": 5.500000000000385e-09,
      "b3": 6.3203101563040995e-06,
      "scatter_sigma_deg": 6.0,
      "b4": -2.7325016753084457e-06,
      "scatter_level": 5.499999999998345e-09,
      "compton_level": 5.499999999999996e-09,
      "holder_scatter_center_deg": 15.0,
      "a": 0.977906046144876,
      "holder_scatter_level": 5.500000000002196e-09,
      "scatter_center_deg": 15.0,
      "b5": 1.6491811420758495e-06,
      "poisson_counts_max": 2584.7999999999997,
      "air_scatter_floor": 0.049999999999999996,
      "b1": -1.0621837808842336,
      "b0": 2.7818043743245324,
      "b2": 0.8246859397168971,
      "holder_scatter_sigma_deg": 4.0,
      "po_hkl_axis": [
        0.0,
        0.0,
        1.0
      ],
      "final_normalize": true
    },
    "synth_sampling_meta": {
      "family_name": "anchor",
      "slot": "anchor",
      "source_family": "rruff_like",
      "preferred_source_family": "rruff_like",
      "descriptor": {
        "phase_id": "mp-148",
        "formula": "Ge",
        "crystal_system": "orthorhombic",
        "elements": [
          "Ge"
        ],
        "density_g_cm3": 6.21237727167989,
        "avg_z": 32.0,
        "max_z": 32.0,
        "heavy_fraction": 0.0,
        "transition_fraction": 0.0,
        "cell_lengths": [
          5.260994,
          5.77148,
          10.23133
        ],
        "cell_angles": [
          90.0,
          90.0,
          90.0
        ],
        "cell_volume": 310.66125624075363,
        "cell_anisotropy": 1.9447522654464156,
        "anisotropy_index": 0.9447522654464156,
        "theoretical_peak_count": 47,
        "peak_density": 0.5529411764705883,
        "median_gap_deg": 1.1588859558105469,
        "crowded_fraction": 0.1956521739130435,
        "isolated_fraction": 0.4782608695652174,
        "simple_topology": false,
        "preferred_po_axis": [
          0,
          0,
          1
        ],
        "fluorescence_bucket": "none",
        "absorption_bucket": "medium"
      },
      "attempt": 1,
      "donor_rows": {
        "instrument": "0490__rruff_R060548-1__Ca1_F2",
        "chemistry": "0144__rruff_R050115-1__Ca1_F2",
        "microstructure": "0249__rruff_R050363-1__O2_Ti1",
        "orientation": "0249__rruff_R050363-1__O2_Ti1",
        "background": "0144__rruff_R050115-1__Ca1_F2"
      },
      "donor_rwp_percent": {
        "instrument": 11.309661106744679,
        "chemistry": 10.8136128591309,
        "microstructure": 14.776303909097866,
        "orientation": 14.776303909097866,
        "background": 10.8136128591309
      },
      "donor_peak_window_rwp": {
        "instrument": 13.746162540852461,
        "chemistry": 14.273780930421212,
        "microstructure": 20.08462830562262,
        "orientation": 20.08462830562262,
        "background": 14.273780930421212
      },
      "selected_sample_code": "0490__rruff_R060548-1__Ca1_F2",
      "selected_peak_window_rwp": 13.746162540852461,
      "selected_peak_window_pearson": 0.9951391151799386,
      "selected_background_fraction": 0.2583068632884111
    },
    "original_sample_dir": "Ge_SG69",
    "original_cif_path": "phase.cif",
    "original_generated_xy_path": "generated.xy",
    "original_generation_params_json": "generation_params.json",
    "original_generation_quality_json": "generation_quality.json"
  },
  "quality": {
    "note": "These are theory-vs-generated synthetic quality indicators plus donor-template quality provenance. They are not Rietveld fit-to-experiment outputs.",
    "theory_vs_generated": {
      "profile_pearson": 0.9658183975763402,
      "profile_cosine": 0.9602269667623877,
      "rmse": 1.9919547869756749,
      "mae": 1.003193059824888,
      "background_fraction_generated": 1.363709997629928,
      "top_peak_count_used": 20,
      "top_peak_height_log_mae": 0.278946360215838,
      "top_peak_shift_abs_mean_deg": 0.053876937866210284,
      "peak_window_pearson": 0.9663484965375543,
      "peak_window_cosine": 0.9644407189029887
    },
    "donor_template_quality": {
      "selected_sample_code": "0490__rruff_R060548-1__Ca1_F2",
      "selected_peak_window_rwp": 13.746162540852461,
      "selected_peak_window_pearson": 0.9951391151799386,
      "selected_background_fraction": 0.2583068632884111,
      "donor_rows": {
        "instrument": "0490__rruff_R060548-1__Ca1_F2",
        "chemistry": "0144__rruff_R050115-1__Ca1_F2",
        "microstructure": "0249__rruff_R050363-1__O2_Ti1",
        "orientation": "0249__rruff_R050363-1__O2_Ti1",
        "background": "0144__rruff_R050115-1__Ca1_F2"
      },
      "donor_rwp_percent": {
        "instrument": 11.309661106744679,
        "chemistry": 10.8136128591309,
        "microstructure": 14.776303909097866,
        "orientation": 14.776303909097866,
        "background": 10.8136128591309
      },
      "donor_peak_window_rwp": {
        "instrument": 13.746162540852461,
        "chemistry": 14.273780930421212,
        "microstructure": 20.08462830562262,
        "orientation": 20.08462830562262,
        "background": 14.273780930421212
      }
    }
  },
  "generation_tier": "strict_core"
}
