{
  "sample_name": "AlI3O17_1",
  "phase_id": "cod_1530810",
  "formula": "AlI3O17",
  "space_group": 1,
  "space_group_symbol": "P1",
  "crystal_system": "triclinic",
  "source_origin": "cod",
  "slot": "profile",
  "formula_group_id": "Al1|I3|O17::sg::1",
  "descriptor": {
    "phase_id": "cod_1530810",
    "formula": "AlI3O17",
    "crystal_system": "triclinic",
    "elements": [
      "Al",
      "I",
      "O"
    ],
    "density_g_cm3": 2.964018349160545,
    "avg_z": 14.666666666666666,
    "max_z": 53.0,
    "heavy_fraction": 0.0,
    "transition_fraction": 0.0,
    "cell_lengths": [
      7.473,
      8.391999999999998,
      13.574
    ],
    "cell_angles": [
      89.93,
      87.62000000000002,
      63.580000000000005
    ],
    "cell_volume": 761.5628155061975,
    "cell_anisotropy": 1.8164057272848924,
    "anisotropy_index": 0.8164057272848924,
    "theoretical_peak_count": 1204,
    "peak_density": 14.16470588235294,
    "median_gap_deg": 0.0343017578125,
    "crowded_fraction": 0.9808811305070657,
    "isolated_fraction": 0.0033250207813798837,
    "simple_topology": false,
    "preferred_po_axis": [
      0,
      0,
      1
    ],
    "fluorescence_bucket": "none",
    "absorption_bucket": "medium"
  },
  "generation": {
    "theta_min": 5.0,
    "theta_max": 90.0,
    "num_points": 8501,
    "template_rwp_percent": 9.386449293533015,
    "template_peak_window_rwp": 12.754118396210337,
    "template_peak_window_pearson": 0.9908575696780731,
    "synth_params": {
      "ka1": 1.5405929,
      "ka2": 1.5444274,
      "use_tch_profile": true,
      "sigma_scale": 0.915935817612402,
      "kb_ratio": 0.01500880233919089,
      "use_fcj_asymmetry": true,
      "detector_nonlinearity": 0.0,
      "use_ka2": true,
      "caglioti_u": 0.031390575609021656,
      "kb": 1.39225,
      "caglioti_w": 0.0018448797995058975,
      "detector_deadtime_coeff": 0.0,
      "axial_s_over_l": 0.0012,
      "sigma_min_deg": 0.008,
      "ka2_ratio": 0.48492173130236843,
      "caglioti_v": 0.007351125729718566,
      "sigma_deg": 0.019353384537189586,
      "use_kbeta": true,
      "beam_sample_ratio": 0.05,
      "fluorescence_level": 0.0,
      "muR": 0.01,
      "trns": 1e-08,
      "fluorescence_decay": 3.0,
      "lorentz_z": 0.0006354236605504738,
      "strain": 0.0005623481484309537,
      "pseudo_voigt_eta": -0.038100561423341936,
      "lorentz_size": 0.009908334125014644,
      "macro_strain": 0.0,
      "sample_displacement_sr": -0.0006395883059202719,
      "size_nm": 163.18766738680247,
      "delta_deg": -0.009486637070985168,
      "lorentz_strain": 0.009,
      "po_r": 1.0,
      "air_scatter_level": 2.5359967007430595,
      "b3": -2.304377497219655e-06,
      "scatter_sigma_deg": 9.178245620080382,
      "b4": 7.026523490934578e-07,
      "scatter_level": 4.948931128556078,
      "compton_level": 1.248289429772419,
      "holder_scatter_center_deg": 21.97694653487878,
      "a": 1.0592722977787705,
      "holder_scatter_level": 3.020136282859216,
      "scatter_center_deg": 16.46466886446222,
      "b5": -1.1052925827258229e-07,
      "poisson_counts_max": 1200.0,
      "air_scatter_floor": 0.06981599782066826,
      "b1": -0.8787817874990479,
      "b0": -1.9506573719043578,
      "b2": 2.327477358549347,
      "holder_scatter_sigma_deg": 4.561635157210123,
      "po_hkl_axis": [
        0.0,
        1.0,
        0.0
      ],
      "final_normalize": true
    },
    "synth_sampling_meta": {
      "family_name": "profile",
      "slot": "profile",
      "source_family": "opxrd_like",
      "preferred_source_family": "opxrd_like",
      "descriptor": {
        "phase_id": "cod_1530810",
        "formula": "AlI3O17",
        "crystal_system": "triclinic",
        "elements": [
          "Al",
          "I",
          "O"
        ],
        "density_g_cm3": 2.964018349160545,
        "avg_z": 14.666666666666666,
        "max_z": 53.0,
        "heavy_fraction": 0.0,
        "transition_fraction": 0.0,
        "cell_lengths": [
          7.473,
          8.391999999999998,
          13.574
        ],
        "cell_angles": [
          89.93,
          87.62000000000002,
          63.580000000000005
        ],
        "cell_volume": 761.5628155061975,
        "cell_anisotropy": 1.8164057272848924,
        "anisotropy_index": 0.8164057272848924,
        "theoretical_peak_count": 1204,
        "peak_density": 14.16470588235294,
        "median_gap_deg": 0.0343017578125,
        "crowded_fraction": 0.9808811305070657,
        "isolated_fraction": 0.0033250207813798837,
        "simple_topology": false,
        "preferred_po_axis": [
          0,
          0,
          1
        ],
        "fluorescence_bucket": "none",
        "absorption_bucket": "medium"
      },
      "attempt": 1,
      "donor_rows": {
        "instrument": "1191__opxrd_000584__H1_Mg1_O1",
        "chemistry": "0490__rruff_R060548-1__Ca1_F2",
        "microstructure": "1191__opxrd_000584__H1_Mg1_O1",
        "orientation": "1191__opxrd_000584__H1_Mg1_O1",
        "background": "0313__rruff_R050491-1__B5_Ca1_H16_Na1_O17"
      },
      "donor_rwp_percent": {
        "instrument": 5.159210709102735,
        "chemistry": 11.309661106744679,
        "microstructure": 5.159210709102735,
        "orientation": 5.159210709102735,
        "background": 9.386449293533015
      },
      "donor_peak_window_rwp": {
        "instrument": 5.48784949745101,
        "chemistry": 13.746162540852461,
        "microstructure": 5.48784949745101,
        "orientation": 5.48784949745101,
        "background": 12.754118396210337
      },
      "selected_sample_code": "1191__opxrd_000584__H1_Mg1_O1",
      "selected_peak_window_rwp": 5.48784949745101,
      "selected_peak_window_pearson": 0.9997162154875435,
      "selected_background_fraction": 0.18992424444618977
    },
    "original_sample_dir": "AlI3O17_SG1",
    "original_cif_path": "phase.cif",
    "original_generated_xy_path": "generated.xy",
    "original_generation_params_json": "generation_params.json",
    "original_generation_quality_json": "generation_quality.json"
  },
  "quality": {
    "note": "These are theory-vs-generated synthetic quality indicators plus donor-template quality provenance. They are not Rietveld fit-to-experiment outputs.",
    "theory_vs_generated": {
      "profile_pearson": 0.6936482133347658,
      "profile_cosine": 0.7288135978012101,
      "rmse": 3.353880803786736,
      "mae": 1.415733781298504,
      "background_fraction_generated": 2.0729114469916263,
      "top_peak_count_used": 20,
      "top_peak_height_log_mae": 3.7765289253213674,
      "top_peak_shift_abs_mean_deg": 0.16977914810180658,
      "peak_window_pearson": 0.6301694451402189,
      "peak_window_cosine": 0.7279798850638893
    },
    "donor_template_quality": {
      "selected_sample_code": "1191__opxrd_000584__H1_Mg1_O1",
      "selected_peak_window_rwp": 5.48784949745101,
      "selected_peak_window_pearson": 0.9997162154875435,
      "selected_background_fraction": 0.18992424444618977,
      "donor_rows": {
        "instrument": "1191__opxrd_000584__H1_Mg1_O1",
        "chemistry": "0490__rruff_R060548-1__Ca1_F2",
        "microstructure": "1191__opxrd_000584__H1_Mg1_O1",
        "orientation": "1191__opxrd_000584__H1_Mg1_O1",
        "background": "0313__rruff_R050491-1__B5_Ca1_H16_Na1_O17"
      },
      "donor_rwp_percent": {
        "instrument": 5.159210709102735,
        "chemistry": 11.309661106744679,
        "microstructure": 5.159210709102735,
        "orientation": 5.159210709102735,
        "background": 9.386449293533015
      },
      "donor_peak_window_rwp": {
        "instrument": 5.48784949745101,
        "chemistry": 13.746162540852461,
        "microstructure": 5.48784949745101,
        "orientation": 5.48784949745101,
        "background": 12.754118396210337
      }
    }
  },
  "generation_tier": "strict_core"
}
