{
  "sample_name": "Br_225",
  "phase_id": "mp-998861",
  "formula": "Br",
  "space_group": 225,
  "space_group_symbol": "Fm-3m",
  "crystal_system": "cubic",
  "source_origin": "materials_project",
  "slot": "anchor",
  "formula_group_id": "Br1::sg::225",
  "descriptor": {
    "phase_id": "mp-998861",
    "formula": "Br",
    "crystal_system": "cubic",
    "elements": [
      "Br"
    ],
    "density_g_cm3": 5.137627782610657,
    "avg_z": 35.0,
    "max_z": 35.0,
    "heavy_fraction": 0.0,
    "transition_fraction": 0.0,
    "cell_lengths": [
      4.69214752,
      4.69214752,
      4.69214752
    ],
    "cell_angles": [
      90.0,
      90.0,
      90.0
    ],
    "cell_volume": 103.30348509253906,
    "cell_anisotropy": 1.0,
    "anisotropy_index": 0.0,
    "theoretical_peak_count": 6,
    "peak_density": 0.07058823529411765,
    "median_gap_deg": 10.65560531616211,
    "crowded_fraction": 0.0,
    "isolated_fraction": 1.0,
    "simple_topology": true,
    "preferred_po_axis": [
      0,
      0,
      1
    ],
    "fluorescence_bucket": "none",
    "absorption_bucket": "medium"
  },
  "generation": {
    "theta_min": 5.0,
    "theta_max": 90.0,
    "num_points": 8501,
    "template_rwp_percent": 11.309661106744679,
    "template_peak_window_rwp": 13.746162540852461,
    "template_peak_window_pearson": 0.9951391151799386,
    "synth_params": {
      "ka1": 1.5405929,
      "ka2": 1.5444274,
      "use_tch_profile": true,
      "sigma_scale": 0.8931250612088697,
      "kb_ratio": 0.0,
      "use_fcj_asymmetry": true,
      "detector_nonlinearity": 0.0,
      "use_ka2": true,
      "caglioti_u": 0.0007621425101656935,
      "kb": 1.39225,
      "caglioti_w": 0.0005194843263096571,
      "detector_deadtime_coeff": 0.0,
      "axial_s_over_l": 0.0012,
      "sigma_min_deg": 0.008,
      "ka2_ratio": 0.48500200238216495,
      "caglioti_v": -0.009661657695328705,
      "sigma_deg": 0.01101934406440411,
      "use_kbeta": false,
      "beam_sample_ratio": 0.05,
      "fluorescence_level": 0.0,
      "muR": 0.05999979823165405,
      "trns": 0.08,
      "fluorescence_decay": 3.0,
      "lorentz_z": 0.0010349492685947038,
      "strain": 0.0001702378150751408,
      "pseudo_voigt_eta": 0.3400567242163626,
      "lorentz_size": 0.03,
      "macro_strain": 3.9140522476376347e-05,
      "sample_displacement_sr": -0.0007159573584582655,
      "size_nm": 143.430768795599,
      "delta_deg": -0.020730618197866094,
      "lorentz_strain": 0.008,
      "po_r": 1.0,
      "air_scatter_level": 5.500000000000385e-09,
      "b3": 6.3203101563040995e-06,
      "scatter_sigma_deg": 6.0,
      "b4": -2.7325016753084457e-06,
      "scatter_level": 5.499999999998345e-09,
      "compton_level": 5.499999999999996e-09,
      "holder_scatter_center_deg": 15.0,
      "a": 0.977906046144876,
      "holder_scatter_level": 5.500000000002196e-09,
      "scatter_center_deg": 15.0,
      "b5": 1.6491811420758495e-06,
      "poisson_counts_max": 2584.7999999999997,
      "air_scatter_floor": 0.049999999999999996,
      "b1": -1.0621837808842336,
      "b0": 2.7818043743245324,
      "b2": 0.8246859397168971,
      "holder_scatter_sigma_deg": 4.0,
      "po_hkl_axis": [
        0.0,
        1.0,
        0.0
      ],
      "final_normalize": true
    },
    "synth_sampling_meta": {
      "family_name": "anchor",
      "slot": "anchor",
      "source_family": "rruff_like",
      "preferred_source_family": "rruff_like",
      "descriptor": {
        "phase_id": "mp-998861",
        "formula": "Br",
        "crystal_system": "cubic",
        "elements": [
          "Br"
        ],
        "density_g_cm3": 5.137627782610657,
        "avg_z": 35.0,
        "max_z": 35.0,
        "heavy_fraction": 0.0,
        "transition_fraction": 0.0,
        "cell_lengths": [
          4.69214752,
          4.69214752,
          4.69214752
        ],
        "cell_angles": [
          90.0,
          90.0,
          90.0
        ],
        "cell_volume": 103.30348509253906,
        "cell_anisotropy": 1.0,
        "anisotropy_index": 0.0,
        "theoretical_peak_count": 6,
        "peak_density": 0.07058823529411765,
        "median_gap_deg": 10.65560531616211,
        "crowded_fraction": 0.0,
        "isolated_fraction": 1.0,
        "simple_topology": true,
        "preferred_po_axis": [
          0,
          0,
          1
        ],
        "fluorescence_bucket": "none",
        "absorption_bucket": "medium"
      },
      "attempt": 1,
      "donor_rows": {
        "instrument": "0114__rruff_R050046-1__Ca1_F2",
        "chemistry": "0114__rruff_R050046-1__Ca1_F2",
        "microstructure": "0113__rruff_R050045-1__Ca1_F2",
        "orientation": "0519__rruff_R060849-1__O2_Th1",
        "background": "0144__rruff_R050115-1__Ca1_F2"
      },
      "donor_rwp_percent": {
        "instrument": 9.726468019402185,
        "chemistry": 9.726468019402185,
        "microstructure": 10.345769455766266,
        "orientation": 12.222140366488206,
        "background": 10.8136128591309
      },
      "donor_peak_window_rwp": {
        "instrument": 13.19345430738523,
        "chemistry": 13.19345430738523,
        "microstructure": 11.85177861797737,
        "orientation": 12.044071400352653,
        "background": 14.273780930421212
      },
      "selected_sample_code": "0114__rruff_R050046-1__Ca1_F2",
      "selected_peak_window_rwp": 13.19345430738523,
      "selected_peak_window_pearson": 0.9922526532206353,
      "selected_background_fraction": 0.2583068632884111
    },
    "original_sample_dir": "Br_SG225",
    "original_cif_path": "phase.cif",
    "original_generated_xy_path": "generated.xy",
    "original_generation_params_json": "generation_params.json",
    "original_generation_quality_json": "generation_quality.json"
  },
  "quality": {
    "note": "These are theory-vs-generated synthetic quality indicators plus donor-template quality provenance. They are not Rietveld fit-to-experiment outputs.",
    "theory_vs_generated": {
      "profile_pearson": 0.8227981510756324,
      "profile_cosine": 0.8201274052295658,
      "rmse": 2.537825537895501,
      "mae": 0.7436122208109598,
      "background_fraction_generated": 2.625963015718496,
      "top_peak_count_used": 6,
      "top_peak_height_log_mae": 0.2123101496079741,
      "top_peak_shift_abs_mean_deg": 0.054687220255533,
      "peak_window_pearson": 0.7792560192553807,
      "peak_window_cosine": 0.8259694676745678
    },
    "donor_template_quality": {
      "selected_sample_code": "0114__rruff_R050046-1__Ca1_F2",
      "selected_peak_window_rwp": 13.19345430738523,
      "selected_peak_window_pearson": 0.9922526532206353,
      "selected_background_fraction": 0.2583068632884111,
      "donor_rows": {
        "instrument": "0114__rruff_R050046-1__Ca1_F2",
        "chemistry": "0114__rruff_R050046-1__Ca1_F2",
        "microstructure": "0113__rruff_R050045-1__Ca1_F2",
        "orientation": "0519__rruff_R060849-1__O2_Th1",
        "background": "0144__rruff_R050115-1__Ca1_F2"
      },
      "donor_rwp_percent": {
        "instrument": 9.726468019402185,
        "chemistry": 9.726468019402185,
        "microstructure": 10.345769455766266,
        "orientation": 12.222140366488206,
        "background": 10.8136128591309
      },
      "donor_peak_window_rwp": {
        "instrument": 13.19345430738523,
        "chemistry": 13.19345430738523,
        "microstructure": 11.85177861797737,
        "orientation": 12.044071400352653,
        "background": 14.273780930421212
      }
    }
  },
  "generation_tier": "strict_core"
}
