{
  "sample_name": "YbCd6_197",
  "phase_id": "cod_1525048",
  "formula": "YbCd6",
  "space_group": 197,
  "space_group_symbol": "I23",
  "crystal_system": "cubic",
  "source_origin": "cod",
  "slot": "background",
  "formula_group_id": "Cd6|Yb1::sg::197",
  "descriptor": {
    "phase_id": "cod_1525048",
    "formula": "YbCd6",
    "crystal_system": "cubic",
    "elements": [
      "Cd",
      "Yb"
    ],
    "density_g_cm3": 8.832008836833612,
    "avg_z": 51.142857142857146,
    "max_z": 70.0,
    "heavy_fraction": 1.0,
    "transition_fraction": 0.8571428571428571,
    "cell_lengths": [
      15.638,
      15.638,
      15.638
    ],
    "cell_angles": [
      90.0,
      90.0,
      90.0
    ],
    "cell_volume": 3824.226674072,
    "cell_anisotropy": 1.0,
    "anisotropy_index": 0.0,
    "theoretical_peak_count": 95,
    "peak_density": 1.1176470588235294,
    "median_gap_deg": 0.6686515808105469,
    "crowded_fraction": 0.0,
    "isolated_fraction": 0.1702127659574468,
    "simple_topology": false,
    "preferred_po_axis": [
      0,
      0,
      1
    ],
    "fluorescence_bucket": "moderate",
    "absorption_bucket": "heavy"
  },
  "generation": {
    "theta_min": 5.0,
    "theta_max": 90.0,
    "num_points": 8501,
    "template_rwp_percent": 10.768191488948645,
    "template_peak_window_rwp": 15.790698905860124,
    "template_peak_window_pearson": 0.9939831093215756,
    "synth_params": {
      "ka1": 1.5405929,
      "ka2": 1.5444274,
      "use_tch_profile": true,
      "sigma_scale": 0.915935817612402,
      "kb_ratio": 0.01500880233919089,
      "use_fcj_asymmetry": true,
      "detector_nonlinearity": 0.0,
      "use_ka2": true,
      "caglioti_u": 0.031390575609021656,
      "kb": 1.39225,
      "caglioti_w": 0.0018448797995058975,
      "detector_deadtime_coeff": 0.0,
      "axial_s_over_l": 0.0012,
      "sigma_min_deg": 0.008,
      "ka2_ratio": 0.48492173130236843,
      "caglioti_v": 0.007351125729718566,
      "sigma_deg": 0.01878969372542678,
      "use_kbeta": true,
      "beam_sample_ratio": 0.05,
      "fluorescence_level": 1.0,
      "muR": 0.05995239353388751,
      "trns": 0.03,
      "fluorescence_decay": 2.999999996363511,
      "lorentz_z": 1.0283222605555979e-07,
      "strain": 1e-08,
      "pseudo_voigt_eta": 0.020038404636274484,
      "lorentz_size": 0.03,
      "macro_strain": -1.0998581255097314e-07,
      "sample_displacement_sr": -0.0003563999276458689,
      "size_nm": 120.000000012,
      "delta_deg": -0.009927591216510993,
      "lorentz_strain": 1.0000000000004295e-08,
      "po_r": 1.0,
      "air_scatter_level": 0.0699409243167614,
      "b3": 0.2867560980286222,
      "scatter_sigma_deg": 2.4032796574175057,
      "b4": 0.0724132652676619,
      "scatter_level": 1.2,
      "compton_level": 0.3373117747484129,
      "holder_scatter_center_deg": 5.59236850449496,
      "a": 1.0,
      "holder_scatter_level": 0.4253962331563511,
      "scatter_center_deg": 12.576372474115276,
      "b5": 0.11107137416839634,
      "poisson_counts_max": 900.0,
      "air_scatter_floor": 0.3489504647724788,
      "b1": -1.0907857618693582,
      "b0": 7.411490744712526,
      "b2": -0.040521856813679515,
      "holder_scatter_sigma_deg": 3.6823886828917276,
      "po_hkl_axis": [
        0.0,
        1.0,
        0.0
      ],
      "final_normalize": true
    },
    "synth_sampling_meta": {
      "family_name": "background",
      "slot": "background",
      "source_family": "opxrd_like",
      "preferred_source_family": "opxrd_like",
      "descriptor": {
        "phase_id": "cod_1525048",
        "formula": "YbCd6",
        "crystal_system": "cubic",
        "elements": [
          "Cd",
          "Yb"
        ],
        "density_g_cm3": 8.832008836833612,
        "avg_z": 51.142857142857146,
        "max_z": 70.0,
        "heavy_fraction": 1.0,
        "transition_fraction": 0.8571428571428571,
        "cell_lengths": [
          15.638,
          15.638,
          15.638
        ],
        "cell_angles": [
          90.0,
          90.0,
          90.0
        ],
        "cell_volume": 3824.226674072,
        "cell_anisotropy": 1.0,
        "anisotropy_index": 0.0,
        "theoretical_peak_count": 95,
        "peak_density": 1.1176470588235294,
        "median_gap_deg": 0.6686515808105469,
        "crowded_fraction": 0.0,
        "isolated_fraction": 0.1702127659574468,
        "simple_topology": false,
        "preferred_po_axis": [
          0,
          0,
          1
        ],
        "fluorescence_bucket": "moderate",
        "absorption_bucket": "heavy"
      },
      "attempt": 1,
      "donor_rows": {
        "instrument": "1191__opxrd_000584__H1_Mg1_O1",
        "chemistry": "0593__rruff_R070576-1__Be2_Na4_O20_Si6_Sn1",
        "microstructure": "0581__rruff_R070416-1__Ag1",
        "orientation": "0471__rruff_R060450-1__Al2_Fe3_O12_Si3",
        "background": "0416__rruff_R060151-1__Ca2_Nb2_O7"
      },
      "donor_rwp_percent": {
        "instrument": 5.159210709102735,
        "chemistry": 9.858207442453974,
        "microstructure": 30.31381637779652,
        "orientation": 10.91846025357866,
        "background": 10.768191488948645
      },
      "donor_peak_window_rwp": {
        "instrument": 5.48784949745101,
        "chemistry": 13.521151339036324,
        "microstructure": 25.560239757366578,
        "orientation": 10.81616951825659,
        "background": 15.790698905860124
      },
      "selected_sample_code": "1191__opxrd_000584__H1_Mg1_O1",
      "selected_peak_window_rwp": 5.48784949745101,
      "selected_peak_window_pearson": 0.9997162154875435,
      "selected_background_fraction": 0.5803735966783352
    },
    "original_sample_dir": "YbCd6_SG197",
    "original_cif_path": "phase.cif",
    "original_generated_xy_path": "generated.xy",
    "original_generation_params_json": "generation_params.json",
    "original_generation_quality_json": "generation_quality.json"
  },
  "quality": {
    "note": "These are theory-vs-generated synthetic quality indicators plus donor-template quality provenance. They are not Rietveld fit-to-experiment outputs.",
    "theory_vs_generated": {
      "profile_pearson": 0.9054266365972486,
      "profile_cosine": 0.8557327493887644,
      "rmse": 3.240526314815813,
      "mae": 2.390094984367409,
      "background_fraction_generated": 2.588663470399658,
      "top_peak_count_used": 20,
      "top_peak_height_log_mae": 5.692055150211612,
      "top_peak_shift_abs_mean_deg": 0.11591067123413037,
      "peak_window_pearson": 0.9070647944895606,
      "peak_window_cosine": 0.8969351191689502
    },
    "donor_template_quality": {
      "selected_sample_code": "1191__opxrd_000584__H1_Mg1_O1",
      "selected_peak_window_rwp": 5.48784949745101,
      "selected_peak_window_pearson": 0.9997162154875435,
      "selected_background_fraction": 0.5803735966783352,
      "donor_rows": {
        "instrument": "1191__opxrd_000584__H1_Mg1_O1",
        "chemistry": "0593__rruff_R070576-1__Be2_Na4_O20_Si6_Sn1",
        "microstructure": "0581__rruff_R070416-1__Ag1",
        "orientation": "0471__rruff_R060450-1__Al2_Fe3_O12_Si3",
        "background": "0416__rruff_R060151-1__Ca2_Nb2_O7"
      },
      "donor_rwp_percent": {
        "instrument": 5.159210709102735,
        "chemistry": 9.858207442453974,
        "microstructure": 30.31381637779652,
        "orientation": 10.91846025357866,
        "background": 10.768191488948645
      },
      "donor_peak_window_rwp": {
        "instrument": 5.48784949745101,
        "chemistry": 13.521151339036324,
        "microstructure": 25.560239757366578,
        "orientation": 10.81616951825659,
        "background": 15.790698905860124
      }
    }
  },
  "generation_tier": "strict_core"
}
