{
  "sample_name": "Sr5Si3_108",
  "phase_id": "cod_7221364",
  "formula": "Sr5Si3",
  "space_group": 108,
  "space_group_symbol": "I4cm",
  "crystal_system": "tetragonal",
  "source_origin": "cod",
  "slot": "background",
  "formula_group_id": "Si3|Sr5::sg::108",
  "descriptor": {
    "phase_id": "cod_7221364",
    "formula": "Sr5Si3",
    "crystal_system": "tetragonal",
    "elements": [
      "Si",
      "Sr"
    ],
    "density_g_cm3": 3.4086108533194284,
    "avg_z": 29.0,
    "max_z": 38.0,
    "heavy_fraction": 0.625,
    "transition_fraction": 0.0,
    "cell_lengths": [
      8.055,
      8.055,
      15.688
    ],
    "cell_angles": [
      90.0,
      90.0,
      90.0
    ],
    "cell_volume": 1017.8848961999998,
    "cell_anisotropy": 1.9476101800124148,
    "anisotropy_index": 0.9476101800124148,
    "theoretical_peak_count": 126,
    "peak_density": 1.4823529411764707,
    "median_gap_deg": 0.42832183837890625,
    "crowded_fraction": 0.416,
    "isolated_fraction": 0.12,
    "simple_topology": false,
    "preferred_po_axis": [
      0,
      0,
      1
    ],
    "fluorescence_bucket": "none",
    "absorption_bucket": "heavy"
  },
  "generation": {
    "theta_min": 5.0,
    "theta_max": 90.0,
    "num_points": 8501,
    "template_rwp_percent": 11.310710506171425,
    "template_peak_window_rwp": 13.039616858422296,
    "template_peak_window_pearson": 0.9953688247628263,
    "synth_params": {
      "ka1": 1.5405929,
      "ka2": 1.5444274,
      "use_tch_profile": true,
      "sigma_scale": 0.915935817612402,
      "kb_ratio": 0.01500880233919089,
      "use_fcj_asymmetry": true,
      "detector_nonlinearity": 0.0,
      "use_ka2": true,
      "caglioti_u": 0.031390575609021656,
      "kb": 1.39225,
      "caglioti_w": 0.0018448797995058975,
      "detector_deadtime_coeff": 0.0,
      "axial_s_over_l": 0.0012,
      "sigma_min_deg": 0.008,
      "ka2_ratio": 0.48492173130236843,
      "caglioti_v": 0.007351125729718566,
      "sigma_deg": 0.01878969372542678,
      "use_kbeta": true,
      "beam_sample_ratio": 0.05,
      "fluorescence_level": 0.0,
      "muR": 0.04,
      "trns": 0.0,
      "fluorescence_decay": 3.0,
      "lorentz_z": 1e-08,
      "strain": 2.104457632986106e-05,
      "pseudo_voigt_eta": 0.18239417630671903,
      "lorentz_size": 0.0018767860557139064,
      "macro_strain": 0.0003245765120281523,
      "sample_displacement_sr": -0.0003459797654655709,
      "size_nm": 155.31676640618235,
      "delta_deg": -0.0025679986639565206,
      "lorentz_strain": 0.008,
      "po_r": 1.0,
      "air_scatter_level": 1e-08,
      "b3": -0.1848624278005454,
      "scatter_sigma_deg": 6.0,
      "b4": 0.20595308036552476,
      "scatter_level": 1.2,
      "compton_level": 1e-08,
      "holder_scatter_center_deg": 15.0,
      "a": 2.456521703905162,
      "holder_scatter_level": 1e-08,
      "scatter_center_deg": 15.0,
      "b5": -1.0196444166448001e-06,
      "poisson_counts_max": 3119.5,
      "air_scatter_floor": 0.05,
      "b1": -4.44554467722384,
      "b0": 21.288767814184258,
      "b2": -1.9952642435986017,
      "holder_scatter_sigma_deg": 4.0,
      "po_hkl_axis": [
        0.0,
        1.0,
        0.0
      ],
      "final_normalize": true
    },
    "synth_sampling_meta": {
      "family_name": "background",
      "slot": "background",
      "source_family": "opxrd_like",
      "preferred_source_family": "opxrd_like",
      "descriptor": {
        "phase_id": "cod_7221364",
        "formula": "Sr5Si3",
        "crystal_system": "tetragonal",
        "elements": [
          "Si",
          "Sr"
        ],
        "density_g_cm3": 3.4086108533194284,
        "avg_z": 29.0,
        "max_z": 38.0,
        "heavy_fraction": 0.625,
        "transition_fraction": 0.0,
        "cell_lengths": [
          8.055,
          8.055,
          15.688
        ],
        "cell_angles": [
          90.0,
          90.0,
          90.0
        ],
        "cell_volume": 1017.8848961999998,
        "cell_anisotropy": 1.9476101800124148,
        "anisotropy_index": 0.9476101800124148,
        "theoretical_peak_count": 126,
        "peak_density": 1.4823529411764707,
        "median_gap_deg": 0.42832183837890625,
        "crowded_fraction": 0.416,
        "isolated_fraction": 0.12,
        "simple_topology": false,
        "preferred_po_axis": [
          0,
          0,
          1
        ],
        "fluorescence_bucket": "none",
        "absorption_bucket": "heavy"
      },
      "attempt": 1,
      "donor_rows": {
        "instrument": "1191__opxrd_000584__H1_Mg1_O1",
        "chemistry": "0066__rruff_R040126-1__C4_Ca1_Mg3_O12",
        "microstructure": "0454__rruff_R060417-1__Ca1_O4_W1",
        "orientation": "0257__rruff_R050372-1__Cl2_Cu1_H4_O4_Pb2",
        "background": "1191__opxrd_000584__H1_Mg1_O1"
      },
      "donor_rwp_percent": {
        "instrument": 5.159210709102735,
        "chemistry": 8.894243026156627,
        "microstructure": 20.538160106639065,
        "orientation": 23.550538519811,
        "background": 5.159210709102735
      },
      "donor_peak_window_rwp": {
        "instrument": 5.48784949745101,
        "chemistry": 11.562371080606463,
        "microstructure": 17.54785920227529,
        "orientation": 21.482046825450762,
        "background": 5.48784949745101
      },
      "selected_sample_code": "1191__opxrd_000584__H1_Mg1_O1",
      "selected_peak_window_rwp": 5.48784949745101,
      "selected_peak_window_pearson": 0.9997162154875435,
      "selected_background_fraction": 0.5127638626915709
    },
    "original_sample_dir": "Sr5Si3_SG108",
    "original_cif_path": "phase.cif",
    "original_generated_xy_path": "generated.xy",
    "original_generation_params_json": "generation_params.json",
    "original_generation_quality_json": "generation_quality.json"
  },
  "quality": {
    "note": "These are theory-vs-generated synthetic quality indicators plus donor-template quality provenance. They are not Rietveld fit-to-experiment outputs.",
    "theory_vs_generated": {
      "profile_pearson": 0.9314912164449167,
      "profile_cosine": 0.8940303345704582,
      "rmse": 2.7664449957900232,
      "mae": 2.0837759264647437,
      "background_fraction_generated": 7.236294069654145,
      "top_peak_count_used": 20,
      "top_peak_height_log_mae": 16.931506513586847,
      "top_peak_shift_abs_mean_deg": 0.28163505935668826,
      "peak_window_pearson": 0.9279080211741169,
      "peak_window_cosine": 0.9243111803145736
    },
    "donor_template_quality": {
      "selected_sample_code": "1191__opxrd_000584__H1_Mg1_O1",
      "selected_peak_window_rwp": 5.48784949745101,
      "selected_peak_window_pearson": 0.9997162154875435,
      "selected_background_fraction": 0.5127638626915709,
      "donor_rows": {
        "instrument": "1191__opxrd_000584__H1_Mg1_O1",
        "chemistry": "0066__rruff_R040126-1__C4_Ca1_Mg3_O12",
        "microstructure": "0454__rruff_R060417-1__Ca1_O4_W1",
        "orientation": "0257__rruff_R050372-1__Cl2_Cu1_H4_O4_Pb2",
        "background": "1191__opxrd_000584__H1_Mg1_O1"
      },
      "donor_rwp_percent": {
        "instrument": 5.159210709102735,
        "chemistry": 8.894243026156627,
        "microstructure": 20.538160106639065,
        "orientation": 23.550538519811,
        "background": 5.159210709102735
      },
      "donor_peak_window_rwp": {
        "instrument": 5.48784949745101,
        "chemistry": 11.562371080606463,
        "microstructure": 17.54785920227529,
        "orientation": 21.482046825450762,
        "background": 5.48784949745101
      }
    }
  },
  "generation_tier": "strict_core"
}
