{
  "sample_name": "Gd3(Al2Ni)7_189",
  "phase_id": "cod_2020274",
  "formula": "Gd3(Al2Ni)7",
  "space_group": 189,
  "space_group_symbol": "P-62m",
  "crystal_system": "hexagonal",
  "source_origin": "cod",
  "slot": "background",
  "formula_group_id": "Al14|Gd3|Ni7::sg::189",
  "descriptor": {
    "phase_id": "cod_2020274",
    "formula": "Gd3(Al2Ni)7",
    "crystal_system": "hexagonal",
    "elements": [
      "Al",
      "Gd",
      "Ni"
    ],
    "density_g_cm3": 5.553022564829178,
    "avg_z": 23.75,
    "max_z": 64.0,
    "heavy_fraction": 0.125,
    "transition_fraction": 0.2916666666666667,
    "cell_lengths": [
      17.966,
      17.966,
      4.0448
    ],
    "cell_angles": [
      90.0,
      90.0,
      119.99999999999999
    ],
    "cell_volume": 1130.655955544378,
    "cell_anisotropy": 4.441752373417722,
    "anisotropy_index": 3.4417523734177218,
    "theoretical_peak_count": 205,
    "peak_density": 2.411764705882353,
    "median_gap_deg": 0.25565528869628906,
    "crowded_fraction": 0.6519607843137255,
    "isolated_fraction": 0.06372549019607843,
    "simple_topology": false,
    "preferred_po_axis": [
      0,
      0,
      1
    ],
    "fluorescence_bucket": "moderate",
    "absorption_bucket": "medium"
  },
  "generation": {
    "theta_min": 5.0,
    "theta_max": 90.0,
    "num_points": 8501,
    "template_rwp_percent": 11.800676499373662,
    "template_peak_window_rwp": 16.67151917078972,
    "template_peak_window_pearson": 0.9867544375397198,
    "synth_params": {
      "ka1": 1.5405929,
      "ka2": 1.5444274,
      "use_tch_profile": true,
      "sigma_scale": 0.915935817612402,
      "kb_ratio": 0.01500880233919089,
      "use_fcj_asymmetry": true,
      "detector_nonlinearity": 0.0,
      "use_ka2": true,
      "caglioti_u": 0.031390575609021656,
      "kb": 1.39225,
      "caglioti_w": 0.0018448797995058975,
      "detector_deadtime_coeff": 0.0,
      "axial_s_over_l": 0.0012,
      "sigma_min_deg": 0.008,
      "ka2_ratio": 0.48492173130236843,
      "caglioti_v": 0.007351125729718566,
      "sigma_deg": 0.01878969372542678,
      "use_kbeta": true,
      "beam_sample_ratio": 0.05,
      "fluorescence_level": 1.0,
      "muR": 0.01,
      "trns": 0.0,
      "fluorescence_decay": 3.0,
      "lorentz_z": 0.004152528622894822,
      "strain": 1.7976889825739126e-05,
      "pseudo_voigt_eta": -0.040537443334379024,
      "lorentz_size": 0.03,
      "macro_strain": 0.0,
      "sample_displacement_sr": -0.0004091797047641091,
      "size_nm": 180.0,
      "delta_deg": -0.009660134749472039,
      "lorentz_strain": 0.00030376695666609293,
      "po_r": 1.0,
      "air_scatter_level": 1e-08,
      "b3": -0.1848624278005454,
      "scatter_sigma_deg": 6.0,
      "b4": 0.20595308036552476,
      "scatter_level": 1.2,
      "compton_level": 1e-08,
      "holder_scatter_center_deg": 15.0,
      "a": 2.456521703905162,
      "holder_scatter_level": 1e-08,
      "scatter_center_deg": 15.0,
      "b5": -1.0196444166448001e-06,
      "poisson_counts_max": 3119.5,
      "air_scatter_floor": 0.05,
      "b1": -4.44554467722384,
      "b0": 21.288767814184258,
      "b2": -1.9952642435986017,
      "holder_scatter_sigma_deg": 4.0,
      "po_hkl_axis": [
        0.0,
        1.0,
        0.0
      ],
      "final_normalize": true
    },
    "synth_sampling_meta": {
      "family_name": "background",
      "slot": "background",
      "source_family": "opxrd_like",
      "preferred_source_family": "opxrd_like",
      "descriptor": {
        "phase_id": "cod_2020274",
        "formula": "Gd3(Al2Ni)7",
        "crystal_system": "hexagonal",
        "elements": [
          "Al",
          "Gd",
          "Ni"
        ],
        "density_g_cm3": 5.553022564829178,
        "avg_z": 23.75,
        "max_z": 64.0,
        "heavy_fraction": 0.125,
        "transition_fraction": 0.2916666666666667,
        "cell_lengths": [
          17.966,
          17.966,
          4.0448
        ],
        "cell_angles": [
          90.0,
          90.0,
          119.99999999999999
        ],
        "cell_volume": 1130.655955544378,
        "cell_anisotropy": 4.441752373417722,
        "anisotropy_index": 3.4417523734177218,
        "theoretical_peak_count": 205,
        "peak_density": 2.411764705882353,
        "median_gap_deg": 0.25565528869628906,
        "crowded_fraction": 0.6519607843137255,
        "isolated_fraction": 0.06372549019607843,
        "simple_topology": false,
        "preferred_po_axis": [
          0,
          0,
          1
        ],
        "fluorescence_bucket": "moderate",
        "absorption_bucket": "medium"
      },
      "attempt": 1,
      "donor_rows": {
        "instrument": "1191__opxrd_000584__H1_Mg1_O1",
        "chemistry": "0608__rruff_R090045-1__Cd1_S1",
        "microstructure": "0057__rruff_R040098-1__Ca5_F1_O12_P3",
        "orientation": "0389__rruff_R060027-1__O1_Zn1",
        "background": "1191__opxrd_000584__H1_Mg1_O1"
      },
      "donor_rwp_percent": {
        "instrument": 5.159210709102735,
        "chemistry": 30.88090151282266,
        "microstructure": 13.722656894319407,
        "orientation": 24.453222087676167,
        "background": 5.159210709102735
      },
      "donor_peak_window_rwp": {
        "instrument": 5.48784949745101,
        "chemistry": 25.6560935570999,
        "microstructure": 18.779898403060326,
        "orientation": 21.08501543119881,
        "background": 5.48784949745101
      },
      "selected_sample_code": "1191__opxrd_000584__H1_Mg1_O1",
      "selected_peak_window_rwp": 5.48784949745101,
      "selected_peak_window_pearson": 0.9997162154875435,
      "selected_background_fraction": 0.5127638626915709
    },
    "original_sample_dir": "Gd3(Al2Ni)7_SG189",
    "original_cif_path": "phase.cif",
    "original_generated_xy_path": "generated.xy",
    "original_generation_params_json": "generation_params.json",
    "original_generation_quality_json": "generation_quality.json"
  },
  "quality": {
    "note": "These are theory-vs-generated synthetic quality indicators plus donor-template quality provenance. They are not Rietveld fit-to-experiment outputs.",
    "theory_vs_generated": {
      "profile_pearson": 0.8964023311646923,
      "profile_cosine": 0.8835973052539667,
      "rmse": 4.4101766296502305,
      "mae": 3.0480248265231102,
      "background_fraction_generated": 4.419960538710988,
      "top_peak_count_used": 20,
      "top_peak_height_log_mae": 8.103397186768778,
      "top_peak_shift_abs_mean_deg": 0.1503019485473626,
      "peak_window_pearson": 0.8838977051829535,
      "peak_window_cosine": 0.9000924957778974
    },
    "donor_template_quality": {
      "selected_sample_code": "1191__opxrd_000584__H1_Mg1_O1",
      "selected_peak_window_rwp": 5.48784949745101,
      "selected_peak_window_pearson": 0.9997162154875435,
      "selected_background_fraction": 0.5127638626915709,
      "donor_rows": {
        "instrument": "1191__opxrd_000584__H1_Mg1_O1",
        "chemistry": "0608__rruff_R090045-1__Cd1_S1",
        "microstructure": "0057__rruff_R040098-1__Ca5_F1_O12_P3",
        "orientation": "0389__rruff_R060027-1__O1_Zn1",
        "background": "1191__opxrd_000584__H1_Mg1_O1"
      },
      "donor_rwp_percent": {
        "instrument": 5.159210709102735,
        "chemistry": 30.88090151282266,
        "microstructure": 13.722656894319407,
        "orientation": 24.453222087676167,
        "background": 5.159210709102735
      },
      "donor_peak_window_rwp": {
        "instrument": 5.48784949745101,
        "chemistry": 25.6560935570999,
        "microstructure": 18.779898403060326,
        "orientation": 21.08501543119881,
        "background": 5.48784949745101
      }
    }
  },
  "generation_tier": "strict_core"
}
