{
  "sample_name": "Yb(PO3)3_148",
  "phase_id": "cod_1534594",
  "formula": "Yb(PO3)3",
  "space_group": 148,
  "space_group_symbol": "R-3",
  "crystal_system": "trigonal",
  "source_origin": "cod",
  "slot": "background",
  "formula_group_id": "O9|P3|Yb1::sg::148",
  "descriptor": {
    "phase_id": "cod_1534594",
    "formula": "Yb(PO3)3",
    "crystal_system": "trigonal",
    "elements": [
      "O",
      "P",
      "Yb"
    ],
    "density_g_cm3": 3.5342748183572605,
    "avg_z": 14.384615384615385,
    "max_z": 70.0,
    "heavy_fraction": 0.07692307692307693,
    "transition_fraction": 0.0,
    "cell_lengths": [
      20.974,
      20.974,
      12.134
    ],
    "cell_angles": [
      90.0,
      90.0,
      120.00000000000001
    ],
    "cell_volume": 4622.715325028133,
    "cell_anisotropy": 1.7285313993736608,
    "anisotropy_index": 0.7285313993736608,
    "theoretical_peak_count": 379,
    "peak_density": 4.458823529411765,
    "median_gap_deg": 0.11825942993164062,
    "crowded_fraction": 0.8042328042328042,
    "isolated_fraction": 0.013227513227513227,
    "simple_topology": false,
    "preferred_po_axis": [
      0,
      0,
      1
    ],
    "fluorescence_bucket": "none",
    "absorption_bucket": "heavy"
  },
  "generation": {
    "theta_min": 5.0,
    "theta_max": 90.0,
    "num_points": 8501,
    "template_rwp_percent": 8.894243026156627,
    "template_peak_window_rwp": 11.562371080606463,
    "template_peak_window_pearson": 0.9970396627337116,
    "synth_params": {
      "ka1": 1.5405929,
      "ka2": 1.5444274,
      "use_tch_profile": true,
      "sigma_scale": 0.915935817612402,
      "kb_ratio": 0.01500880233919089,
      "use_fcj_asymmetry": true,
      "detector_nonlinearity": 0.0,
      "use_ka2": true,
      "caglioti_u": 0.031390575609021656,
      "kb": 1.39225,
      "caglioti_w": 0.0018448797995058975,
      "detector_deadtime_coeff": 0.0,
      "axial_s_over_l": 0.0012,
      "sigma_min_deg": 0.008,
      "ka2_ratio": 0.48492173130236843,
      "caglioti_v": 0.007351125729718566,
      "sigma_deg": 0.01878969372542678,
      "use_kbeta": true,
      "beam_sample_ratio": 0.05,
      "fluorescence_level": 0.0,
      "muR": 0.04,
      "trns": 0.03,
      "fluorescence_decay": 3.0,
      "lorentz_z": 3.3679648113191833e-06,
      "strain": 0.002390372438722717,
      "pseudo_voigt_eta": -0.04623213203649431,
      "lorentz_size": 0.03,
      "macro_strain": 0.0005150806303109514,
      "sample_displacement_sr": -0.0008370319034259689,
      "size_nm": 180.0,
      "delta_deg": -0.008556667464494017,
      "lorentz_strain": 0.00500475263229283,
      "po_r": 1.0,
      "air_scatter_level": 1.3367174280242036,
      "b3": 0.1494627138868337,
      "scatter_sigma_deg": 5.984483518472322,
      "b4": 0.31349578968097963,
      "scatter_level": 2.2363762161652336,
      "compton_level": 0.516782818939281,
      "holder_scatter_center_deg": 10.60642250903036,
      "a": 1.0,
      "holder_scatter_level": 1.0577727481551678,
      "scatter_center_deg": 5.426917278715111,
      "b5": -0.06738630997621678,
      "poisson_counts_max": 1433.1,
      "air_scatter_floor": 0.04082641065526568,
      "b1": 0.013887990559719171,
      "b0": 2.5647520622654447,
      "b2": -1.1971163201166726,
      "holder_scatter_sigma_deg": 6.074065463208637,
      "po_hkl_axis": [
        0.0,
        1.0,
        0.0
      ],
      "final_normalize": true
    },
    "synth_sampling_meta": {
      "family_name": "background",
      "slot": "background",
      "source_family": "opxrd_like",
      "preferred_source_family": "opxrd_like",
      "descriptor": {
        "phase_id": "cod_1534594",
        "formula": "Yb(PO3)3",
        "crystal_system": "trigonal",
        "elements": [
          "O",
          "P",
          "Yb"
        ],
        "density_g_cm3": 3.5342748183572605,
        "avg_z": 14.384615384615385,
        "max_z": 70.0,
        "heavy_fraction": 0.07692307692307693,
        "transition_fraction": 0.0,
        "cell_lengths": [
          20.974,
          20.974,
          12.134
        ],
        "cell_angles": [
          90.0,
          90.0,
          120.00000000000001
        ],
        "cell_volume": 4622.715325028133,
        "cell_anisotropy": 1.7285313993736608,
        "anisotropy_index": 0.7285313993736608,
        "theoretical_peak_count": 379,
        "peak_density": 4.458823529411765,
        "median_gap_deg": 0.11825942993164062,
        "crowded_fraction": 0.8042328042328042,
        "isolated_fraction": 0.013227513227513227,
        "simple_topology": false,
        "preferred_po_axis": [
          0,
          0,
          1
        ],
        "fluorescence_bucket": "none",
        "absorption_bucket": "heavy"
      },
      "attempt": 1,
      "donor_rows": {
        "instrument": "1191__opxrd_000584__H1_Mg1_O1",
        "chemistry": "0016__rruff_R040030-1__C2_Ca1_Mg1_O6",
        "microstructure": "0415__rruff_R060150-1__Ca13_F10_H12_O34_Si10",
        "orientation": "0055__rruff_R040096-1__Al2_O3",
        "background": "0152__rruff_R050128-1__C1_Ca1_O3"
      },
      "donor_rwp_percent": {
        "instrument": 5.159210709102735,
        "chemistry": 27.23933763789696,
        "microstructure": 8.00315190123515,
        "orientation": 27.39764306881764,
        "background": 10.060210456264361
      },
      "donor_peak_window_rwp": {
        "instrument": 5.48784949745101,
        "chemistry": 14.145313767601136,
        "microstructure": 11.357098944708872,
        "orientation": 19.68412564775285,
        "background": 12.829743047113176
      },
      "selected_sample_code": "1191__opxrd_000584__H1_Mg1_O1",
      "selected_peak_window_rwp": 5.48784949745101,
      "selected_peak_window_pearson": 0.9997162154875435,
      "selected_background_fraction": 0.43711059782680073
    },
    "original_sample_dir": "Yb(PO3)3_SG148",
    "original_cif_path": "phase.cif",
    "original_generated_xy_path": "generated.xy",
    "original_generation_params_json": "generation_params.json",
    "original_generation_quality_json": "generation_quality.json"
  },
  "quality": {
    "note": "These are theory-vs-generated synthetic quality indicators plus donor-template quality provenance. They are not Rietveld fit-to-experiment outputs.",
    "theory_vs_generated": {
      "profile_pearson": 0.728694368935656,
      "profile_cosine": 0.7476207354656832,
      "rmse": 6.032572246712954,
      "mae": 3.4274295140346145,
      "background_fraction_generated": 1.2642713946605468,
      "top_peak_count_used": 20,
      "top_peak_height_log_mae": 0.31499164313631495,
      "top_peak_shift_abs_mean_deg": 0.13708086013793971,
      "peak_window_pearson": 0.665619442920728,
      "peak_window_cosine": 0.7498920282516931
    },
    "donor_template_quality": {
      "selected_sample_code": "1191__opxrd_000584__H1_Mg1_O1",
      "selected_peak_window_rwp": 5.48784949745101,
      "selected_peak_window_pearson": 0.9997162154875435,
      "selected_background_fraction": 0.43711059782680073,
      "donor_rows": {
        "instrument": "1191__opxrd_000584__H1_Mg1_O1",
        "chemistry": "0016__rruff_R040030-1__C2_Ca1_Mg1_O6",
        "microstructure": "0415__rruff_R060150-1__Ca13_F10_H12_O34_Si10",
        "orientation": "0055__rruff_R040096-1__Al2_O3",
        "background": "0152__rruff_R050128-1__C1_Ca1_O3"
      },
      "donor_rwp_percent": {
        "instrument": 5.159210709102735,
        "chemistry": 27.23933763789696,
        "microstructure": 8.00315190123515,
        "orientation": 27.39764306881764,
        "background": 10.060210456264361
      },
      "donor_peak_window_rwp": {
        "instrument": 5.48784949745101,
        "chemistry": 14.145313767601136,
        "microstructure": 11.357098944708872,
        "orientation": 19.68412564775285,
        "background": 12.829743047113176
      }
    }
  },
  "generation_tier": "strict_core"
}
