{
  "sample_name": "Ce_229",
  "phase_id": "mp-10024",
  "formula": "Ce",
  "space_group": 229,
  "space_group_symbol": "Im-3m",
  "crystal_system": "cubic",
  "source_origin": "materials_project",
  "slot": "background",
  "formula_group_id": "Ce1::sg::229",
  "descriptor": {
    "phase_id": "mp-10024",
    "formula": "Ce",
    "crystal_system": "cubic",
    "elements": [
      "Ce"
    ],
    "density_g_cm3": 7.926076461179343,
    "avg_z": 58.0,
    "max_z": 58.0,
    "heavy_fraction": 1.0,
    "transition_fraction": 0.0,
    "cell_lengths": [
      3.8865971,
      3.8865971,
      3.8865971
    ],
    "cell_angles": [
      90.0,
      90.0,
      90.0
    ],
    "cell_volume": 58.709525026755884,
    "cell_anisotropy": 1.0,
    "anisotropy_index": 0.0,
    "theoretical_peak_count": 6,
    "peak_density": 0.07058823529411765,
    "median_gap_deg": 10.115592956542969,
    "crowded_fraction": 0.0,
    "isolated_fraction": 1.0,
    "simple_topology": true,
    "preferred_po_axis": [
      0,
      0,
      1
    ],
    "fluorescence_bucket": "moderate",
    "absorption_bucket": "heavy"
  },
  "generation": {
    "theta_min": 5.0,
    "theta_max": 90.0,
    "num_points": 8501,
    "template_rwp_percent": 10.768191488948645,
    "template_peak_window_rwp": 15.790698905860124,
    "template_peak_window_pearson": 0.9939831093215756,
    "synth_params": {
      "ka1": 1.5405929,
      "ka2": 1.5444274,
      "use_tch_profile": true,
      "sigma_scale": 0.915935817612402,
      "kb_ratio": 0.01500880233919089,
      "use_fcj_asymmetry": true,
      "detector_nonlinearity": 0.0,
      "use_ka2": true,
      "caglioti_u": 0.031390575609021656,
      "kb": 1.39225,
      "caglioti_w": 0.0018448797995058975,
      "detector_deadtime_coeff": 0.0,
      "axial_s_over_l": 0.0012,
      "sigma_min_deg": 0.008,
      "ka2_ratio": 0.48492173130236843,
      "caglioti_v": 0.007351125729718566,
      "sigma_deg": 0.01878969372542678,
      "use_kbeta": true,
      "beam_sample_ratio": 0.05,
      "fluorescence_level": 1.0,
      "muR": 0.04,
      "trns": 0.03,
      "fluorescence_decay": 2.9999999999999982,
      "lorentz_z": 0.0005021124280317741,
      "strain": 1.415879652213934e-06,
      "pseudo_voigt_eta": -0.024963450236479213,
      "lorentz_size": 0.0017259135072476733,
      "macro_strain": 7.999023141426511e-05,
      "sample_displacement_sr": -0.000620242076258454,
      "size_nm": 221.73717076528283,
      "delta_deg": -0.006853764305319709,
      "lorentz_strain": 0.0009463955463878283,
      "po_r": 1.0,
      "air_scatter_level": 2.5221802166096263,
      "b3": -0.11011846318646826,
      "scatter_sigma_deg": 1.7318643418809865,
      "b4": 0.13584267541290085,
      "scatter_level": 4.787526110222108,
      "compton_level": 0.6888746429579211,
      "holder_scatter_center_deg": 12.306286451391118,
      "a": 1.0,
      "holder_scatter_level": 0.5580292059798602,
      "scatter_center_deg": 5.965671800010935,
      "b5": 0.07232709549420176,
      "poisson_counts_max": 900.0,
      "air_scatter_floor": 0.06475696702926664,
      "b1": 2.309197678145057,
      "b0": 0.07582181325113085,
      "b2": 0.058267271286842476,
      "holder_scatter_sigma_deg": 6.052542152933813,
      "po_hkl_axis": [
        0.0,
        1.0,
        0.0
      ],
      "final_normalize": true
    },
    "synth_sampling_meta": {
      "family_name": "background",
      "slot": "background",
      "source_family": "opxrd_like",
      "preferred_source_family": "opxrd_like",
      "descriptor": {
        "phase_id": "mp-10024",
        "formula": "Ce",
        "crystal_system": "cubic",
        "elements": [
          "Ce"
        ],
        "density_g_cm3": 7.926076461179343,
        "avg_z": 58.0,
        "max_z": 58.0,
        "heavy_fraction": 1.0,
        "transition_fraction": 0.0,
        "cell_lengths": [
          3.8865971,
          3.8865971,
          3.8865971
        ],
        "cell_angles": [
          90.0,
          90.0,
          90.0
        ],
        "cell_volume": 58.709525026755884,
        "cell_anisotropy": 1.0,
        "anisotropy_index": 0.0,
        "theoretical_peak_count": 6,
        "peak_density": 0.07058823529411765,
        "median_gap_deg": 10.115592956542969,
        "crowded_fraction": 0.0,
        "isolated_fraction": 1.0,
        "simple_topology": true,
        "preferred_po_axis": [
          0,
          0,
          1
        ],
        "fluorescence_bucket": "moderate",
        "absorption_bucket": "heavy"
      },
      "attempt": 1,
      "donor_rows": {
        "instrument": "1191__opxrd_000584__H1_Mg1_O1",
        "chemistry": "0416__rruff_R060151-1__Ca2_Nb2_O7",
        "microstructure": "0471__rruff_R060450-1__Al2_Fe3_O12_Si3",
        "orientation": "0574__rruff_R070304-1__As1_Ni1_S1",
        "background": "0473__rruff_R060452-1__Al2_Ca3_O12_Si3"
      },
      "donor_rwp_percent": {
        "instrument": 5.159210709102735,
        "chemistry": 10.768191488948645,
        "microstructure": 10.91846025357866,
        "orientation": 10.288086505008508,
        "background": 13.92963543966282
      },
      "donor_peak_window_rwp": {
        "instrument": 5.48784949745101,
        "chemistry": 15.790698905860124,
        "microstructure": 10.81616951825659,
        "orientation": 11.23083456145956,
        "background": 18.602466410635316
      },
      "selected_sample_code": "1191__opxrd_000584__H1_Mg1_O1",
      "selected_peak_window_rwp": 5.48784949745101,
      "selected_peak_window_pearson": 0.9997162154875435,
      "selected_background_fraction": 0.47737151362371655
    },
    "original_sample_dir": "Ce_SG229",
    "original_cif_path": "phase.cif",
    "original_generated_xy_path": "generated.xy",
    "original_generation_params_json": "generation_params.json",
    "original_generation_quality_json": "generation_quality.json"
  },
  "quality": {
    "note": "These are theory-vs-generated synthetic quality indicators plus donor-template quality provenance. They are not Rietveld fit-to-experiment outputs.",
    "theory_vs_generated": {
      "profile_pearson": 0.7953486748990422,
      "profile_cosine": 0.7799102366980938,
      "rmse": 2.6021741979279858,
      "mae": 1.0948390630397784,
      "background_fraction_generated": 5.020090900030805,
      "top_peak_count_used": 6,
      "top_peak_height_log_mae": 3.7379145575430113,
      "top_peak_shift_abs_mean_deg": 0.10180325826009214,
      "peak_window_pearson": 0.7729144868190618,
      "peak_window_cosine": 0.8103857507615376
    },
    "donor_template_quality": {
      "selected_sample_code": "1191__opxrd_000584__H1_Mg1_O1",
      "selected_peak_window_rwp": 5.48784949745101,
      "selected_peak_window_pearson": 0.9997162154875435,
      "selected_background_fraction": 0.47737151362371655,
      "donor_rows": {
        "instrument": "1191__opxrd_000584__H1_Mg1_O1",
        "chemistry": "0416__rruff_R060151-1__Ca2_Nb2_O7",
        "microstructure": "0471__rruff_R060450-1__Al2_Fe3_O12_Si3",
        "orientation": "0574__rruff_R070304-1__As1_Ni1_S1",
        "background": "0473__rruff_R060452-1__Al2_Ca3_O12_Si3"
      },
      "donor_rwp_percent": {
        "instrument": 5.159210709102735,
        "chemistry": 10.768191488948645,
        "microstructure": 10.91846025357866,
        "orientation": 10.288086505008508,
        "background": 13.92963543966282
      },
      "donor_peak_window_rwp": {
        "instrument": 5.48784949745101,
        "chemistry": 15.790698905860124,
        "microstructure": 10.81616951825659,
        "orientation": 11.23083456145956,
        "background": 18.602466410635316
      }
    }
  },
  "generation_tier": "strict_core"
}
