{
  "sample_name": "H2O_185",
  "phase_id": "mp-703459",
  "formula": "H2O",
  "space_group": 185,
  "space_group_symbol": "P6_3cm",
  "crystal_system": "hexagonal",
  "source_origin": "materials_project",
  "slot": "anchor",
  "formula_group_id": "H2|O1::sg::185",
  "descriptor": {
    "phase_id": "mp-703459",
    "formula": "H2O",
    "crystal_system": "hexagonal",
    "elements": [
      "H",
      "O"
    ],
    "density_g_cm3": 1.0422268543300146,
    "avg_z": 3.3333333333333335,
    "max_z": 8.0,
    "heavy_fraction": 0.0,
    "transition_fraction": 0.0,
    "cell_lengths": [
      7.50422061,
      7.50422061,
      7.06264348
    ],
    "cell_angles": [
      90.0,
      90.0,
      119.99999999999999
    ],
    "cell_volume": 344.43644763036207,
    "cell_anisotropy": 1.0625229251979742,
    "anisotropy_index": 0.0625229251979742,
    "theoretical_peak_count": 46,
    "peak_density": 0.5411764705882353,
    "median_gap_deg": 1.402374267578125,
    "crowded_fraction": 0.13333333333333333,
    "isolated_fraction": 0.5111111111111111,
    "simple_topology": false,
    "preferred_po_axis": [
      0,
      0,
      1
    ],
    "fluorescence_bucket": "none",
    "absorption_bucket": "light"
  },
  "generation": {
    "theta_min": 5.0,
    "theta_max": 90.0,
    "num_points": 8501,
    "template_rwp_percent": 12.230971149753874,
    "template_peak_window_rwp": 16.61381662608072,
    "template_peak_window_pearson": 0.9948239611051984,
    "synth_params": {
      "ka1": 1.5405929,
      "ka2": 1.5444274,
      "use_tch_profile": true,
      "sigma_scale": 0.8805347106198046,
      "kb_ratio": 0.014982047083771436,
      "use_fcj_asymmetry": true,
      "detector_nonlinearity": 0.0,
      "use_ka2": true,
      "caglioti_u": 0.013822224394406626,
      "kb": 1.39225,
      "caglioti_w": 0.000500001708094026,
      "detector_deadtime_coeff": 0.0,
      "axial_s_over_l": 0.0011999999980278867,
      "sigma_min_deg": 0.010876371904527476,
      "ka2_ratio": 0.484876744585052,
      "caglioti_v": -0.007969508602996948,
      "sigma_deg": 0.012504884538093371,
      "use_kbeta": true,
      "beam_sample_ratio": 0.1997843142136801,
      "fluorescence_level": 0.0,
      "muR": 0.035,
      "trns": 0.08999999999977801,
      "fluorescence_decay": 3.0,
      "lorentz_z": 0.0004410894610884072,
      "strain": 0.0005752838297516033,
      "pseudo_voigt_eta": -0.04787968370245667,
      "lorentz_size": 1.297572822883265e-05,
      "macro_strain": 0.00041752002551431847,
      "sample_displacement_sr": -0.0005182835905063181,
      "size_nm": 197.31635743012157,
      "delta_deg": -0.013347142768411483,
      "lorentz_strain": 0.008,
      "po_r": 1.0,
      "air_scatter_level": 0.7351945854133121,
      "b3": 0.1494627138868337,
      "scatter_sigma_deg": 5.984483518472322,
      "b4": 0.31349578968097963,
      "scatter_level": 1.2300069188908787,
      "compton_level": 0.2842305504166046,
      "holder_scatter_center_deg": 10.60642250903036,
      "a": 1.0,
      "holder_scatter_level": 0.5817750114853423,
      "scatter_center_deg": 5.426917278715111,
      "b5": -0.06738630997621678,
      "poisson_counts_max": 2023.1999999999998,
      "air_scatter_floor": 0.04082641065526568,
      "b1": 0.013887990559719171,
      "b0": 2.5647520622654447,
      "b2": -1.1971163201166726,
      "holder_scatter_sigma_deg": 6.074065463208637,
      "po_hkl_axis": [
        0.0,
        1.0,
        0.0
      ],
      "final_normalize": true
    },
    "synth_sampling_meta": {
      "family_name": "anchor",
      "slot": "anchor",
      "source_family": "rruff_like",
      "preferred_source_family": "rruff_like",
      "descriptor": {
        "phase_id": "mp-703459",
        "formula": "H2O",
        "crystal_system": "hexagonal",
        "elements": [
          "H",
          "O"
        ],
        "density_g_cm3": 1.0422268543300146,
        "avg_z": 3.3333333333333335,
        "max_z": 8.0,
        "heavy_fraction": 0.0,
        "transition_fraction": 0.0,
        "cell_lengths": [
          7.50422061,
          7.50422061,
          7.06264348
        ],
        "cell_angles": [
          90.0,
          90.0,
          119.99999999999999
        ],
        "cell_volume": 344.43644763036207,
        "cell_anisotropy": 1.0625229251979742,
        "anisotropy_index": 0.0625229251979742,
        "theoretical_peak_count": 46,
        "peak_density": 0.5411764705882353,
        "median_gap_deg": 1.402374267578125,
        "crowded_fraction": 0.13333333333333333,
        "isolated_fraction": 0.5111111111111111,
        "simple_topology": false,
        "preferred_po_axis": [
          0,
          0,
          1
        ],
        "fluorescence_bucket": "none",
        "absorption_bucket": "light"
      },
      "attempt": 1,
      "donor_rows": {
        "instrument": "0415__rruff_R060150-1__Ca13_F10_H12_O34_Si10",
        "chemistry": "0121__rruff_R050062-1__B5_Ca1_H16_Na1_O17",
        "microstructure": "0456__rruff_R060421-1__Ca5_F1_O12_P3",
        "orientation": "0254__rruff_R050369-1__Ca5_F1_O12_P3",
        "background": "0152__rruff_R050128-1__C1_Ca1_O3"
      },
      "donor_rwp_percent": {
        "instrument": 8.00315190123515,
        "chemistry": 9.314628237585282,
        "microstructure": 15.272610154817642,
        "orientation": 13.558574059798776,
        "background": 10.060210456264361
      },
      "donor_peak_window_rwp": {
        "instrument": 11.357098944708872,
        "chemistry": 12.38197012046588,
        "microstructure": 21.636095490570618,
        "orientation": 18.528929065551917,
        "background": 12.829743047113176
      },
      "selected_sample_code": "0415__rruff_R060150-1__Ca13_F10_H12_O34_Si10",
      "selected_peak_window_rwp": 11.357098944708872,
      "selected_peak_window_pearson": 0.9958883322196659,
      "selected_background_fraction": 0.43711059782680073
    },
    "original_sample_dir": "H2O_SG185",
    "original_cif_path": "phase.cif",
    "original_generated_xy_path": "generated.xy",
    "original_generation_params_json": "generation_params.json",
    "original_generation_quality_json": "generation_quality.json"
  },
  "quality": {
    "note": "These are theory-vs-generated synthetic quality indicators plus donor-template quality provenance. They are not Rietveld fit-to-experiment outputs.",
    "theory_vs_generated": {
      "profile_pearson": 0.9153959050031163,
      "profile_cosine": 0.9113098399025835,
      "rmse": 1.9828947447733414,
      "mae": 0.7027338088350017,
      "background_fraction_generated": 4.495136292402627,
      "top_peak_count_used": 20,
      "top_peak_height_log_mae": 8.186834163167937,
      "top_peak_shift_abs_mean_deg": 0.1662401084899896,
      "peak_window_pearson": 0.9069356552212056,
      "peak_window_cosine": 0.9176603450241616
    },
    "donor_template_quality": {
      "selected_sample_code": "0415__rruff_R060150-1__Ca13_F10_H12_O34_Si10",
      "selected_peak_window_rwp": 11.357098944708872,
      "selected_peak_window_pearson": 0.9958883322196659,
      "selected_background_fraction": 0.43711059782680073,
      "donor_rows": {
        "instrument": "0415__rruff_R060150-1__Ca13_F10_H12_O34_Si10",
        "chemistry": "0121__rruff_R050062-1__B5_Ca1_H16_Na1_O17",
        "microstructure": "0456__rruff_R060421-1__Ca5_F1_O12_P3",
        "orientation": "0254__rruff_R050369-1__Ca5_F1_O12_P3",
        "background": "0152__rruff_R050128-1__C1_Ca1_O3"
      },
      "donor_rwp_percent": {
        "instrument": 8.00315190123515,
        "chemistry": 9.314628237585282,
        "microstructure": 15.272610154817642,
        "orientation": 13.558574059798776,
        "background": 10.060210456264361
      },
      "donor_peak_window_rwp": {
        "instrument": 11.357098944708872,
        "chemistry": 12.38197012046588,
        "microstructure": 21.636095490570618,
        "orientation": 18.528929065551917,
        "background": 12.829743047113176
      }
    }
  },