{
  "sample_name": "Na3PuO4_69",
  "phase_id": "cod_7036441",
  "formula": "Na3PuO4",
  "space_group": 69,
  "space_group_symbol": "Fmmm",
  "crystal_system": "orthorhombic",
  "source_origin": "cod",
  "slot": "background",
  "formula_group_id": "Na3|O4|Pu1::sg::69",
  "descriptor": {
    "phase_id": "cod_7036441",
    "formula": "Na3PuO4",
    "crystal_system": "orthorhombic",
    "elements": [
      "Na",
      "O",
      "Pu"
    ],
    "density_g_cm3": 5.874799351866485,
    "avg_z": 19.875,
    "max_z": 94.0,
    "heavy_fraction": 0.0,
    "transition_fraction": 0.0,
    "cell_lengths": [
      6.65115,
      9.63428,
      13.3025
    ],
    "cell_angles": [
      90.0,
      90.0,
      90.0
    ],
    "cell_volume": 852.411448516155,
    "cell_anisotropy": 2.0000300699878966,
    "anisotropy_index": 1.0000300699878966,
    "theoretical_peak_count": 114,
    "peak_density": 1.3411764705882352,
    "median_gap_deg": 0.47270965576171875,
    "crowded_fraction": 0.4247787610619469,
    "isolated_fraction": 0.1592920353982301,
    "simple_topology": false,
    "preferred_po_axis": [
      0,
      0,
      1
    ],
    "fluorescence_bucket": "none",
    "absorption_bucket": "heavy"
  },
  "generation": {
    "theta_min": 5.0,
    "theta_max": 90.0,
    "num_points": 8501,
    "template_rwp_percent": 20.116123150491998,
    "template_peak_window_rwp": 19.059785587552092,
    "template_peak_window_pearson": 0.9853439113269152,
    "synth_params": {
      "ka1": 1.5405929,
      "ka2": 1.5444274,
      "use_tch_profile": true,
      "sigma_scale": 0.915935817612402,
      "kb_ratio": 0.01500880233919089,
      "use_fcj_asymmetry": true,
      "detector_nonlinearity": 0.0,
      "use_ka2": true,
      "caglioti_u": 0.031390575609021656,
      "kb": 1.39225,
      "caglioti_w": 0.0018448797995058975,
      "detector_deadtime_coeff": 0.0,
      "axial_s_over_l": 0.0012,
      "sigma_min_deg": 0.008,
      "ka2_ratio": 0.48492173130236843,
      "caglioti_v": 0.007351125729718566,
      "sigma_deg": 0.01878969372542678,
      "use_kbeta": true,
      "beam_sample_ratio": 0.05,
      "fluorescence_level": 0.0,
      "muR": 0.04,
      "trns": 0.0,
      "fluorescence_decay": 3.0,
      "lorentz_z": 0.0003494793788265509,
      "strain": 0.001755533258727417,
      "pseudo_voigt_eta": 0.24288310120542217,
      "lorentz_size": 0.018880828940603486,
      "macro_strain": 0.0002712868795529252,
      "sample_displacement_sr": -0.0006055468525743351,
      "size_nm": 180.0,
      "delta_deg": -0.016335066137269483,
      "lorentz_strain": 0.008,
      "po_r": 1.0,
      "air_scatter_level": 1.4357404941558356,
      "b3": -7.576725277383578e-11,
      "scatter_sigma_deg": 4.818082639389946,
      "b4": -2.1719731118129621e-10,
      "scatter_level": 2.0028293523831486,
      "compton_level": 0.4792061653746479,
      "holder_scatter_center_deg": 13.148005929148589,
      "a": 1.0,
      "holder_scatter_level": 0.1290811588285118,
      "scatter_center_deg": 4.506047819214484,
      "b5": -1.592642915397184e-10,
      "poisson_counts_max": 1525.75,
      "air_scatter_floor": 0.018226773556866804,
      "b1": 0.9190948725100639,
      "b0": 7.359388055552824,
      "b2": -3.0212307845003545,
      "holder_scatter_sigma_deg": 9.171233576757148,
      "po_hkl_axis": [
        0.0,
        1.0,
        0.0
      ],
      "final_normalize": true
    },
    "synth_sampling_meta": {
      "family_name": "background",
      "slot": "background",
      "source_family": "opxrd_like",
      "preferred_source_family": "opxrd_like",
      "descriptor": {
        "phase_id": "cod_7036441",
        "formula": "Na3PuO4",
        "crystal_system": "orthorhombic",
        "elements": [
          "Na",
          "O",
          "Pu"
        ],
        "density_g_cm3": 5.874799351866485,
        "avg_z": 19.875,
        "max_z": 94.0,
        "heavy_fraction": 0.0,
        "transition_fraction": 0.0,
        "cell_lengths": [
          6.65115,
          9.63428,
          13.3025
        ],
        "cell_angles": [
          90.0,
          90.0,
          90.0
        ],
        "cell_volume": 852.411448516155,
        "cell_anisotropy": 2.0000300699878966,
        "anisotropy_index": 1.0000300699878966,
        "theoretical_peak_count": 114,
        "peak_density": 1.3411764705882352,
        "median_gap_deg": 0.47270965576171875,
        "crowded_fraction": 0.4247787610619469,
        "isolated_fraction": 0.1592920353982301,
        "simple_topology": false,
        "preferred_po_axis": [
          0,
          0,
          1
        ],
        "fluorescence_bucket": "none",
        "absorption_bucket": "heavy"
      },
      "attempt": 1,
      "donor_rows": {
        "instrument": "1191__opxrd_000584__H1_Mg1_O1",
        "chemistry": "0152__rruff_R050128-1__C1_Ca1_O3",
        "microstructure": "0005__rruff_R040007-1__O4_S1_Sr1",
        "orientation": "0181__rruff_R050200-1__Al2_F2_O4_Si1",
        "background": "0066__rruff_R040126-1__C4_Ca1_Mg3_O12"
      },
      "donor_rwp_percent": {
        "instrument": 5.159210709102735,
        "chemistry": 10.060210456264361,
        "microstructure": 20.116123150491998,
        "orientation": 23.384740001121493,
        "background": 8.894243026156627
      },
      "donor_peak_window_rwp": {
        "instrument": 5.48784949745101,
        "chemistry": 12.829743047113176,
        "microstructure": 19.059785587552092,
        "orientation": 22.398779644575264,
        "background": 11.562371080606463
      },
      "selected_sample_code": "1191__opxrd_000584__H1_Mg1_O1",
      "selected_peak_window_rwp": 5.48784949745101,
      "selected_peak_window_pearson": 0.9997162154875435,
      "selected_background_fraction": 0.5445765611275475
    },
    "original_sample_dir": "Na3PuO4_SG69",
    "original_cif_path": "phase.cif",
    "original_generated_xy_path": "generated.xy",
    "original_generation_params_json": "generation_params.json",
    "original_generation_quality_json": "generation_quality.json"
  },
  "quality": {
    "note": "These are theory-vs-generated synthetic quality indicators plus donor-template quality provenance. They are not Rietveld fit-to-experiment outputs.",
    "theory_vs_generated": {
      "profile_pearson": 0.8272991319157318,
      "profile_cosine": 0.7815904273271331,
      "rmse": 4.624742386425261,
      "mae": 3.31979359028202,
      "background_fraction_generated": 2.749109231636458,
      "top_peak_count_used": 20,
      "top_peak_height_log_mae": 2.708482576030022,
      "top_peak_shift_abs_mean_deg": 0.10925819015502966,
      "peak_window_pearson": 0.8013186942750417,
      "peak_window_cosine": 0.8283692691300045
    },
    "donor_template_quality": {
      "selected_sample_code": "1191__opxrd_000584__H1_Mg1_O1",
      "selected_peak_window_rwp": 5.48784949745101,
      "selected_peak_window_pearson": 0.9997162154875435,
      "selected_background_fraction": 0.5445765611275475,
      "donor_rows": {
        "instrument": "1191__opxrd_000584__H1_Mg1_O1",
        "chemistry": "0152__rruff_R050128-1__C1_Ca1_O3",
        "microstructure": "0005__rruff_R040007-1__O4_S1_Sr1",
        "orientation": "0181__rruff_R050200-1__Al2_F2_O4_Si1",
        "background": "0066__rruff_R040126-1__C4_Ca1_Mg3_O12"
      },
      "donor_rwp_percent": {
        "instrument": 5.159210709102735,
        "chemistry": 10.060210456264361,
        "microstructure": 20.116123150491998,
        "orientation": 23.384740001121493,
        "background": 8.894243026156627
      },
      "donor_peak_window_rwp": {
        "instrument": 5.48784949745101,
        "chemistry": 12.829743047113176,
        "microstructure": 19.059785587552092,
        "orientation": 22.398779644575264,
        "background": 11.562371080606463
      }
    }
  },
  "generation_tier": "strict_core"
}
