{
  "sample_name": "MgPt3_123",
  "phase_id": "cod_1522946",
  "formula": "MgPt3",
  "space_group": 123,
  "space_group_symbol": "P4/mmm",
  "crystal_system": "tetragonal",
  "source_origin": "cod",
  "slot": "background",
  "formula_group_id": "Mg1|Pt3::sg::123",
  "descriptor": {
    "phase_id": "cod_1522946",
    "formula": "MgPt3",
    "crystal_system": "tetragonal",
    "elements": [
      "Mg",
      "Pt"
    ],
    "density_g_cm3": 18.074114530901053,
    "avg_z": 61.5,
    "max_z": 78.0,
    "heavy_fraction": 0.75,
    "transition_fraction": 0.75,
    "cell_lengths": [
      3.88,
      3.88,
      3.72
    ],
    "cell_angles": [
      90.0,
      90.0,
      90.0
    ],
    "cell_volume": 56.002368,
    "cell_anisotropy": 1.043010752688172,
    "anisotropy_index": 0.043010752688172005,
    "theoretical_peak_count": 24,
    "peak_density": 0.2823529411764706,
    "median_gap_deg": 2.0498199462890625,
    "crowded_fraction": 0.0,
    "isolated_fraction": 0.7391304347826086,
    "simple_topology": true,
    "preferred_po_axis": [
      0,
      0,
      1
    ],
    "fluorescence_bucket": "none",
    "absorption_bucket": "heavy"
  },
  "generation": {
    "theta_min": 5.0,
    "theta_max": 90.0,
    "num_points": 8501,
    "template_rwp_percent": 11.310710506171425,
    "template_peak_window_rwp": 13.039616858422296,
    "template_peak_window_pearson": 0.9953688247628263,
    "synth_params": {
      "ka1": 1.5405929,
      "ka2": 1.5444274,
      "use_tch_profile": true,
      "sigma_scale": 0.915935817612402,
      "kb_ratio": 0.01500880233919089,
      "use_fcj_asymmetry": true,
      "detector_nonlinearity": 0.0,
      "use_ka2": true,
      "caglioti_u": 0.031390575609021656,
      "kb": 1.39225,
      "caglioti_w": 0.0018448797995058975,
      "detector_deadtime_coeff": 0.0,
      "axial_s_over_l": 0.0012,
      "sigma_min_deg": 0.008,
      "ka2_ratio": 0.48492173130236843,
      "caglioti_v": 0.007351125729718566,
      "sigma_deg": 0.01878969372542678,
      "use_kbeta": true,
      "beam_sample_ratio": 0.05,
      "fluorescence_level": 0.0,
      "muR": 0.04,
      "trns": 0.03,
      "fluorescence_decay": 3.0,
      "lorentz_z": 1.0000000000002677e-08,
      "strain": 0.0005179660556400223,
      "pseudo_voigt_eta": 0.17999999000010616,
      "lorentz_size": 0.0010441820989178865,
      "macro_strain": -6.1452475216263325e-06,
      "sample_displacement_sr": -0.0004449801257921904,
      "size_nm": 183.6383385402709,
      "delta_deg": -0.010485197032807442,
      "lorentz_strain": 0.01,
      "po_r": 1.0,
      "air_scatter_level": 1.5043160827637982,
      "b3": 0.10299375283530815,
      "scatter_sigma_deg": 7.699100070281181,
      "b4": 0.31282989258554345,
      "scatter_level": 1.2,
      "compton_level": 0.21821706008330488,
      "holder_scatter_center_deg": 8.452854877903937,
      "a": 2.5764626566355977,
      "holder_scatter_level": 0.17441951742242592,
      "scatter_center_deg": 24.028142905786652,
      "b5": -0.3304254188588024,
      "poisson_counts_max": 5019.25,
      "air_scatter_floor": 0.015831746406588215,
      "b1": -1.117342928390338,
      "b0": 9.41725529385996,
      "b2": -2.190287781237602,
      "holder_scatter_sigma_deg": 4.455131483066237,
      "po_hkl_axis": [
        0.0,
        1.0,
        0.0
      ],
      "final_normalize": true
    },
    "synth_sampling_meta": {
      "family_name": "background",
      "slot": "background",
      "source_family": "opxrd_like",
      "preferred_source_family": "opxrd_like",
      "descriptor": {
        "phase_id": "cod_1522946",
        "formula": "MgPt3",
        "crystal_system": "tetragonal",
        "elements": [
          "Mg",
          "Pt"
        ],
        "density_g_cm3": 18.074114530901053,
        "avg_z": 61.5,
        "max_z": 78.0,
        "heavy_fraction": 0.75,
        "transition_fraction": 0.75,
        "cell_lengths": [
          3.88,
          3.88,
          3.72
        ],
        "cell_angles": [
          90.0,
          90.0,
          90.0
        ],
        "cell_volume": 56.002368,
        "cell_anisotropy": 1.043010752688172,
        "anisotropy_index": 0.043010752688172005,
        "theoretical_peak_count": 24,
        "peak_density": 0.2823529411764706,
        "median_gap_deg": 2.0498199462890625,
        "crowded_fraction": 0.0,
        "isolated_fraction": 0.7391304347826086,
        "simple_topology": true,
        "preferred_po_axis": [
          0,
          0,
          1
        ],
        "fluorescence_bucket": "none",
        "absorption_bucket": "heavy"
      },
      "attempt": 1,
      "donor_rows": {
        "instrument": "1191__opxrd_000584__H1_Mg1_O1",
        "chemistry": "0181__rruff_R050200-1__Al2_F2_O4_Si1",
        "microstructure": "0010__rruff_R040017-1__O2_Sn1",
        "orientation": "0320__rruff_R050501-1__Mo1_O4_Pb1",
        "background": "0296__rruff_R050443-1__C1_Mg1_O3"
      },
      "donor_rwp_percent": {
        "instrument": 5.159210709102735,
        "chemistry": 23.384740001121493,
        "microstructure": 11.310710506171425,
        "orientation": 28.68148207760901,
        "background": 27.08433368266328
      },
      "donor_peak_window_rwp": {
        "instrument": 5.48784949745101,
        "chemistry": 22.398779644575264,
        "microstructure": 13.039616858422296,
        "orientation": 22.790795125536757,
        "background": 13.745715758604918
      },
      "selected_sample_code": "1191__opxrd_000584__H1_Mg1_O1",
      "selected_peak_window_rwp": 5.48784949745101,
      "selected_peak_window_pearson": 0.9997162154875435,
      "selected_background_fraction": 0.3921797860339511
    },
    "original_sample_dir": "MgPt3_SG123",
    "original_cif_path": "phase.cif",
    "original_generated_xy_path": "generated.xy",
    "original_generation_params_json": "generation_params.json",
    "original_generation_quality_json": "generation_quality.json"
  },
  "quality": {
    "note": "These are theory-vs-generated synthetic quality indicators plus donor-template quality provenance. They are not Rietveld fit-to-experiment outputs.",
    "theory_vs_generated": {
      "profile_pearson": 0.8963579079849057,
      "profile_cosine": 0.8747508231548262,
      "rmse": 2.459924755336879,
      "mae": 1.429642324467636,
      "background_fraction_generated": 7.339222202690984,
      "top_peak_count_used": 20,
      "top_peak_height_log_mae": 13.460666050396147,
      "top_peak_shift_abs_mean_deg": 0.23841388320922868,
      "peak_window_pearson": 0.8882023961145159,
      "peak_window_cosine": 0.8953065014734687
    },
    "donor_template_quality": {
      "selected_sample_code": "1191__opxrd_000584__H1_Mg1_O1",
      "selected_peak_window_rwp": 5.48784949745101,
      "selected_peak_window_pearson": 0.9997162154875435,
      "selected_background_fraction": 0.3921797860339511,
      "donor_rows": {
        "instrument": "1191__opxrd_000584__H1_Mg1_O1",
        "chemistry": "0181__rruff_R050200-1__Al2_F2_O4_Si1",
        "microstructure": "0010__rruff_R040017-1__O2_Sn1",
        "orientation": "0320__rruff_R050501-1__Mo1_O4_Pb1",
        "background": "0296__rruff_R050443-1__C1_Mg1_O3"
      },
      "donor_rwp_percent": {
        "instrument": 5.159210709102735,
        "chemistry": 23.384740001121493,
        "microstructure": 11.310710506171425,
        "orientation": 28.68148207760901,
        "background": 27.08433368266328
      },
      "donor_peak_window_rwp": {
        "instrument": 5.48784949745101,
        "chemistry": 22.398779644575264,
        "microstructure": 13.039616858422296,
        "orientation": 22.790795125536757,
        "background": 13.745715758604918
      }
    }
  },
  "generation_tier": "strict_core"
}
