{
  "sample_name": "Al2O3_10",
  "phase_id": "mp-2637304",
  "formula": "Al2O3",
  "space_group": 10,
  "space_group_symbol": "P2/m",
  "crystal_system": "monoclinic",
  "source_origin": "materials_project",
  "slot": "profile",
  "formula_group_id": "Al2|O3::sg::10",
  "descriptor": {
    "phase_id": "mp-2637304",
    "formula": "Al2O3",
    "crystal_system": "monoclinic",
    "elements": [
      "Al",
      "O"
    ],
    "density_g_cm3": 5.239405823532745,
    "avg_z": 10.0,
    "max_z": 13.0,
    "heavy_fraction": 0.0,
    "transition_fraction": 0.0,
    "cell_lengths": [
      2.8546935899999997,
      4.957879339999999,
      9.24556641
    ],
    "cell_angles": [
      81.04638891,
      89.82271055000001,
      89.94496531000001
    ],
    "cell_volume": 129.25945422828255,
    "cell_anisotropy": 3.238724619128038,
    "anisotropy_index": 2.238724619128038,
    "theoretical_peak_count": 207,
    "peak_density": 2.4352941176470586,
    "median_gap_deg": 0.1377124786376953,
    "crowded_fraction": 0.7475728155339806,
    "isolated_fraction": 0.06796116504854369,
    "simple_topology": false,
    "preferred_po_axis": [
      0,
      0,
      1
    ],
    "fluorescence_bucket": "none",
    "absorption_bucket": "medium"
  },
  "generation": {
    "theta_min": 5.0,
    "theta_max": 90.0,
    "num_points": 8501,
    "template_rwp_percent": 11.336277291932815,
    "template_peak_window_rwp": 11.208554719735723,
    "template_peak_window_pearson": 0.9683505557392063,
    "synth_params": {
      "ka1": 1.5405929,
      "ka2": 1.5444274,
      "use_tch_profile": true,
      "sigma_scale": 0.915935817612402,
      "kb_ratio": 0.01500880233919089,
      "use_fcj_asymmetry": true,
      "detector_nonlinearity": 0.0,
      "use_ka2": true,
      "caglioti_u": 0.031390575609021656,
      "kb": 1.39225,
      "caglioti_w": 0.0018448797995058975,
      "detector_deadtime_coeff": 0.0,
      "axial_s_over_l": 0.0012,
      "sigma_min_deg": 0.008,
      "ka2_ratio": 0.48492173130236843,
      "caglioti_v": 0.007351125729718566,
      "sigma_deg": 0.019353384537189586,
      "use_kbeta": true,
      "beam_sample_ratio": 0.05,
      "fluorescence_level": 0.0,
      "muR": 0.059982420895060076,
      "trns": 0.08,
      "fluorescence_decay": 3.0,
      "lorentz_z": 9.999925456690148e-09,
      "strain": 0.0005809141699247577,
      "pseudo_voigt_eta": 0.018647385776208412,
      "lorentz_size": 5.896665146445407e-05,
      "macro_strain": 0.0,
      "sample_displacement_sr": -0.00041210135104873257,
      "size_nm": 180.0,
      "delta_deg": -0.009803676886605741,
      "lorentz_strain": 0.009,
      "po_r": 1.0,
      "air_scatter_level": 1e-08,
      "b3": -0.1848624278005454,
      "scatter_sigma_deg": 6.0,
      "b4": 0.20595308036552476,
      "scatter_level": 1e-08,
      "compton_level": 1e-08,
      "holder_scatter_center_deg": 15.0,
      "a": 2.456521703905162,
      "holder_scatter_level": 1e-08,
      "scatter_center_deg": 15.0,
      "b5": -1.0196444166448001e-06,
      "poisson_counts_max": 3486.5,
      "air_scatter_floor": 0.05,
      "b1": -4.44554467722384,
      "b0": 21.288767814184258,
      "b2": -1.9952642435986017,
      "holder_scatter_sigma_deg": 4.0,
      "po_hkl_axis": [
        0.0,
        1.0,
        0.0
      ],
      "final_normalize": true
    },
    "synth_sampling_meta": {
      "family_name": "profile",
      "slot": "profile",
      "source_family": "opxrd_like",
      "preferred_source_family": "opxrd_like",
      "descriptor": {
        "phase_id": "mp-2637304",
        "formula": "Al2O3",
        "crystal_system": "monoclinic",
        "elements": [
          "Al",
          "O"
        ],
        "density_g_cm3": 5.239405823532745,
        "avg_z": 10.0,
        "max_z": 13.0,
        "heavy_fraction": 0.0,
        "transition_fraction": 0.0,
        "cell_lengths": [
          2.8546935899999997,
          4.957879339999999,
          9.24556641
        ],
        "cell_angles": [
          81.04638891,
          89.82271055000001,
          89.94496531000001
        ],
        "cell_volume": 129.25945422828255,
        "cell_anisotropy": 3.238724619128038,
        "anisotropy_index": 2.238724619128038,
        "theoretical_peak_count": 207,
        "peak_density": 2.4352941176470586,
        "median_gap_deg": 0.1377124786376953,
        "crowded_fraction": 0.7475728155339806,
        "isolated_fraction": 0.06796116504854369,
        "simple_topology": false,
        "preferred_po_axis": [
          0,
          0,
          1
        ],
        "fluorescence_bucket": "none",
        "absorption_bucket": "medium"
      },
      "attempt": 1,
      "donor_rows": {
        "instrument": "1191__opxrd_000584__H1_Mg1_O1",
        "chemistry": "0136__rruff_R050100-1__Al2_O7_P1",
        "microstructure": "0150__rruff_R050126-1__Al3_H4_Na1_O12_P2",
        "orientation": "0136__rruff_R050100-1__Al2_O7_P1",
        "background": "1191__opxrd_000584__H1_Mg1_O1"
      },
      "donor_rwp_percent": {
        "instrument": 5.159210709102735,
        "chemistry": 11.140544664536845,
        "microstructure": 12.349421546615877,
        "orientation": 11.140544664536845,
        "background": 5.159210709102735
      },
      "donor_peak_window_rwp": {
        "instrument": 5.48784949745101,
        "chemistry": 15.446070104443251,
        "microstructure": 16.546432705173878,
        "orientation": 15.446070104443251,
        "background": 5.48784949745101
      },
      "selected_sample_code": "1191__opxrd_000584__H1_Mg1_O1",
      "selected_peak_window_rwp": 5.48784949745101,
      "selected_peak_window_pearson": 0.9997162154875435,
      "selected_background_fraction": 0.5127638626915709
    },
    "original_sample_dir": "Al2O3_SG10",
    "original_cif_path": "phase.cif",
    "original_generated_xy_path": "generated.xy",
    "original_generation_params_json": "generation_params.json",
    "original_generation_quality_json": "generation_quality.json"
  },
  "quality": {
    "note": "These are theory-vs-generated synthetic quality indicators plus donor-template quality provenance. They are not Rietveld fit-to-experiment outputs.",
    "theory_vs_generated": {
      "profile_pearson": 0.9017141753459034,
      "profile_cosine": 0.8780226930585955,
      "rmse": 2.999422544067956,
      "mae": 1.9885412952149464,
      "background_fraction_generated": 7.330911735458638,
      "top_peak_count_used": 20,
      "top_peak_height_log_mae": 12.856997670813062,
      "top_peak_shift_abs_mean_deg": 0.24162017059326094,
      "peak_window_pearson": 0.8867683493281422,
      "peak_window_cosine": 0.9007676223566318
    },
    "donor_template_quality": {
      "selected_sample_code": "1191__opxrd_000584__H1_Mg1_O1",
      "selected_peak_window_rwp": 5.48784949745101,
      "selected_peak_window_pearson": 0.9997162154875435,
      "selected_background_fraction": 0.5127638626915709,
      "donor_rows": {
        "instrument": "1191__opxrd_000584__H1_Mg1_O1",
        "chemistry": "0136__rruff_R050100-1__Al2_O7_P1",
        "microstructure": "0150__rruff_R050126-1__Al3_H4_Na1_O12_P2",
        "orientation": "0136__rruff_R050100-1__Al2_O7_P1",
        "background": "1191__opxrd_000584__H1_Mg1_O1"
      },
      "donor_rwp_percent": {
        "instrument": 5.159210709102735,
        "chemistry": 11.140544664536845,
        "microstructure": 12.349421546615877,
        "orientation": 11.140544664536845,
        "background": 5.159210709102735
      },
      "donor_peak_window_rwp": {
        "instrument": 5.48784949745101,
        "chemistry": 15.446070104443251,
        "microstructure": 16.546432705173878,
        "orientation": 15.446070104443251,
        "background": 5.48784949745101
      }
    }
  },
  "generation_tier": "strict_core"
}
