{
  "sample_name": "MgO_192",
  "phase_id": "mp-1190533",
  "formula": "MgO",
  "space_group": 192,
  "space_group_symbol": "P6/mcc",
  "crystal_system": "hexagonal",
  "source_origin": "materials_project",
  "slot": "anchor",
  "formula_group_id": "Mg1|O1::sg::192",
  "descriptor": {
    "phase_id": "mp-1190533",
    "formula": "MgO",
    "crystal_system": "hexagonal",
    "elements": [
      "Mg",
      "O"
    ],
    "density_g_cm3": 2.368749004964642,
    "avg_z": 10.0,
    "max_z": 12.0,
    "heavy_fraction": 0.0,
    "transition_fraction": 0.0,
    "cell_lengths": [
      9.66811977,
      9.66811977,
      4.188409
    ],
    "cell_angles": [
      90.0,
      90.0,
      119.99999999999999
    ],
    "cell_volume": 339.0500084683049,
    "cell_anisotropy": 2.3083036470411558,
    "anisotropy_index": 1.3083036470411558,
    "theoretical_peak_count": 53,
    "peak_density": 0.6235294117647059,
    "median_gap_deg": 1.0721912384033203,
    "crowded_fraction": 0.34615384615384615,
    "isolated_fraction": 0.4423076923076923,
    "simple_topology": false,
    "preferred_po_axis": [
      0,
      0,
      1
    ],
    "fluorescence_bucket": "none",
    "absorption_bucket": "light"
  },
  "generation": {
    "theta_min": 5.0,
    "theta_max": 90.0,
    "num_points": 8501,
    "template_rwp_percent": 12.230971149753874,
    "template_peak_window_rwp": 16.61381662608072,
    "template_peak_window_pearson": 0.9948239611051984,
    "synth_params": {
      "ka1": 1.5405929,
      "ka2": 1.5444274,
      "use_tch_profile": true,
      "sigma_scale": 0.6,
      "kb_ratio": 0.018,
      "use_fcj_asymmetry": true,
      "detector_nonlinearity": 0.0,
      "use_ka2": true,
      "caglioti_u": 0.015993668366388946,
      "kb": 1.39225,
      "caglioti_w": 0.0012299207136324394,
      "detector_deadtime_coeff": 0.0,
      "axial_s_over_l": 0.0011999999996109912,
      "sigma_min_deg": 0.008,
      "ka2_ratio": 0.5014994769818425,
      "caglioti_v": -0.01611273624252125,
      "sigma_deg": 0.011182542556369897,
      "use_kbeta": true,
      "beam_sample_ratio": 0.04999999999979615,
      "fluorescence_level": 0.0,
      "muR": 0.0,
      "trns": 0.0,
      "fluorescence_decay": 3.0,
      "lorentz_z": 0.00011692124277869222,
      "strain": 2.0890460626993178e-05,
      "pseudo_voigt_eta": -0.005038350347928382,
      "lorentz_size": 0.018,
      "macro_strain": 0.0,
      "sample_displacement_sr": -0.000335218198833255,
      "size_nm": 198.3215592988922,
      "delta_deg": -0.009437018111748793,
      "lorentz_strain": 0.0002876675853948984,
      "po_r": 1.0,
      "air_scatter_level": 0.09706612532080099,
      "b3": 1.3442063835833177e-08,
      "scatter_sigma_deg": 6.745516875079763,
      "b4": -2.5548919808363584e-08,
      "scatter_level": 3.946561982338837,
      "compton_level": 0.18135052466548185,
      "holder_scatter_center_deg": 6.702251591272819,
      "a": 2.153788943583767,
      "holder_scatter_level": 1.5180855852318598,
      "scatter_center_deg": 5.377016023437027,
      "b5": -2.4223914256036022e-08,
      "poisson_counts_max": 5450.4,
      "air_scatter_floor": 0.15296218183818666,
      "b1": -4.956923696401883,
      "b0": -2.8144852857215144,
      "b2": 2.6039921031347997,
      "holder_scatter_sigma_deg": 8.020252416654412,
      "po_hkl_axis": [
        0.0,
        1.0,
        0.0
      ],
      "final_normalize": true
    },
    "synth_sampling_meta": {
      "family_name": "anchor",
      "slot": "anchor",
      "source_family": "rruff_like",
      "preferred_source_family": "rruff_like",
      "descriptor": {
        "phase_id": "mp-1190533",
        "formula": "MgO",
        "crystal_system": "hexagonal",
        "elements": [
          "Mg",
          "O"
        ],
        "density_g_cm3": 2.368749004964642,
        "avg_z": 10.0,
        "max_z": 12.0,
        "heavy_fraction": 0.0,
        "transition_fraction": 0.0,
        "cell_lengths": [
          9.66811977,
          9.66811977,
          4.188409
        ],
        "cell_angles": [
          90.0,
          90.0,
          119.99999999999999
        ],
        "cell_volume": 339.0500084683049,
        "cell_anisotropy": 2.3083036470411558,
        "anisotropy_index": 1.3083036470411558,
        "theoretical_peak_count": 53,
        "peak_density": 0.6235294117647059,
        "median_gap_deg": 1.0721912384033203,
        "crowded_fraction": 0.34615384615384615,
        "isolated_fraction": 0.4423076923076923,
        "simple_topology": false,
        "preferred_po_axis": [
          0,
          0,
          1
        ],
        "fluorescence_bucket": "none",
        "absorption_bucket": "light"
      },
      "attempt": 1,
      "donor_rows": {
        "instrument": "0113__rruff_R050045-1__Ca1_F2",
        "chemistry": "0057__rruff_R040098-1__Ca5_F1_O12_P3",
        "microstructure": "0254__rruff_R050369-1__Ca5_F1_O12_P3",
        "orientation": "0456__rruff_R060421-1__Ca5_F1_O12_P3",
        "background": "0150__rruff_R050126-1__Al3_H4_Na1_O12_P2"
      },
      "donor_rwp_percent": {
        "instrument": 10.345769455766266,
        "chemistry": 13.722656894319407,
        "microstructure": 13.558574059798776,
        "orientation": 15.272610154817642,
        "background": 12.349421546615877
      },
      "donor_peak_window_rwp": {
        "instrument": 11.85177861797737,
        "chemistry": 18.779898403060326,
        "microstructure": 18.528929065551917,
        "orientation": 21.636095490570618,
        "background": 16.546432705173878
      },
      "selected_sample_code": "0113__rruff_R050045-1__Ca1_F2",
      "selected_peak_window_rwp": 11.85177861797737,
      "selected_peak_window_pearson": 0.9964628749980051,
      "selected_background_fraction": 0.06048028654774604
    },
    "original_sample_dir": "MgO_SG192",
    "original_cif_path": "phase.cif",
    "original_generated_xy_path": "generated.xy",
    "original_generation_params_json": "generation_params.json",
    "original_generation_quality_json": "generation_quality.json"
  },
  "quality": {
    "note": "These are theory-vs-generated synthetic quality indicators plus donor-template quality provenance. They are not Rietveld fit-to-experiment outputs.",
    "theory_vs_generated": {
      "profile_pearson": 0.877654660614766,
      "profile_cosine": 0.878984050576399,
      "rmse": 1.5061012449447542,
      "mae": 0.20322624664830574,
      "background_fraction_generated": -8.549661638135182,
      "top_peak_count_used": 20,
      "top_peak_height_log_mae": 0.7430110443801538,
      "top_peak_shift_abs_mean_deg": 0.027061685562134487,
      "peak_window_pearson": 0.8723557913629892,
      "peak_window_cosine": 0.8800342249349403
    },
    "donor_template_quality": {
      "selected_sample_code": "0113__rruff_R050045-1__Ca1_F2",
      "selected_peak_window_rwp": 11.85177861797737,
      "selected_peak_window_pearson": 0.9964628749980051,
      "selected_background_fraction": 0.06048028654774604,
      "donor_rows": {
        "instrument": "0113__rruff_R050045-1__Ca1_F2",
        "chemistry": "0057__rruff_R040098-1__Ca5_F1_O12_P3",
        "microstructure": "0254__rruff_R050369-1__Ca5_F1_O12_P3",
        "orientation": "0456__rruff_R060421-1__Ca5_F1_O12_P3",
        "background": "0150__rruff_R050126-1__Al3_H4_Na1_O12_P2"
      },
      "donor_rwp_percent": {
        "instrument": 10.345769455766266,
        "chemistry": 13.722656894319407,
        "microstructure": 13.558574059798776,
        "orientation": 15.272610154817642,
        "background": 12.349421546615877
      },
      "donor_peak_window_rwp": {
        "instrument": 11.85177861797737,
        "chemistry": 18.779898403060326,
        "microstructure": 18.528929065551917,
        "orientation": 21.636095490570618,
        "background": 16.546432705173878
      }
    }
  },
  "generation_tier": "strict_core"
}
