{
  "sample_name": "Kr_194",
  "phase_id": "mp-567365",
  "formula": "Kr",
  "space_group": 194,
  "space_group_symbol": "P6_3/mmc",
  "crystal_system": "hexagonal",
  "source_origin": "materials_project",
  "slot": "anchor",
  "formula_group_id": "Kr1::sg::194",
  "descriptor": {
    "phase_id": "mp-567365",
    "formula": "Kr",
    "crystal_system": "hexagonal",
    "elements": [
      "Kr"
    ],
    "density_g_cm3": 2.7672887479742996,
    "avg_z": 36.0,
    "max_z": 36.0,
    "heavy_fraction": 0.0,
    "transition_fraction": 0.0,
    "cell_lengths": [
      4.14901707,
      4.14901707,
      6.745858
    ],
    "cell_angles": [
      90.0,
      90.0,
      119.99999999999999
    ],
    "cell_volume": 100.56764260630052,
    "cell_anisotropy": 1.6258930455545222,
    "anisotropy_index": 0.6258930455545222,
    "theoretical_peak_count": 23,
    "peak_density": 0.27058823529411763,
    "median_gap_deg": 2.477588653564453,
    "crowded_fraction": 0.045454545454545456,
    "isolated_fraction": 0.8181818181818182,
    "simple_topology": true,
    "preferred_po_axis": [
      0,
      0,
      1
    ],
    "fluorescence_bucket": "none",
    "absorption_bucket": "medium"
  },
  "generation": {
    "theta_min": 5.0,
    "theta_max": 90.0,
    "num_points": 8501,
    "template_rwp_percent": 12.230971149753874,
    "template_peak_window_rwp": 16.61381662608072,
    "template_peak_window_pearson": 0.9948239611051984,
    "synth_params": {
      "ka1": 1.5405929,
      "ka2": 1.5444274,
      "use_tch_profile": true,
      "sigma_scale": 0.7082122302317594,
      "kb_ratio": 0.0,
      "use_fcj_asymmetry": true,
      "detector_nonlinearity": 0.0,
      "use_ka2": true,
      "caglioti_u": 0.011996376250848456,
      "kb": 1.39225,
      "caglioti_w": 0.0006815609307479579,
      "detector_deadtime_coeff": 0.0,
      "axial_s_over_l": 0.0013039434322876934,
      "sigma_min_deg": 0.008,
      "ka2_ratio": 0.4690778073554342,
      "caglioti_v": -0.005753064591390046,
      "sigma_deg": 0.008,
      "use_kbeta": false,
      "beam_sample_ratio": 0.10092560980790312,
      "fluorescence_level": 0.0,
      "muR": 0.060635190034544165,
      "trns": 0.08,
      "fluorescence_decay": 3.0,
      "lorentz_z": 0.004152528622894822,
      "strain": 1.7976889825739126e-05,
      "pseudo_voigt_eta": -0.040537443334379024,
      "lorentz_size": 0.03,
      "macro_strain": 0.0,
      "sample_displacement_sr": -0.0004091797047641091,
      "size_nm": 380.0,
      "delta_deg": -0.009660134749472039,
      "lorentz_strain": 0.00030376695666609293,
      "po_r": 1.0,
      "air_scatter_level": 5.500000000000385e-09,
      "b3": 6.3203101563040995e-06,
      "scatter_sigma_deg": 6.0,
      "b4": -2.7325016753084457e-06,
      "scatter_level": 5.499999999998345e-09,
      "compton_level": 5.499999999999996e-09,
      "holder_scatter_center_deg": 15.0,
      "a": 0.977906046144876,
      "holder_scatter_level": 5.500000000002196e-09,
      "scatter_center_deg": 15.0,
      "b5": 1.6491811420758495e-06,
      "poisson_counts_max": 2584.7999999999997,
      "air_scatter_floor": 0.049999999999999996,
      "b1": -1.0621837808842336,
      "b0": 2.7818043743245324,
      "b2": 0.8246859397168971,
      "holder_scatter_sigma_deg": 4.0,
      "po_hkl_axis": [
        0.0,
        1.0,
        0.0
      ],
      "final_normalize": true
    },
    "synth_sampling_meta": {
      "family_name": "anchor",
      "slot": "anchor",
      "source_family": "rruff_like",
      "preferred_source_family": "rruff_like",
      "descriptor": {
        "phase_id": "mp-567365",
        "formula": "Kr",
        "crystal_system": "hexagonal",
        "elements": [
          "Kr"
        ],
        "density_g_cm3": 2.7672887479742996,
        "avg_z": 36.0,
        "max_z": 36.0,
        "heavy_fraction": 0.0,
        "transition_fraction": 0.0,
        "cell_lengths": [
          4.14901707,
          4.14901707,
          6.745858
        ],
        "cell_angles": [
          90.0,
          90.0,
          119.99999999999999
        ],
        "cell_volume": 100.56764260630052,
        "cell_anisotropy": 1.6258930455545222,
        "anisotropy_index": 0.6258930455545222,
        "theoretical_peak_count": 23,
        "peak_density": 0.27058823529411763,
        "median_gap_deg": 2.477588653564453,
        "crowded_fraction": 0.045454545454545456,
        "isolated_fraction": 0.8181818181818182,
        "simple_topology": true,
        "preferred_po_axis": [
          0,
          0,
          1
        ],
        "fluorescence_bucket": "none",
        "absorption_bucket": "medium"
      },
      "attempt": 1,
      "donor_rows": {
        "instrument": "0456__rruff_R060421-1__Ca5_F1_O12_P3",
        "chemistry": "0415__rruff_R060150-1__Ca13_F10_H12_O34_Si10",
        "microstructure": "0057__rruff_R040098-1__Ca5_F1_O12_P3",
        "orientation": "0254__rruff_R050369-1__Ca5_F1_O12_P3",
        "background": "0144__rruff_R050115-1__Ca1_F2"
      },
      "donor_rwp_percent": {
        "instrument": 15.272610154817642,
        "chemistry": 8.00315190123515,
        "microstructure": 13.722656894319407,
        "orientation": 13.558574059798776,
        "background": 10.8136128591309
      },
      "donor_peak_window_rwp": {
        "instrument": 21.636095490570618,
        "chemistry": 11.357098944708872,
        "microstructure": 18.779898403060326,
        "orientation": 18.528929065551917,
        "background": 14.273780930421212
      },
      "selected_sample_code": "0456__rruff_R060421-1__Ca5_F1_O12_P3",
      "selected_peak_window_rwp": 21.636095490570618,
      "selected_peak_window_pearson": 0.9908960520074189,
      "selected_background_fraction": 0.2583068632884111
    },
    "original_sample_dir": "Kr_SG194",
    "original_cif_path": "phase.cif",
    "original_generated_xy_path": "generated.xy",
    "original_generation_params_json": "generation_params.json",
    "original_generation_quality_json": "generation_quality.json"
  },
  "quality": {
    "note": "These are theory-vs-generated synthetic quality indicators plus donor-template quality provenance. They are not Rietveld fit-to-experiment outputs.",
    "theory_vs_generated": {
      "profile_pearson": 0.8957146657861328,
      "profile_cosine": 0.8942552368084067,
      "rmse": 1.743981067711711,
      "mae": 0.5214434437759216,
      "background_fraction_generated": 3.2097001665171203,
      "top_peak_count_used": 20,
      "top_peak_height_log_mae": 0.4198406483736149,
      "top_peak_shift_abs_mean_deg": 0.038741298675537016,
      "peak_window_pearson": 0.8853222037439826,
      "peak_window_cosine": 0.8981510346924146
    },
    "donor_template_quality": {
      "selected_sample_code": "0456__rruff_R060421-1__Ca5_F1_O12_P3",
      "selected_peak_window_rwp": 21.636095490570618,
      "selected_peak_window_pearson": 0.9908960520074189,
      "selected_background_fraction": 0.2583068632884111,
      "donor_rows": {
        "instrument": "0456__rruff_R060421-1__Ca5_F1_O12_P3",
        "chemistry": "0415__rruff_R060150-1__Ca13_F10_H12_O34_Si10",
        "microstructure": "0057__rruff_R040098-1__Ca5_F1_O12_P3",
        "orientation": "0254__rruff_R050369-1__Ca5_F1_O12_P3",
        "background": "0144__rruff_R050115-1__Ca1_F2"
      },
      "donor_rwp_percent": {
        "instrument": 15.272610154817642,
        "chemistry": 8.00315190123515,
        "microstructure": 13.722656894319407,
        "orientation": 13.558574059798776,
        "background": 10.8136128591309
      },
      "donor_peak_window_rwp": {
        "instrument": 21.636095490570618,
        "chemistry": 11.357098944708872,
        "microstructure": 18.779898403060326,
        "orientation": 18.528929065551917,
        "background": 14.273780930421212
      }
    }
  },
  "generation_tier": "strict_core"
}
