{
  "sample_name": "C17F5_11",
  "phase_id": "mp-644802",
  "formula": "C17F5",
  "space_group": 11,
  "space_group_symbol": "P2_1/m",
  "crystal_system": "monoclinic",
  "source_origin": "materials_project",
  "slot": "profile",
  "formula_group_id": "C17|F5::sg::11",
  "descriptor": {
    "phase_id": "mp-644802",
    "formula": "C17F5",
    "crystal_system": "monoclinic",
    "elements": [
      "C",
      "F"
    ],
    "density_g_cm3": 2.0353853347782684,
    "avg_z": 6.681818181818182,
    "max_z": 9.0,
    "heavy_fraction": 0.0,
    "transition_fraction": 0.0,
    "cell_lengths": [
      9.951921,
      19.970943,
      10.40141178
    ],
    "cell_angles": [
      90.0,
      109.17221779,
      90.0
    ],
    "cell_volume": 1952.6129718288828,
    "cell_anisotropy": 2.0067425173491626,
    "anisotropy_index": 1.0067425173491626,
    "theoretical_peak_count": 1580,
    "peak_density": 18.58823529411765,
    "median_gap_deg": 0.02466583251953125,
    "crowded_fraction": 0.9848005066497784,
    "isolated_fraction": 0.0,
    "simple_topology": false,
    "preferred_po_axis": [
      0,
      1,
      0
    ],
    "fluorescence_bucket": "none",
    "absorption_bucket": "light"
  },
  "generation": {
    "theta_min": 5.0,
    "theta_max": 90.0,
    "num_points": 8501,
    "template_rwp_percent": 11.336277291932815,
    "template_peak_window_rwp": 11.208554719735723,
    "template_peak_window_pearson": 0.9683505557392063,
    "synth_params": {
      "ka1": 1.5405929,
      "ka2": 1.5444274,
      "use_tch_profile": true,
      "sigma_scale": 0.915935817612402,
      "kb_ratio": 0.01500880233919089,
      "use_fcj_asymmetry": true,
      "detector_nonlinearity": 0.0,
      "use_ka2": true,
      "caglioti_u": 0.031390575609021656,
      "kb": 1.39225,
      "caglioti_w": 0.0018448797995058975,
      "detector_deadtime_coeff": 0.0,
      "axial_s_over_l": 0.0012,
      "sigma_min_deg": 0.008,
      "ka2_ratio": 0.48492173130236843,
      "caglioti_v": 0.007351125729718566,
      "sigma_deg": 0.019353384537189586,
      "use_kbeta": true,
      "beam_sample_ratio": 0.05,
      "fluorescence_level": 0.0,
      "muR": 0.035,
      "trns": 0.0900504593025847,
      "fluorescence_decay": 3.0,
      "lorentz_z": 0.00022963776115713248,
      "strain": 2.8585091953874865e-05,
      "pseudo_voigt_eta": -0.03819439894674802,
      "lorentz_size": 0.032,
      "macro_strain": 0.0,
      "sample_displacement_sr": -0.0009847952734493629,
      "size_nm": 180.0,
      "delta_deg": -0.009473085371824124,
      "lorentz_strain": 0.0039759046170622855,
      "po_r": 1.0,
      "air_scatter_level": 1e-08,
      "b3": -0.1848624278005454,
      "scatter_sigma_deg": 6.0,
      "b4": 0.20595308036552476,
      "scatter_level": 1e-08,
      "compton_level": 1e-08,
      "holder_scatter_center_deg": 15.0,
      "a": 2.456521703905162,
      "holder_scatter_level": 1e-08,
      "scatter_center_deg": 15.0,
      "b5": -1.0196444166448001e-06,
      "poisson_counts_max": 3486.5,
      "air_scatter_floor": 0.05,
      "b1": -4.44554467722384,
      "b0": 21.288767814184258,
      "b2": -1.9952642435986017,
      "holder_scatter_sigma_deg": 4.0,
      "po_hkl_axis": [
        0.0,
        1.0,
        0.0
      ],
      "final_normalize": true
    },
    "synth_sampling_meta": {
      "family_name": "profile",
      "slot": "profile",
      "source_family": "opxrd_like",
      "preferred_source_family": "opxrd_like",
      "descriptor": {
        "phase_id": "mp-644802",
        "formula": "C17F5",
        "crystal_system": "monoclinic",
        "elements": [
          "C",
          "F"
        ],
        "density_g_cm3": 2.0353853347782684,
        "avg_z": 6.681818181818182,
        "max_z": 9.0,
        "heavy_fraction": 0.0,
        "transition_fraction": 0.0,
        "cell_lengths": [
          9.951921,
          19.970943,
          10.40141178
        ],
        "cell_angles": [
          90.0,
          109.17221779,
          90.0
        ],
        "cell_volume": 1952.6129718288828,
        "cell_anisotropy": 2.0067425173491626,
        "anisotropy_index": 1.0067425173491626,
        "theoretical_peak_count": 1580,
        "peak_density": 18.58823529411765,
        "median_gap_deg": 0.02466583251953125,
        "crowded_fraction": 0.9848005066497784,
        "isolated_fraction": 0.0,
        "simple_topology": false,
        "preferred_po_axis": [
          0,
          1,
          0
        ],
        "fluorescence_bucket": "none",
        "absorption_bucket": "light"
      },
      "attempt": 1,
      "donor_rows": {
        "instrument": "1191__opxrd_000584__H1_Mg1_O1",
        "chemistry": "0136__rruff_R050100-1__Al2_O7_P1",
        "microstructure": "0328__rruff_R050520-1__Be1_Ca1_O5_P1",
        "orientation": "0595__rruff_R070589-1__H8_Mg1_O8_S1",
        "background": "1191__opxrd_000584__H1_Mg1_O1"
      },
      "donor_rwp_percent": {
        "instrument": 5.159210709102735,
        "chemistry": 11.140544664536845,
        "microstructure": 13.16757170747424,
        "orientation": 23.89073423416258,
        "background": 5.159210709102735
      },
      "donor_peak_window_rwp": {
        "instrument": 5.48784949745101,
        "chemistry": 15.446070104443251,
        "microstructure": 18.431471601339165,
        "orientation": 24.378023894358048,
        "background": 5.48784949745101
      },
      "selected_sample_code": "1191__opxrd_000584__H1_Mg1_O1",
      "selected_peak_window_rwp": 5.48784949745101,
      "selected_peak_window_pearson": 0.9997162154875435,
      "selected_background_fraction": 0.5127638626915709
    },
    "original_sample_dir": "C17F5_SG11",
    "original_cif_path": "phase.cif",
    "original_generated_xy_path": "generated.xy",
    "original_generation_params_json": "generation_params.json",
    "original_generation_quality_json": "generation_quality.json"
  },
  "quality": {
    "note": "These are theory-vs-generated synthetic quality indicators plus donor-template quality provenance. They are not Rietveld fit-to-experiment outputs.",
    "theory_vs_generated": {
      "profile_pearson": 0.569940383503279,
      "profile_cosine": 0.6413525499284951,
      "rmse": 7.467626932554914,
      "mae": 3.744434730410227,
      "background_fraction_generated": 4.0448982100353135,
      "top_peak_count_used": 20,
      "top_peak_height_log_mae": 6.108505160644223,
      "top_peak_shift_abs_mean_deg": 0.18087326431274428,
      "peak_window_pearson": 0.4200261758032565,
      "peak_window_cosine": 0.6148429097115928
    },
    "donor_template_quality": {
      "selected_sample_code": "1191__opxrd_000584__H1_Mg1_O1",
      "selected_peak_window_rwp": 5.48784949745101,
      "selected_peak_window_pearson": 0.9997162154875435,
      "selected_background_fraction": 0.5127638626915709,
      "donor_rows": {
        "instrument": "1191__opxrd_000584__H1_Mg1_O1",
        "chemistry": "0136__rruff_R050100-1__Al2_O7_P1",
        "microstructure": "0328__rruff_R050520-1__Be1_Ca1_O5_P1",
        "orientation": "0595__rruff_R070589-1__H8_Mg1_O8_S1",
        "background": "1191__opxrd_000584__H1_Mg1_O1"
      },
      "donor_rwp_percent": {
        "instrument": 5.159210709102735,
        "chemistry": 11.140544664536845,
        "microstructure": 13.16757170747424,
        "orientation": 23.89073423416258,
        "background": 5.159210709102735
      },
      "donor_peak_window_rwp": {
        "instrument": 5.48784949745101,
        "chemistry": 15.446070104443251,
        "microstructure": 18.431471601339165,
        "orientation": 24.378023894358048,
        "background": 5.48784949745101
      }
    }
  },
  "generation_tier": "strict_core"
}
