{
  "sample_name": "Co_136",
  "phase_id": "mp-1193227",
  "formula": "Co",
  "space_group": 136,
  "space_group_symbol": "P4_2/mnm",
  "crystal_system": "tetragonal",
  "source_origin": "materials_project",
  "slot": "background",
  "formula_group_id": "Co1::sg::136",
  "descriptor": {
    "phase_id": "mp-1193227",
    "formula": "Co",
    "crystal_system": "tetragonal",
    "elements": [
      "Co"
    ],
    "density_g_cm3": 8.770128852577969,
    "avg_z": 27.0,
    "max_z": 27.0,
    "heavy_fraction": 0.0,
    "transition_fraction": 1.0,
    "cell_lengths": [
      4.51614872,
      8.31756739,
      8.31757222
    ],
    "cell_angles": [
      89.99444502999998,
      89.99997977,
      90.0
    ],
    "cell_volume": 312.43605232782994,
    "cell_anisotropy": 1.8417401054941345,
    "anisotropy_index": 0.8417401054941345,
    "theoretical_peak_count": 334,
    "peak_density": 3.929411764705882,
    "median_gap_deg": 3.814697265625e-05,
    "crowded_fraction": 0.8168168168168168,
    "isolated_fraction": 0.05105105105105105,
    "simple_topology": false,
    "preferred_po_axis": [
      0,
      0,
      1
    ],
    "fluorescence_bucket": "high",
    "absorption_bucket": "heavy"
  },
  "generation": {
    "theta_min": 5.0,
    "theta_max": 90.0,
    "num_points": 8501,
    "template_rwp_percent": 11.310710506171425,
    "template_peak_window_rwp": 13.039616858422296,
    "template_peak_window_pearson": 0.9953688247628263,
    "synth_params": {
      "ka1": 1.5405929,
      "ka2": 1.5444274,
      "use_tch_profile": true,
      "sigma_scale": 0.915935817612402,
      "kb_ratio": 0.01500880233919089,
      "use_fcj_asymmetry": true,
      "detector_nonlinearity": 0.0,
      "use_ka2": true,
      "caglioti_u": 0.031390575609021656,
      "kb": 1.39225,
      "caglioti_w": 0.0018448797995058975,
      "detector_deadtime_coeff": 0.0,
      "axial_s_over_l": 0.0012,
      "sigma_min_deg": 0.008,
      "ka2_ratio": 0.48492173130236843,
      "caglioti_v": 0.007351125729718566,
      "sigma_deg": 0.01878969372542678,
      "use_kbeta": true,
      "beam_sample_ratio": 0.05,
      "fluorescence_level": 2.0,
      "muR": 0.06001543343868599,
      "trns": 0.03,
      "fluorescence_decay": 3.0000000000035505,
      "lorentz_z": 1.0000000000002677e-08,
      "strain": 0.0005179660556400223,
      "pseudo_voigt_eta": 0.17999999000010616,
      "lorentz_size": 0.0010441820989178865,
      "macro_strain": -6.1452475216263325e-06,
      "sample_displacement_sr": -0.0004449801257921904,
      "size_nm": 180.0,
      "delta_deg": -0.010485197032807442,
      "lorentz_strain": 0.008,
      "po_r": 1.0,
      "air_scatter_level": 1.1148122590685505,
      "b3": -0.06425949156973709,
      "scatter_sigma_deg": 6.4323770630709864,
      "b4": 0.1408440772021433,
      "scatter_level": 1.7685502866180982,
      "compton_level": 0.4293648831818999,
      "holder_scatter_center_deg": 10.137555239757576,
      "a": 0.3211501586130471,
      "holder_scatter_level": 1.200015055179389,
      "scatter_center_deg": 9.715055775352623,
      "b5": 0.13612545708676851,
      "poisson_counts_max": 900.0,
      "air_scatter_floor": 0.10276437264290494,
      "b1": -0.42610969956774136,
      "b0": 2.9723754163932954,
      "b2": -0.32025855974979417,
      "holder_scatter_sigma_deg": 5.4861286792527615,
      "po_hkl_axis": [
        0.0,
        1.0,
        0.0
      ],
      "final_normalize": true
    },
    "synth_sampling_meta": {
      "family_name": "background",
      "slot": "background",
      "source_family": "opxrd_like",
      "preferred_source_family": "opxrd_like",
      "descriptor": {
        "phase_id": "mp-1193227",
        "formula": "Co",
        "crystal_system": "tetragonal",
        "elements": [
          "Co"
        ],
        "density_g_cm3": 8.770128852577969,
        "avg_z": 27.0,
        "max_z": 27.0,
        "heavy_fraction": 0.0,
        "transition_fraction": 1.0,
        "cell_lengths": [
          4.51614872,
          8.31756739,
          8.31757222
        ],
        "cell_angles": [
          89.99444502999998,
          89.99997977,
          90.0
        ],
        "cell_volume": 312.43605232782994,
        "cell_anisotropy": 1.8417401054941345,
        "anisotropy_index": 0.8417401054941345,
        "theoretical_peak_count": 334,
        "peak_density": 3.929411764705882,
        "median_gap_deg": 3.814697265625e-05,
        "crowded_fraction": 0.8168168168168168,
        "isolated_fraction": 0.05105105105105105,
        "simple_topology": false,
        "preferred_po_axis": [
          0,
          0,
          1
        ],
        "fluorescence_bucket": "high",
        "absorption_bucket": "heavy"
      },
      "attempt": 1,
      "donor_rows": {
        "instrument": "1191__opxrd_000584__H1_Mg1_O1",
        "chemistry": "0249__rruff_R050363-1__O2_Ti1",
        "microstructure": "0010__rruff_R040017-1__O2_Sn1",
        "orientation": "0454__rruff_R060417-1__Ca1_O4_W1",
        "background": "0249__rruff_R050363-1__O2_Ti1"
      },
      "donor_rwp_percent": {
        "instrument": 5.159210709102735,
        "chemistry": 14.776303909097866,
        "microstructure": 11.310710506171425,
        "orientation": 20.538160106639065,
        "background": 14.776303909097866
      },
      "donor_peak_window_rwp": {
        "instrument": 5.48784949745101,
        "chemistry": 20.08462830562262,
        "microstructure": 13.039616858422296,
        "orientation": 17.54785920227529,
        "background": 20.08462830562262
      },
      "selected_sample_code": "1191__opxrd_000584__H1_Mg1_O1",
      "selected_peak_window_rwp": 5.48784949745101,
      "selected_peak_window_pearson": 0.9997162154875435,
      "selected_background_fraction": 0.4723951285298978
    },
    "original_sample_dir": "Co_SG136",
    "original_cif_path": "phase.cif",
    "original_generated_xy_path": "generated.xy",
    "original_generation_params_json": "generation_params.json",
    "original_generation_quality_json": "generation_quality.json"
  },
  "quality": {
    "note": "These are theory-vs-generated synthetic quality indicators plus donor-template quality provenance. They are not Rietveld fit-to-experiment outputs.",
    "theory_vs_generated": {
      "profile_pearson": 0.8924274862720654,
      "profile_cosine": 0.8821751712363973,
      "rmse": 4.14384552224088,
      "mae": 2.2780548839478176,
      "background_fraction_generated": 1.952444166442345,
      "top_peak_count_used": 20,
      "top_peak_height_log_mae": 0.08452510627873616,
      "top_peak_shift_abs_mean_deg": 0.04472589111328205,
      "peak_window_pearson": 0.8676282688323992,
      "peak_window_cosine": 0.9028336690150502
    },
    "donor_template_quality": {
      "selected_sample_code": "1191__opxrd_000584__H1_Mg1_O1",
      "selected_peak_window_rwp": 5.48784949745101,
      "selected_peak_window_pearson": 0.9997162154875435,
      "selected_background_fraction": 0.4723951285298978,
      "donor_rows": {
        "instrument": "1191__opxrd_000584__H1_Mg1_O1",
        "chemistry": "0249__rruff_R050363-1__O2_Ti1",
        "microstructure": "0010__rruff_R040017-1__O2_Sn1",
        "orientation": "0454__rruff_R060417-1__Ca1_O4_W1",
        "background": "0249__rruff_R050363-1__O2_Ti1"
      },
      "donor_rwp_percent": {
        "instrument": 5.159210709102735,
        "chemistry": 14.776303909097866,
        "microstructure": 11.310710506171425,
        "orientation": 20.538160106639065,
        "background": 14.776303909097866
      },
      "donor_peak_window_rwp": {
        "instrument": 5.48784949745101,
        "chemistry": 20.08462830562262,
        "microstructure": 13.039616858422296,
        "orientation": 17.54785920227529,
        "background": 20.08462830562262
      }
    }
  },
  "generation_tier": "strict_core"
}
