{
  "sample_name": "Al2S3O29_2",
  "phase_id": "cod_9000507",
  "formula": "Al2S3O29",
  "space_group": 2,
  "space_group_symbol": "P-1",
  "crystal_system": "triclinic",
  "source_origin": "cod",
  "slot": "profile",
  "formula_group_id": "Al2|O29|S3::sg::2",
  "descriptor": {
    "phase_id": "cod_9000507",
    "formula": "Al2S3O29",
    "crystal_system": "triclinic",
    "elements": [
      "Al",
      "O",
      "S"
    ],
    "density_g_cm3": 1.6958043465055006,
    "avg_z": 9.0,
    "max_z": 16.0,
    "heavy_fraction": 0.0,
    "transition_fraction": 0.0,
    "cell_lengths": [
      6.062,
      7.42,
      26.97
    ],
    "cell_angles": [
      88.47,
      89.67,
      82.66
    ],
    "cell_volume": 1202.738500352438,
    "cell_anisotropy": 4.449026723853513,
    "anisotropy_index": 3.449026723853513,
    "theoretical_peak_count": 1879,
    "peak_density": 22.105882352941176,
    "median_gap_deg": 0.021579742431640625,
    "crowded_fraction": 0.9882854100106496,
    "isolated_fraction": 0.0010649627263045794,
    "simple_topology": false,
    "preferred_po_axis": [
      0,
      0,
      1
    ],
    "fluorescence_bucket": "none",
    "absorption_bucket": "light"
  },
  "generation": {
    "theta_min": 5.0,
    "theta_max": 90.0,
    "num_points": 8501,
    "template_rwp_percent": 9.386449293533015,
    "template_peak_window_rwp": 12.754118396210337,
    "template_peak_window_pearson": 0.9908575696780731,
    "synth_params": {
      "ka1": 1.5405929,
      "ka2": 1.5444274,
      "use_tch_profile": true,
      "sigma_scale": 0.915935817612402,
      "kb_ratio": 0.01500880233919089,
      "use_fcj_asymmetry": true,
      "detector_nonlinearity": 0.0,
      "use_ka2": true,
      "caglioti_u": 0.031390575609021656,
      "kb": 1.39225,
      "caglioti_w": 0.0018448797995058975,
      "detector_deadtime_coeff": 0.0,
      "axial_s_over_l": 0.0012,
      "sigma_min_deg": 0.008,
      "ka2_ratio": 0.48492173130236843,
      "caglioti_v": 0.007351125729718566,
      "sigma_deg": 0.019353384537189586,
      "use_kbeta": true,
      "beam_sample_ratio": 0.05,
      "fluorescence_level": 0.0,
      "muR": 1e-08,
      "trns": 1e-08,
      "fluorescence_decay": 3.0,
      "lorentz_z": 0.0019205375737830783,
      "strain": 2.4192625411246928e-05,
      "pseudo_voigt_eta": -0.0048328070189086565,
      "lorentz_size": 0.032,
      "macro_strain": 0.0,
      "sample_displacement_sr": -0.0005954189482388823,
      "size_nm": 180.0,
      "delta_deg": -0.009759073331821494,
      "lorentz_strain": 0.00773370938832805,
      "po_r": 1.0,
      "air_scatter_level": 1.5043160827637982,
      "b3": 0.10299375283530815,
      "scatter_sigma_deg": 7.699100070281181,
      "b4": 0.31282989258554345,
      "scatter_level": 0.3289544528942388,
      "compton_level": 0.21821706008330488,
      "holder_scatter_center_deg": 8.452854877903937,
      "a": 2.5764626566355977,
      "holder_scatter_level": 0.17441951742242592,
      "scatter_center_deg": 24.028142905786652,
      "b5": -0.3304254188588024,
      "poisson_counts_max": 5609.75,
      "air_scatter_floor": 0.015831746406588215,
      "b1": -1.117342928390338,
      "b0": 9.41725529385996,
      "b2": -2.190287781237602,
      "holder_scatter_sigma_deg": 4.455131483066237,
      "po_hkl_axis": [
        0.0,
        1.0,
        0.0
      ],
      "final_normalize": true
    },
    "synth_sampling_meta": {
      "family_name": "profile",
      "slot": "profile",
      "source_family": "opxrd_like",
      "preferred_source_family": "opxrd_like",
      "descriptor": {
        "phase_id": "cod_9000507",
        "formula": "Al2S3O29",
        "crystal_system": "triclinic",
        "elements": [
          "Al",
          "O",
          "S"
        ],
        "density_g_cm3": 1.6958043465055006,
        "avg_z": 9.0,
        "max_z": 16.0,
        "heavy_fraction": 0.0,
        "transition_fraction": 0.0,
        "cell_lengths": [
          6.062,
          7.42,
          26.97
        ],
        "cell_angles": [
          88.47,
          89.67,
          82.66
        ],
        "cell_volume": 1202.738500352438,
        "cell_anisotropy": 4.449026723853513,
        "anisotropy_index": 3.449026723853513,
        "theoretical_peak_count": 1879,
        "peak_density": 22.105882352941176,
        "median_gap_deg": 0.021579742431640625,
        "crowded_fraction": 0.9882854100106496,
        "isolated_fraction": 0.0010649627263045794,
        "simple_topology": false,
        "preferred_po_axis": [
          0,
          0,
          1
        ],
        "fluorescence_bucket": "none",
        "absorption_bucket": "light"
      },
      "attempt": 1,
      "donor_rows": {
        "instrument": "1191__opxrd_000584__H1_Mg1_O1",
        "chemistry": "0490__rruff_R060548-1__Ca1_F2",
        "microstructure": "0034__rruff_R040062-1__Al1_H1_Li1_O5_P1",
        "orientation": "1191__opxrd_000584__H1_Mg1_O1",
        "background": "0296__rruff_R050443-1__C1_Mg1_O3"
      },
      "donor_rwp_percent": {
        "instrument": 5.159210709102735,
        "chemistry": 11.309661106744679,
        "microstructure": 11.022858425713888,
        "orientation": 5.159210709102735,
        "background": 27.08433368266328
      },
      "donor_peak_window_rwp": {
        "instrument": 5.48784949745101,
        "chemistry": 13.746162540852461,
        "microstructure": 14.643991072056355,
        "orientation": 5.48784949745101,
        "background": 13.745715758604918
      },
      "selected_sample_code": "1191__opxrd_000584__H1_Mg1_O1",
      "selected_peak_window_rwp": 5.48784949745101,
      "selected_peak_window_pearson": 0.9997162154875435,
      "selected_background_fraction": 0.3921797860339511
    },
    "original_sample_dir": "Al2S3O29_SG2",
    "original_cif_path": "phase.cif",
    "original_generated_xy_path": "generated.xy",
    "original_generation_params_json": "generation_params.json",
    "original_generation_quality_json": "generation_quality.json"
  },
  "quality": {
    "note": "These are theory-vs-generated synthetic quality indicators plus donor-template quality provenance. They are not Rietveld fit-to-experiment outputs.",
    "theory_vs_generated": {
      "profile_pearson": 0.777018899941473,
      "profile_cosine": 0.8007594518367569,
      "rmse": 4.776826572200298,
      "mae": 2.1727022972338568,
      "background_fraction_generated": 3.4867850332402495,
      "top_peak_count_used": 20,
      "top_peak_height_log_mae": 3.6934867382830845,
      "top_peak_shift_abs_mean_deg": 0.1438992242813107,
      "peak_window_pearson": 0.7156401221160053,
      "peak_window_cosine": 0.7935933809554302
    },
    "donor_template_quality": {
      "selected_sample_code": "1191__opxrd_000584__H1_Mg1_O1",
      "selected_peak_window_rwp": 5.48784949745101,
      "selected_peak_window_pearson": 0.9997162154875435,
      "selected_background_fraction": 0.3921797860339511,
      "donor_rows": {
        "instrument": "1191__opxrd_000584__H1_Mg1_O1",
        "chemistry": "0490__rruff_R060548-1__Ca1_F2",
        "microstructure": "0034__rruff_R040062-1__Al1_H1_Li1_O5_P1",
        "orientation": "1191__opxrd_000584__H1_Mg1_O1",
        "background": "0296__rruff_R050443-1__C1_Mg1_O3"
      },
      "donor_rwp_percent": {
        "instrument": 5.159210709102735,
        "chemistry": 11.309661106744679,
        "microstructure": 11.022858425713888,
        "orientation": 5.159210709102735,
        "background": 27.08433368266328
      },
      "donor_peak_window_rwp": {
        "instrument": 5.48784949745101,
        "chemistry": 13.746162540852461,
        "microstructure": 14.643991072056355,
        "orientation": 5.48784949745101,
        "background": 13.745715758604918
      }
    }
  },
  "generation_tier": "strict_core"
}
