{
  "sample_name": "InCl3_12",
  "phase_id": "cod_3500137",
  "formula": "InCl3",
  "space_group": 12,
  "space_group_symbol": "C2/m",
  "crystal_system": "monoclinic",
  "source_origin": "cod",
  "slot": "background",
  "formula_group_id": "Cl3|In1::sg::12",
  "descriptor": {
    "phase_id": "cod_3500137",
    "formula": "InCl3",
    "crystal_system": "monoclinic",
    "elements": [
      "Cl",
      "In"
    ],
    "density_g_cm3": 3.481437214134893,
    "avg_z": 25.0,
    "max_z": 49.0,
    "heavy_fraction": 0.25,
    "transition_fraction": 0.0,
    "cell_lengths": [
      6.4154,
      11.0904,
      6.2922
    ],
    "cell_angles": [
      90.0,
      109.511,
      90.0
    ],
    "cell_volume": 421.97865657937245,
    "cell_anisotropy": 1.7625631734528464,
    "anisotropy_index": 0.7625631734528464,
    "theoretical_peak_count": 184,
    "peak_density": 2.164705882352941,
    "median_gap_deg": 0.212646484375,
    "crowded_fraction": 0.6775956284153005,
    "isolated_fraction": 0.06557377049180328,
    "simple_topology": false,
    "preferred_po_axis": [
      0,
      1,
      0
    ],
    "fluorescence_bucket": "none",
    "absorption_bucket": "heavy"
  },
  "generation": {
    "theta_min": 5.0,
    "theta_max": 90.0,
    "num_points": 8501,
    "template_rwp_percent": 15.143708118394594,
    "template_peak_window_rwp": 18.848401616478842,
    "template_peak_window_pearson": 0.9850067327473799,
    "synth_params": {
      "ka1": 1.5405929,
      "ka2": 1.5444274,
      "use_tch_profile": true,
      "sigma_scale": 0.915935817612402,
      "kb_ratio": 0.01500880233919089,
      "use_fcj_asymmetry": true,
      "detector_nonlinearity": 0.0,
      "use_ka2": true,
      "caglioti_u": 0.031390575609021656,
      "kb": 1.39225,
      "caglioti_w": 0.0018448797995058975,
      "detector_deadtime_coeff": 0.0,
      "axial_s_over_l": 0.0012,
      "sigma_min_deg": 0.008,
      "ka2_ratio": 0.48492173130236843,
      "caglioti_v": 0.007351125729718566,
      "sigma_deg": 0.01878969372542678,
      "use_kbeta": true,
      "beam_sample_ratio": 0.05,
      "fluorescence_level": 0.0,
      "muR": 0.04,
      "trns": 0.0,
      "fluorescence_decay": 3.0,
      "lorentz_z": 9.999999710217413e-09,
      "strain": 0.0013335595215187993,
      "pseudo_voigt_eta": -0.04980077989681021,
      "lorentz_size": 0.03,
      "macro_strain": 0.0,
      "sample_displacement_sr": -0.0008597662925597733,
      "size_nm": 180.0,
      "delta_deg": -0.009730343845385396,
      "lorentz_strain": 0.004293731372071608,
      "po_r": 1.0,
      "air_scatter_level": 1e-10,
      "b3": 2.8445349232123867e-07,
      "scatter_sigma_deg": 2.724770816410167,
      "b4": 4.312786692080246e-08,
      "scatter_level": 7.34195702509743,
      "compton_level": 1e-10,
      "holder_scatter_center_deg": 15.0,
      "a": 0.8595752287724288,
      "holder_scatter_level": 1e-10,
      "scatter_center_deg": 14.195865240721043,
      "b5": -5.7265167474063304e-08,
      "poisson_counts_max": 900.0,
      "air_scatter_floor": 0.05,
      "b1": -5.90652345516279,
      "b0": 9.428634768497904,
      "b2": 1.0818087069791473,
      "holder_scatter_sigma_deg": 4.0,
      "po_hkl_axis": [
        0.0,
        1.0,
        0.0
      ],
      "final_normalize": true
    },
    "synth_sampling_meta": {
      "family_name": "background",
      "slot": "background",
      "source_family": "opxrd_like",
      "preferred_source_family": "opxrd_like",
      "descriptor": {
        "phase_id": "cod_3500137",
        "formula": "InCl3",
        "crystal_system": "monoclinic",
        "elements": [
          "Cl",
          "In"
        ],
        "density_g_cm3": 3.481437214134893,
        "avg_z": 25.0,
        "max_z": 49.0,
        "heavy_fraction": 0.25,
        "transition_fraction": 0.0,
        "cell_lengths": [
          6.4154,
          11.0904,
          6.2922
        ],
        "cell_angles": [
          90.0,
          109.511,
          90.0
        ],
        "cell_volume": 421.97865657937245,
        "cell_anisotropy": 1.7625631734528464,
        "anisotropy_index": 0.7625631734528464,
        "theoretical_peak_count": 184,
        "peak_density": 2.164705882352941,
        "median_gap_deg": 0.212646484375,
        "crowded_fraction": 0.6775956284153005,
        "isolated_fraction": 0.06557377049180328,
        "simple_topology": false,
        "preferred_po_axis": [
          0,
          1,
          0
        ],
        "fluorescence_bucket": "none",
        "absorption_bucket": "heavy"
      },
      "attempt": 1,
      "donor_rows": {
        "instrument": "1191__opxrd_000584__H1_Mg1_O1",
        "chemistry": "1191__opxrd_000584__H1_Mg1_O1",
        "microstructure": "0322__rruff_R050504-1__Al3_H4_Na1_O12_P2",
        "orientation": "0372__rruff_R050668-1__Al2_Ca1_F4_O4",
        "background": "0595__rruff_R070589-1__H8_Mg1_O8_S1"
      },
      "donor_rwp_percent": {
        "instrument": 5.159210709102735,
        "chemistry": 5.159210709102735,
        "microstructure": 11.633403992332628,
        "orientation": 11.184367221042663,
        "background": 23.89073423416258
      },
      "donor_peak_window_rwp": {
        "instrument": 5.48784949745101,
        "chemistry": 5.48784949745101,
        "microstructure": 16.797295087846315,
        "orientation": 14.6216530838506,
        "background": 24.378023894358048
      },
      "selected_sample_code": "1191__opxrd_000584__H1_Mg1_O1",
      "selected_peak_window_rwp": 5.48784949745101,
      "selected_peak_window_pearson": 0.9997162154875435,
      "selected_background_fraction": 0.41801877310921565
    },
    "original_sample_dir": "InCl3_SG12",
    "original_cif_path": "phase.cif",
    "original_generated_xy_path": "generated.xy",
    "original_generation_params_json": "generation_params.json",
    "original_generation_quality_json": "generation_quality.json"
  },
  "quality": {
    "note": "These are theory-vs-generated synthetic quality indicators plus donor-template quality provenance. They are not Rietveld fit-to-experiment outputs.",
    "theory_vs_generated": {
      "profile_pearson": 0.6527021201232536,
      "profile_cosine": 0.6574819227785755,
      "rmse": 5.713671649425213,
      "mae": 3.1098491338601573,
      "background_fraction_generated": 2.479907122351574,
      "top_peak_count_used": 20,
      "top_peak_height_log_mae": 0.4754362213273822,
      "top_peak_shift_abs_mean_deg": 0.11986115646362219,
      "peak_window_pearson": 0.577686761016057,
      "peak_window_cosine": 0.6784636162114369
    },
    "donor_template_quality": {
      "selected_sample_code": "1191__opxrd_000584__H1_Mg1_O1",
      "selected_peak_window_rwp": 5.48784949745101,
      "selected_peak_window_pearson": 0.9997162154875435,
      "selected_background_fraction": 0.41801877310921565,
      "donor_rows": {
        "instrument": "1191__opxrd_000584__H1_Mg1_O1",
        "chemistry": "1191__opxrd_000584__H1_Mg1_O1",
        "microstructure": "0322__rruff_R050504-1__Al3_H4_Na1_O12_P2",
        "orientation": "0372__rruff_R050668-1__Al2_Ca1_F4_O4",
        "background": "0595__rruff_R070589-1__H8_Mg1_O8_S1"
      },
      "donor_rwp_percent": {
        "instrument": 5.159210709102735,
        "chemistry": 5.159210709102735,
        "microstructure": 11.633403992332628,
        "orientation": 11.184367221042663,
        "background": 23.89073423416258
      },
      "donor_peak_window_rwp": {
        "instrument": 5.48784949745101,
        "chemistry": 5.48784949745101,
        "microstructure": 16.797295087846315,
        "orientation": 14.6216530838506,
        "background": 24.378023894358048
      }
    }
  },
  "generation_tier": "strict_core"
}
