{
  "sample_name": "Na_225",
  "phase_id": "mp-974558",
  "formula": "Na",
  "space_group": 225,
  "space_group_symbol": "Fm-3m",
  "crystal_system": "cubic",
  "source_origin": "materials_project",
  "slot": "anchor",
  "formula_group_id": "Na1::sg::225",
  "descriptor": {
    "phase_id": "mp-974558",
    "formula": "Na",
    "crystal_system": "cubic",
    "elements": [
      "Na"
    ],
    "density_g_cm3": 1.0149161004874556,
    "avg_z": 11.0,
    "max_z": 11.0,
    "heavy_fraction": 0.0,
    "transition_fraction": 0.0,
    "cell_lengths": [
      3.77658216,
      3.7765821599999994,
      3.75320059
    ],
    "cell_angles": [
      120.20629391000001,
      120.20629391000001,
      90.0
    ],
    "cell_volume": 37.61435064096577,
    "cell_anisotropy": 1.0062297682842472,
    "anisotropy_index": 0.00622976828424715,
    "theoretical_peak_count": 15,
    "peak_density": 0.17647058823529413,
    "median_gap_deg": 1.4488334655761719,
    "crowded_fraction": 0.14285714285714285,
    "isolated_fraction": 0.5,
    "simple_topology": true,
    "preferred_po_axis": [
      0,
      0,
      1
    ],
    "fluorescence_bucket": "none",
    "absorption_bucket": "light"
  },
  "generation": {
    "theta_min": 5.0,
    "theta_max": 90.0,
    "num_points": 8501,
    "template_rwp_percent": 11.309661106744679,
    "template_peak_window_rwp": 13.746162540852461,
    "template_peak_window_pearson": 0.9951391151799386,
    "synth_params": {
      "ka1": 1.5405929,
      "ka2": 1.5444274,
      "use_tch_profile": true,
      "sigma_scale": 0.6,
      "kb_ratio": 0.0,
      "use_fcj_asymmetry": true,
      "detector_nonlinearity": 0.0,
      "use_ka2": true,
      "caglioti_u": 0.015993668366388946,
      "kb": 1.39225,
      "caglioti_w": 0.0012299207136324394,
      "detector_deadtime_coeff": 0.0,
      "axial_s_over_l": 0.0011999999996109912,
      "sigma_min_deg": 0.008,
      "ka2_ratio": 0.5014994769818425,
      "caglioti_v": -0.01611273624252125,
      "sigma_deg": 0.011182542556369897,
      "use_kbeta": false,
      "beam_sample_ratio": 0.04999999999979615,
      "fluorescence_level": 0.0,
      "muR": 0.0,
      "trns": 0.0,
      "fluorescence_decay": 3.0,
      "lorentz_z": 1e-08,
      "strain": 0.0007995001648659688,
      "pseudo_voigt_eta": 0.019999659364834155,
      "lorentz_size": 0.03,
      "macro_strain": 0.0008135940607864019,
      "sample_displacement_sr": -0.00042383200658481805,
      "size_nm": 80.0,
      "delta_deg": -0.009960764037551176,
      "lorentz_strain": 0.008,
      "po_r": 1.0,
      "air_scatter_level": 0.8748871437829153,
      "b3": 0.02283175349618308,
      "scatter_sigma_deg": 5.156430802775118,
      "b4": 0.32860030236424476,
      "scatter_level": 1.7467950340194716,
      "compton_level": 0.26404538933696103,
      "holder_scatter_center_deg": 11.91413576601708,
      "a": 1.0,
      "holder_scatter_level": 0.38054778241044424,
      "scatter_center_deg": 8.146391564318778,
      "b5": -0.20459406095561344,
      "poisson_counts_max": 1800.0,
      "air_scatter_floor": 0.09672719916061455,
      "b1": 1.2222283252149024,
      "b0": 0.27781991930384115,
      "b2": -0.6422657954948048,
      "holder_scatter_sigma_deg": 8.413581288058332,
      "po_hkl_axis": [
        0.0,
        1.0,
        0.0
      ],
      "final_normalize": true
    },
    "synth_sampling_meta": {
      "family_name": "anchor",
      "slot": "anchor",
      "source_family": "rruff_like",
      "preferred_source_family": "rruff_like",
      "descriptor": {
        "phase_id": "mp-974558",
        "formula": "Na",
        "crystal_system": "cubic",
        "elements": [
          "Na"
        ],
        "density_g_cm3": 1.0149161004874556,
        "avg_z": 11.0,
        "max_z": 11.0,
        "heavy_fraction": 0.0,
        "transition_fraction": 0.0,
        "cell_lengths": [
          3.77658216,
          3.7765821599999994,
          3.75320059
        ],
        "cell_angles": [
          120.20629391000001,
          120.20629391000001,
          90.0
        ],
        "cell_volume": 37.61435064096577,
        "cell_anisotropy": 1.0062297682842472,
        "anisotropy_index": 0.00622976828424715,
        "theoretical_peak_count": 15,
        "peak_density": 0.17647058823529413,
        "median_gap_deg": 1.4488334655761719,
        "crowded_fraction": 0.14285714285714285,
        "isolated_fraction": 0.5,
        "simple_topology": true,
        "preferred_po_axis": [
          0,
          0,
          1
        ],
        "fluorescence_bucket": "none",
        "absorption_bucket": "light"
      },
      "attempt": 1,
      "donor_rows": {
        "instrument": "0113__rruff_R050045-1__Ca1_F2",
        "chemistry": "0098__rruff_R050009-1__C1_Ca1_O3",
        "microstructure": "0114__rruff_R050046-1__Ca1_F2",
        "orientation": "0144__rruff_R050115-1__Ca1_F2",
        "background": "0098__rruff_R050009-1__C1_Ca1_O3"
      },
      "donor_rwp_percent": {
        "instrument": 10.345769455766266,
        "chemistry": 10.473963597060688,
        "microstructure": 9.726468019402185,
        "orientation": 10.8136128591309,
        "background": 10.473963597060688
      },
      "donor_peak_window_rwp": {
        "instrument": 11.85177861797737,
        "chemistry": 13.939634579044661,
        "microstructure": 13.19345430738523,
        "orientation": 14.273780930421212,
        "background": 13.939634579044661
      },
      "selected_sample_code": "0113__rruff_R050045-1__Ca1_F2",
      "selected_peak_window_rwp": 11.85177861797737,
      "selected_peak_window_pearson": 0.9964628749980051,
      "selected_background_fraction": 0.33789056758532876
    },
    "original_sample_dir": "Na_SG225",
    "original_cif_path": "phase.cif",
    "original_generated_xy_path": "generated.xy",
    "original_generation_params_json": "generation_params.json",
    "original_generation_quality_json": "generation_quality.json"
  },
  "quality": {
    "note": "These are theory-vs-generated synthetic quality indicators plus donor-template quality provenance. They are not Rietveld fit-to-experiment outputs.",
    "theory_vs_generated": {
      "profile_pearson": 0.9224591086819713,
      "profile_cosine": 0.9120920083682288,
      "rmse": 2.034540535657459,
      "mae": 0.9152503711602668,
      "background_fraction_generated": 2.072087851548869,
      "top_peak_count_used": 15,
      "top_peak_height_log_mae": 1.0102652175153308,
      "top_peak_shift_abs_mean_deg": 0.1003105265299484,
      "peak_window_pearson": 0.9228511985490542,
      "peak_window_cosine": 0.921864577443068
    },
    "donor_template_quality": {
      "selected_sample_code": "0113__rruff_R050045-1__Ca1_F2",
      "selected_peak_window_rwp": 11.85177861797737,
      "selected_peak_window_pearson": 0.9964628749980051,
      "selected_background_fraction": 0.33789056758532876,
      "donor_rows": {
        "instrument": "0113__rruff_R050045-1__Ca1_F2",
        "chemistry": "0098__rruff_R050009-1__C1_Ca1_O3",
        "microstructure": "0114__rruff_R050046-1__Ca1_F2",
        "orientation": "0144__rruff_R050115-1__Ca1_F2",
        "background": "0098__rruff_R050009-1__C1_Ca1_O3"
      },
      "donor_rwp_percent": {
        "instrument": 10.345769455766266,
        "chemistry": 10.473963597060688,
        "microstructure": 9.726468019402185,
        "orientation": 10.8136128591309,
        "background": 10.473963597060688
      },
      "donor_peak_window_rwp": {
        "instrument": 11.85177861797737,
        "chemistry": 13.939634579044661,
        "microstructure": 13.19345430738523,
        "orientation": 14.273780930421212,
        "background": 13.939634579044661
      }
    }
  },
  "generation_tier": "strict_core"
}
