{
  "sample_name": "Gd_194",
  "phase_id": "mp-155",
  "formula": "Gd",
  "space_group": 194,
  "space_group_symbol": "P6_3/mmc",
  "crystal_system": "hexagonal",
  "source_origin": "materials_project",
  "slot": "background",
  "formula_group_id": "Gd1::sg::194",
  "descriptor": {
    "phase_id": "mp-155",
    "formula": "Gd",
    "crystal_system": "hexagonal",
    "elements": [
      "Gd"
    ],
    "density_g_cm3": 7.703659076402562,
    "avg_z": 64.0,
    "max_z": 64.0,
    "heavy_fraction": 1.0,
    "transition_fraction": 0.0,
    "cell_lengths": [
      3.64193259,
      3.64193259,
      5.9017153
    ],
    "cell_angles": [
      90.0,
      90.0,
      119.99999999999999
    ],
    "cell_volume": 67.79110186418247,
    "cell_anisotropy": 1.6204899882564823,
    "anisotropy_index": 0.6204899882564823,
    "theoretical_peak_count": 18,
    "peak_density": 0.21176470588235294,
    "median_gap_deg": 2.99517822265625,
    "crowded_fraction": 0.058823529411764705,
    "isolated_fraction": 0.8235294117647058,
    "simple_topology": true,
    "preferred_po_axis": [
      0,
      0,
      1
    ],
    "fluorescence_bucket": "none",
    "absorption_bucket": "heavy"
  },
  "generation": {
    "theta_min": 5.0,
    "theta_max": 90.0,
    "num_points": 8501,
    "template_rwp_percent": 11.800676499373662,
    "template_peak_window_rwp": 16.67151917078972,
    "template_peak_window_pearson": 0.9867544375397198,
    "synth_params": {
      "ka1": 1.5405929,
      "ka2": 1.5444274,
      "use_tch_profile": true,
      "sigma_scale": 0.915935817612402,
      "kb_ratio": 0.01500880233919089,
      "use_fcj_asymmetry": true,
      "detector_nonlinearity": 0.0,
      "use_ka2": true,
      "caglioti_u": 0.031390575609021656,
      "kb": 1.39225,
      "caglioti_w": 0.0018448797995058975,
      "detector_deadtime_coeff": 0.0,
      "axial_s_over_l": 0.0012,
      "sigma_min_deg": 0.008,
      "ka2_ratio": 0.48492173130236843,
      "caglioti_v": 0.007351125729718566,
      "sigma_deg": 0.01878969372542678,
      "use_kbeta": true,
      "beam_sample_ratio": 0.05,
      "fluorescence_level": 0.0,
      "muR": 0.04,
      "trns": 0.0,
      "fluorescence_decay": 3.0,
      "lorentz_z": 0.0008092244694276425,
      "strain": 0.0008042135713188451,
      "pseudo_voigt_eta": 0.020010774191156322,
      "lorentz_size": 0.04,
      "macro_strain": -7.437150512546847e-08,
      "sample_displacement_sr": -0.00034450329987056254,
      "size_nm": 120.000000012,
      "delta_deg": -0.009912964306431212,
      "lorentz_strain": 0.01,
      "po_r": 1.0,
      "air_scatter_level": 2.0746486759725107,
      "b3": 0.27963825964781963,
      "scatter_sigma_deg": 6.128567784918904,
      "b4": 0.2942132982628357,
      "scatter_level": 1.6873955517213814,
      "compton_level": 0.43138290220150766,
      "holder_scatter_center_deg": 14.819967865250536,
      "a": 1.0,
      "holder_scatter_level": 0.5496096333604573,
      "scatter_center_deg": 13.81891554583423,
      "b5": -0.05338179786374466,
      "poisson_counts_max": 900.0,
      "air_scatter_floor": 0.0933744187166642,
      "b1": 1.2533071917830674,
      "b0": -0.10020890051709734,
      "b2": -1.2822219208524699,
      "holder_scatter_sigma_deg": 4.259982827461114,
      "po_hkl_axis": [
        0.0,
        1.0,
        0.0
      ],
      "final_normalize": true
    },
    "synth_sampling_meta": {
      "family_name": "background",
      "slot": "background",
      "source_family": "opxrd_like",
      "preferred_source_family": "opxrd_like",
      "descriptor": {
        "phase_id": "mp-155",
        "formula": "Gd",
        "crystal_system": "hexagonal",
        "elements": [
          "Gd"
        ],
        "density_g_cm3": 7.703659076402562,
        "avg_z": 64.0,
        "max_z": 64.0,
        "heavy_fraction": 1.0,
        "transition_fraction": 0.0,
        "cell_lengths": [
          3.64193259,
          3.64193259,
          5.9017153
        ],
        "cell_angles": [
          90.0,
          90.0,
          119.99999999999999
        ],
        "cell_volume": 67.79110186418247,
        "cell_anisotropy": 1.6204899882564823,
        "anisotropy_index": 0.6204899882564823,
        "theoretical_peak_count": 18,
        "peak_density": 0.21176470588235294,
        "median_gap_deg": 2.99517822265625,
        "crowded_fraction": 0.058823529411764705,
        "isolated_fraction": 0.8235294117647058,
        "simple_topology": true,
        "preferred_po_axis": [
          0,
          0,
          1
        ],
        "fluorescence_bucket": "none",
        "absorption_bucket": "heavy"
      },
      "attempt": 1,
      "donor_rows": {
        "instrument": "1191__opxrd_000584__H1_Mg1_O1",
        "chemistry": "0254__rruff_R050369-1__Ca5_F1_O12_P3",
        "microstructure": "0389__rruff_R060027-1__O1_Zn1",
        "orientation": "0148__rruff_R050121-1__Al2_Be3_O18_Si6",
        "background": "0254__rruff_R050369-1__Ca5_F1_O12_P3"
      },
      "donor_rwp_percent": {
        "instrument": 5.159210709102735,
        "chemistry": 13.558574059798776,
        "microstructure": 24.453222087676167,
        "orientation": 11.800676499373662,
        "background": 13.558574059798776
      },
      "donor_peak_window_rwp": {
        "instrument": 5.48784949745101,
        "chemistry": 18.528929065551917,
        "microstructure": 21.08501543119881,
        "orientation": 16.67151917078972,
        "background": 18.528929065551917
      },
      "selected_sample_code": "1191__opxrd_000584__H1_Mg1_O1",
      "selected_peak_window_rwp": 5.48784949745101,
      "selected_peak_window_pearson": 0.9997162154875435,
      "selected_background_fraction": 0.4263216501270986
    },
    "original_sample_dir": "Gd_SG194",
    "original_cif_path": "phase.cif",
    "original_generated_xy_path": "generated.xy",
    "original_generation_params_json": "generation_params.json",
    "original_generation_quality_json": "generation_quality.json"
  },
  "quality": {
    "note": "These are theory-vs-generated synthetic quality indicators plus donor-template quality provenance. They are not Rietveld fit-to-experiment outputs.",
    "theory_vs_generated": {
      "profile_pearson": 0.8813773710019245,
      "profile_cosine": 0.8508806738673762,
      "rmse": 2.869577727369416,
      "mae": 1.7281378852250842,
      "background_fraction_generated": 2.4178305072906756,
      "top_peak_count_used": 18,
      "top_peak_height_log_mae": 1.8403414068752793,
      "top_peak_shift_abs_mean_deg": 0.057647124396430466,
      "peak_window_pearson": 0.8817109187971092,
      "peak_window_cosine": 0.8854610204375508
    },
    "donor_template_quality": {
      "selected_sample_code": "1191__opxrd_000584__H1_Mg1_O1",
      "selected_peak_window_rwp": 5.48784949745101,
      "selected_peak_window_pearson": 0.9997162154875435,
      "selected_background_fraction": 0.4263216501270986,
      "donor_rows": {
        "instrument": "1191__opxrd_000584__H1_Mg1_O1",
        "chemistry": "0254__rruff_R050369-1__Ca5_F1_O12_P3",
        "microstructure": "0389__rruff_R060027-1__O1_Zn1",
        "orientation": "0148__rruff_R050121-1__Al2_Be3_O18_Si6",
        "background": "0254__rruff_R050369-1__Ca5_F1_O12_P3"
      },
      "donor_rwp_percent": {
        "instrument": 5.159210709102735,
        "chemistry": 13.558574059798776,
        "microstructure": 24.453222087676167,
        "orientation": 11.800676499373662,
        "background": 13.558574059798776
      },
      "donor_peak_window_rwp": {
        "instrument": 5.48784949745101,
        "chemistry": 18.528929065551917,
        "microstructure": 21.08501543119881,
        "orientation": 16.67151917078972,
        "background": 18.528929065551917
      }
    }
  },
  "generation_tier": "strict_core"
}
