{
  "sample_name": "Ge_65",
  "phase_id": "mp-1224349",
  "formula": "Ge",
  "space_group": 65,
  "space_group_symbol": "Cmmm",
  "crystal_system": "orthorhombic",
  "source_origin": "materials_project",
  "slot": "anchor",
  "formula_group_id": "Ge1::sg::65",
  "descriptor": {
    "phase_id": "mp-1224349",
    "formula": "Ge",
    "crystal_system": "orthorhombic",
    "elements": [
      "Ge"
    ],
    "density_g_cm3": 6.151960749211513,
    "avg_z": 32.0,
    "max_z": 32.0,
    "heavy_fraction": 0.0,
    "transition_fraction": 0.0,
    "cell_lengths": [
      2.794298,
      5.201032,
      2.698231
    ],
    "cell_angles": [
      90.0,
      90.0,
      90.0
    ],
    "cell_volume": 39.21402066221201,
    "cell_anisotropy": 1.9275710641527728,
    "anisotropy_index": 0.9275710641527728,
    "theoretical_peak_count": 16,
    "peak_density": 0.18823529411764706,
    "median_gap_deg": 2.577392578125,
    "crowded_fraction": 0.0,
    "isolated_fraction": 0.7333333333333333,
    "simple_topology": true,
    "preferred_po_axis": [
      0,
      1,
      0
    ],
    "fluorescence_bucket": "none",
    "absorption_bucket": "medium"
  },
  "generation": {
    "theta_min": 5.0,
    "theta_max": 90.0,
    "num_points": 8501,
    "template_rwp_percent": 10.842870596894375,
    "template_peak_window_rwp": 9.019290975003878,
    "template_peak_window_pearson": 0.9923523761905567,
    "synth_params": {
      "ka1": 1.5405929,
      "ka2": 1.5444274,
      "use_tch_profile": true,
      "sigma_scale": 1.216617965083533,
      "kb_ratio": 0.0,
      "use_fcj_asymmetry": true,
      "detector_nonlinearity": 0.0,
      "use_ka2": true,
      "caglioti_u": 0.009868270667840904,
      "kb": 1.39225,
      "caglioti_w": 0.001852496847987292,
      "detector_deadtime_coeff": 0.0,
      "axial_s_over_l": 0.0012,
      "sigma_min_deg": 0.0190719205013069,
      "ka2_ratio": 0.485,
      "caglioti_v": -0.00020712228196883794,
      "sigma_deg": 0.02204270077196036,
      "use_kbeta": false,
      "beam_sample_ratio": 0.05,
      "fluorescence_level": 0.0,
      "muR": 0.01,
      "trns": 0.0,
      "fluorescence_decay": 3.0,
      "lorentz_z": 0.0025615741864937146,
      "strain": 0.00035251942474801733,
      "pseudo_voigt_eta": 0.019998137563054755,
      "lorentz_size": 0.03,
      "macro_strain": 0.0007754606980393147,
      "sample_displacement_sr": -0.0004363673523633122,
      "size_nm": 214.42985623728077,
      "delta_deg": -0.00985351084817813,
      "lorentz_strain": 0.008,
      "po_r": 1.0,
      "air_scatter_level": 5.500000000000385e-09,
      "b3": 6.3203101563040995e-06,
      "scatter_sigma_deg": 6.0,
      "b4": -2.7325016753084457e-06,
      "scatter_level": 5.499999999998345e-09,
      "compton_level": 5.499999999999996e-09,
      "holder_scatter_center_deg": 15.0,
      "a": 0.977906046144876,
      "holder_scatter_level": 5.500000000002196e-09,
      "scatter_center_deg": 15.0,
      "b5": 1.6491811420758495e-06,
      "poisson_counts_max": 2584.7999999999997,
      "air_scatter_floor": 0.049999999999999996,
      "b1": -1.0621837808842336,
      "b0": 2.7818043743245324,
      "b2": 0.8246859397168971,
      "holder_scatter_sigma_deg": 4.0,
      "po_hkl_axis": [
        0.0,
        0.0,
        1.0
      ],
      "final_normalize": true
    },
    "synth_sampling_meta": {
      "family_name": "anchor",
      "slot": "anchor",
      "source_family": "rruff_like",
      "preferred_source_family": "rruff_like",
      "descriptor": {
        "phase_id": "mp-1224349",
        "formula": "Ge",
        "crystal_system": "orthorhombic",
        "elements": [
          "Ge"
        ],
        "density_g_cm3": 6.151960749211513,
        "avg_z": 32.0,
        "max_z": 32.0,
        "heavy_fraction": 0.0,
        "transition_fraction": 0.0,
        "cell_lengths": [
          2.794298,
          5.201032,
          2.698231
        ],
        "cell_angles": [
          90.0,
          90.0,
          90.0
        ],
        "cell_volume": 39.21402066221201,
        "cell_anisotropy": 1.9275710641527728,
        "anisotropy_index": 0.9275710641527728,
        "theoretical_peak_count": 16,
        "peak_density": 0.18823529411764706,
        "median_gap_deg": 2.577392578125,
        "crowded_fraction": 0.0,
        "isolated_fraction": 0.7333333333333333,
        "simple_topology": true,
        "preferred_po_axis": [
          0,
          1,
          0
        ],
        "fluorescence_bucket": "none",
        "absorption_bucket": "medium"
      },
      "attempt": 1,
      "donor_rows": {
        "instrument": "0098__rruff_R050009-1__C1_Ca1_O3",
        "chemistry": "0098__rruff_R050009-1__C1_Ca1_O3",
        "microstructure": "0249__rruff_R050363-1__O2_Ti1",
        "orientation": "0249__rruff_R050363-1__O2_Ti1",
        "background": "0144__rruff_R050115-1__Ca1_F2"
      },
      "donor_rwp_percent": {
        "instrument": 10.473963597060688,
        "chemistry": 10.473963597060688,
        "microstructure": 14.776303909097866,
        "orientation": 14.776303909097866,
        "background": 10.8136128591309
      },
      "donor_peak_window_rwp": {
        "instrument": 13.939634579044661,
        "chemistry": 13.939634579044661,
        "microstructure": 20.08462830562262,
        "orientation": 20.08462830562262,
        "background": 14.273780930421212
      },
      "selected_sample_code": "0098__rruff_R050009-1__C1_Ca1_O3",
      "selected_peak_window_rwp": 13.939634579044661,
      "selected_peak_window_pearson": 0.9951380622079978,
      "selected_background_fraction": 0.2583068632884111
    },
    "original_sample_dir": "Ge_SG65",
    "original_cif_path": "phase.cif",
    "original_generated_xy_path": "generated.xy",
    "original_generation_params_json": "generation_params.json",
    "original_generation_quality_json": "generation_quality.json"
  },
  "quality": {
    "note": "These are theory-vs-generated synthetic quality indicators plus donor-template quality provenance. They are not Rietveld fit-to-experiment outputs.",
    "theory_vs_generated": {
      "profile_pearson": 0.9550212789772576,
      "profile_cosine": 0.9499410126451412,
      "rmse": 2.1964129762953477,
      "mae": 1.0309639717776493,
      "background_fraction_generated": 1.3978233711809638,
      "top_peak_count_used": 16,
      "top_peak_height_log_mae": 0.33365426754391114,
      "top_peak_shift_abs_mean_deg": 0.046371202468871164,
      "peak_window_pearson": 0.952842550023087,
      "peak_window_cosine": 0.9541897207017896
    },
    "donor_template_quality": {
      "selected_sample_code": "0098__rruff_R050009-1__C1_Ca1_O3",
      "selected_peak_window_rwp": 13.939634579044661,
      "selected_peak_window_pearson": 0.9951380622079978,
      "selected_background_fraction": 0.2583068632884111,
      "donor_rows": {
        "instrument": "0098__rruff_R050009-1__C1_Ca1_O3",
        "chemistry": "0098__rruff_R050009-1__C1_Ca1_O3",
        "microstructure": "0249__rruff_R050363-1__O2_Ti1",
        "orientation": "0249__rruff_R050363-1__O2_Ti1",
        "background": "0144__rruff_R050115-1__Ca1_F2"
      },
      "donor_rwp_percent": {
        "instrument": 10.473963597060688,
        "chemistry": 10.473963597060688,
        "microstructure": 14.776303909097866,
        "orientation": 14.776303909097866,
        "background": 10.8136128591309
      },
      "donor_peak_window_rwp": {
        "instrument": 13.939634579044661,
        "chemistry": 13.939634579044661,
        "microstructure": 20.08462830562262,
        "orientation": 20.08462830562262,
        "background": 14.273780930421212
      }
    }
  },
  "generation_tier": "strict_core"
}
