{
  "sample_name": "Li2O2_194",
  "phase_id": "mp-841",
  "formula": "Li2O2",
  "space_group": 194,
  "space_group_symbol": "P6_3/mmc",
  "crystal_system": "hexagonal",
  "source_origin": "materials_project",
  "slot": "anchor",
  "formula_group_id": "Li1|O1::sg::194",
  "descriptor": {
    "phase_id": "mp-841",
    "formula": "Li2O2",
    "crystal_system": "hexagonal",
    "elements": [
      "Li",
      "O"
    ],
    "density_g_cm3": 2.414495632839368,
    "avg_z": 5.5,
    "max_z": 8.0,
    "heavy_fraction": 0.0,
    "transition_fraction": 0.0,
    "cell_lengths": [
      3.10263433,
      3.10263433,
      7.56992946
    ],
    "cell_angles": [
      90.0,
      90.0,
      119.99999999999999
    ],
    "cell_volume": 63.10788876740395,
    "cell_anisotropy": 2.4398393928684468,
    "anisotropy_index": 1.4398393928684468,
    "theoretical_peak_count": 18,
    "peak_density": 0.21176470588235294,
    "median_gap_deg": 3.8188247680664062,
    "crowded_fraction": 0.17647058823529413,
    "isolated_fraction": 0.7647058823529411,
    "simple_topology": true,
    "preferred_po_axis": [
      0,
      0,
      1
    ],
    "fluorescence_bucket": "none",
    "absorption_bucket": "light"
  },
  "generation": {
    "theta_min": 5.0,
    "theta_max": 90.0,
    "num_points": 8501,
    "template_rwp_percent": 12.230971149753874,
    "template_peak_window_rwp": 16.61381662608072,
    "template_peak_window_pearson": 0.9948239611051984,
    "synth_params": {
      "ka1": 1.5405929,
      "ka2": 1.5444274,
      "use_tch_profile": true,
      "sigma_scale": 0.6,
      "kb_ratio": 0.0,
      "use_fcj_asymmetry": true,
      "detector_nonlinearity": 0.0,
      "use_ka2": true,
      "caglioti_u": 0.019868777420733293,
      "kb": 1.39225,
      "caglioti_w": 0.0015550706483665486,
      "detector_deadtime_coeff": 0.0,
      "axial_s_over_l": 0.0011999931661421603,
      "sigma_min_deg": 0.008202496160475631,
      "ka2_ratio": 0.4850937269972203,
      "caglioti_v": -0.0128329084649674,
      "sigma_deg": 0.01620000190114841,
      "use_kbeta": false,
      "beam_sample_ratio": 0.05,
      "fluorescence_level": 0.0,
      "muR": 0.0,
      "trns": 0.0,
      "fluorescence_decay": 3.0,
      "lorentz_z": 0.00011692124277869222,
      "strain": 2.0890460626993178e-05,
      "pseudo_voigt_eta": -0.005038350347928382,
      "lorentz_size": 0.03,
      "macro_strain": 0.0,
      "sample_displacement_sr": -0.000335218198833255,
      "size_nm": 198.3215592988922,
      "delta_deg": -0.009437018111748793,
      "lorentz_strain": 0.0002876675853948984,
      "po_r": 1.0,
      "air_scatter_level": 5.500000000000385e-09,
      "b3": 6.3203101563040995e-06,
      "scatter_sigma_deg": 6.0,
      "b4": -2.7325016753084457e-06,
      "scatter_level": 5.499999999998345e-09,
      "compton_level": 5.499999999999996e-09,
      "holder_scatter_center_deg": 15.0,
      "a": 0.977906046144876,
      "holder_scatter_level": 5.500000000002196e-09,
      "scatter_center_deg": 15.0,
      "b5": 1.6491811420758495e-06,
      "poisson_counts_max": 2584.7999999999997,
      "air_scatter_floor": 0.049999999999999996,
      "b1": -1.0621837808842336,
      "b0": 2.7818043743245324,
      "b2": 0.8246859397168971,
      "holder_scatter_sigma_deg": 4.0,
      "po_hkl_axis": [
        0.0,
        1.0,
        0.0
      ],
      "final_normalize": true
    },
    "synth_sampling_meta": {
      "family_name": "anchor",
      "slot": "anchor",
      "source_family": "rruff_like",
      "preferred_source_family": "rruff_like",
      "descriptor": {
        "phase_id": "mp-841",
        "formula": "Li2O2",
        "crystal_system": "hexagonal",
        "elements": [
          "Li",
          "O"
        ],
        "density_g_cm3": 2.414495632839368,
        "avg_z": 5.5,
        "max_z": 8.0,
        "heavy_fraction": 0.0,
        "transition_fraction": 0.0,
        "cell_lengths": [
          3.10263433,
          3.10263433,
          7.56992946
        ],
        "cell_angles": [
          90.0,
          90.0,
          119.99999999999999
        ],
        "cell_volume": 63.10788876740395,
        "cell_anisotropy": 2.4398393928684468,
        "anisotropy_index": 1.4398393928684468,
        "theoretical_peak_count": 18,
        "peak_density": 0.21176470588235294,
        "median_gap_deg": 3.8188247680664062,
        "crowded_fraction": 0.17647058823529413,
        "isolated_fraction": 0.7647058823529411,
        "simple_topology": true,
        "preferred_po_axis": [
          0,
          0,
          1
        ],
        "fluorescence_bucket": "none",
        "absorption_bucket": "light"
      },
      "attempt": 1,
      "donor_rows": {
        "instrument": "0057__rruff_R040098-1__Ca5_F1_O12_P3",
        "chemistry": "0148__rruff_R050121-1__Al2_Be3_O18_Si6",
        "microstructure": "0254__rruff_R050369-1__Ca5_F1_O12_P3",
        "orientation": "0148__rruff_R050121-1__Al2_Be3_O18_Si6",
        "background": "0144__rruff_R050115-1__Ca1_F2"
      },
      "donor_rwp_percent": {
        "instrument": 13.722656894319407,
        "chemistry": 11.800676499373662,
        "microstructure": 13.558574059798776,
        "orientation": 11.800676499373662,
        "background": 10.8136128591309
      },
      "donor_peak_window_rwp": {
        "instrument": 18.779898403060326,
        "chemistry": 16.67151917078972,
        "microstructure": 18.528929065551917,
        "orientation": 16.67151917078972,
        "background": 14.273780930421212
      },
      "selected_sample_code": "0057__rruff_R040098-1__Ca5_F1_O12_P3",
      "selected_peak_window_rwp": 18.779898403060326,
      "selected_peak_window_pearson": 0.9873555683374622,
      "selected_background_fraction": 0.2583068632884111
    },
    "original_sample_dir": "Li2O2_SG194",
    "original_cif_path": "phase.cif",
    "original_generated_xy_path": "generated.xy",
    "original_generation_params_json": "generation_params.json",
    "original_generation_quality_json": "generation_quality.json"
  },
  "quality": {
    "note": "These are theory-vs-generated synthetic quality indicators plus donor-template quality provenance. They are not Rietveld fit-to-experiment outputs.",
    "theory_vs_generated": {
      "profile_pearson": 0.9305966841478049,
      "profile_cosine": 0.927691749603889,
      "rmse": 1.5887473023979286,
      "mae": 0.5489974802997786,
      "background_fraction_generated": 2.838255510756946,
      "top_peak_count_used": 18,
      "top_peak_height_log_mae": 3.6971593506298674,
      "top_peak_shift_abs_mean_deg": 0.1149049165513792,
      "peak_window_pearson": 0.9237277587464439,
      "peak_window_cosine": 0.9317183775870794
    },
    "donor_template_quality": {
      "selected_sample_code": "0057__rruff_R040098-1__Ca5_F1_O12_P3",
      "selected_peak_window_rwp": 18.779898403060326,
      "selected_peak_window_pearson": 0.9873555683374622,
      "selected_background_fraction": 0.2583068632884111,
      "donor_rows": {
        "instrument": "0057__rruff_R040098-1__Ca5_F1_O12_P3",
        "chemistry": "0148__rruff_R050121-1__Al2_Be3_O18_Si6",
        "microstructure": "0254__rruff_R050369-1__Ca5_F1_O12_P3",
        "orientation": "0148__rruff_R050121-1__Al2_Be3_O18_Si6",
        "background": "0144__rruff_R050115-1__Ca1_F2"
      },
      "donor_rwp_percent": {
        "instrument": 13.722656894319407,
        "chemistry": 11.800676499373662,
        "microstructure": 13.558574059798776,
        "orientation": 11.800676499373662,
        "background": 10.8136128591309
      },
      "donor_peak_window_rwp": {
        "instrument": 18.779898403060326,
        "chemistry": 16.67151917078972,
        "microstructure": 18.528929065551917,
        "orientation": 16.67151917078972,
        "background": 14.273780930421212
      }
    }
  },
  "generation_tier": "strict_core"
}
