{
  "sample_name": "Rb_20",
  "phase_id": "mp-569688",
  "formula": "Rb",
  "space_group": 20,
  "space_group_symbol": "C222_1",
  "crystal_system": "orthorhombic",
  "source_origin": "materials_project",
  "slot": "background",
  "formula_group_id": "Rb1::sg::20",
  "descriptor": {
    "phase_id": "mp-569688",
    "formula": "Rb",
    "crystal_system": "orthorhombic",
    "elements": [
      "Rb"
    ],
    "density_g_cm3": 1.4751092270200155,
    "avg_z": 37.0,
    "max_z": 37.0,
    "heavy_fraction": 1.0,
    "transition_fraction": 0.0,
    "cell_lengths": [
      11.58002636,
      16.90799511,
      25.55224869
    ],
    "cell_angles": [
      90.0,
      90.0,
      90.0
    ],
    "cell_volume": 5003.003275025397,
    "cell_anisotropy": 2.2065794926221565,
    "anisotropy_index": 1.2065794926221565,
    "theoretical_peak_count": 1123,
    "peak_density": 13.211764705882352,
    "median_gap_deg": 0.038562774658203125,
    "crowded_fraction": 0.9750445632798574,
    "isolated_fraction": 0.00267379679144385,
    "simple_topology": false,
    "preferred_po_axis": [
      0,
      0,
      1
    ],
    "fluorescence_bucket": "none",
    "absorption_bucket": "heavy"
  },
  "generation": {
    "theta_min": 5.0,
    "theta_max": 90.0,
    "num_points": 8501,
    "template_rwp_percent": 20.116123150491998,
    "template_peak_window_rwp": 19.059785587552092,
    "template_peak_window_pearson": 0.9853439113269152,
    "synth_params": {
      "ka1": 1.5405929,
      "ka2": 1.5444274,
      "use_tch_profile": true,
      "sigma_scale": 0.915935817612402,
      "kb_ratio": 0.01500880233919089,
      "use_fcj_asymmetry": true,
      "detector_nonlinearity": 0.0,
      "use_ka2": true,
      "caglioti_u": 0.031390575609021656,
      "kb": 1.39225,
      "caglioti_w": 0.0018448797995058975,
      "detector_deadtime_coeff": 0.0,
      "axial_s_over_l": 0.0012,
      "sigma_min_deg": 0.008,
      "ka2_ratio": 0.48492173130236843,
      "caglioti_v": 0.007351125729718566,
      "sigma_deg": 0.01878969372542678,
      "use_kbeta": true,
      "beam_sample_ratio": 0.05,
      "fluorescence_level": 0.0,
      "muR": 0.04,
      "trns": 0.03,
      "fluorescence_decay": 3.0,
      "lorentz_z": 1e-08,
      "strain": 0.0006574373502995551,
      "pseudo_voigt_eta": -0.04085922014840218,
      "lorentz_size": 0.003954801937997075,
      "macro_strain": -0.0001799828103119419,
      "sample_displacement_sr": -0.0006179209672928388,
      "size_nm": 180.0,
      "delta_deg": -0.021790081829854265,
      "lorentz_strain": 0.008,
      "po_r": 1.0,
      "air_scatter_level": 0.2750018604119713,
      "b3": 0.7379173670925012,
      "scatter_sigma_deg": 10.836186106093132,
      "b4": 0.5472655579071705,
      "scatter_level": 1.2,
      "compton_level": 2.1934444397108424,
      "holder_scatter_center_deg": 5.023353705021647,
      "a": 0.7052404543488482,
      "holder_scatter_level": 4.107431864113892,
      "scatter_center_deg": 14.635716036503347,
      "b5": -0.6684336014039052,
      "poisson_counts_max": 900.0,
      "air_scatter_floor": 0.02699164710478493,
      "b1": -4.466703566605327,
      "b0": 22.026741256188426,
      "b2": -0.429353988891026,
      "holder_scatter_sigma_deg": 1.5617313898161211,
      "po_hkl_axis": [
        0.0,
        1.0,
        0.0
      ],
      "final_normalize": true
    },
    "synth_sampling_meta": {
      "family_name": "background",
      "slot": "background",
      "source_family": "opxrd_like",
      "preferred_source_family": "opxrd_like",
      "descriptor": {
        "phase_id": "mp-569688",
        "formula": "Rb",
        "crystal_system": "orthorhombic",
        "elements": [
          "Rb"
        ],
        "density_g_cm3": 1.4751092270200155,
        "avg_z": 37.0,
        "max_z": 37.0,
        "heavy_fraction": 1.0,
        "transition_fraction": 0.0,
        "cell_lengths": [
          11.58002636,
          16.90799511,
          25.55224869
        ],
        "cell_angles": [
          90.0,
          90.0,
          90.0
        ],
        "cell_volume": 5003.003275025397,
        "cell_anisotropy": 2.2065794926221565,
        "anisotropy_index": 1.2065794926221565,
        "theoretical_peak_count": 1123,
        "peak_density": 13.211764705882352,
        "median_gap_deg": 0.038562774658203125,
        "crowded_fraction": 0.9750445632798574,
        "isolated_fraction": 0.00267379679144385,
        "simple_topology": false,
        "preferred_po_axis": [
          0,
          0,
          1
        ],
        "fluorescence_bucket": "none",
        "absorption_bucket": "heavy"
      },
      "attempt": 1,
      "donor_rows": {
        "instrument": "1191__opxrd_000584__H1_Mg1_O1",
        "chemistry": "0005__rruff_R040007-1__O4_S1_Sr1",
        "microstructure": "0453__rruff_R060409-1__Al1_As1_H4_O6",
        "orientation": "0181__rruff_R050200-1__Al2_F2_O4_Si1",
        "background": "0453__rruff_R060409-1__Al1_As1_H4_O6"
      },
      "donor_rwp_percent": {
        "instrument": 5.159210709102735,
        "chemistry": 20.116123150491998,
        "microstructure": 17.010113375270937,
        "orientation": 23.384740001121493,
        "background": 17.010113375270937
      },
      "donor_peak_window_rwp": {
        "instrument": 5.48784949745101,
        "chemistry": 19.059785587552092,
        "microstructure": 16.7700543319154,
        "orientation": 22.398779644575264,
        "background": 16.7700543319154
      },
      "selected_sample_code": "1191__opxrd_000584__H1_Mg1_O1",
      "selected_peak_window_rwp": 5.48784949745101,
      "selected_peak_window_pearson": 0.9997162154875435,
      "selected_background_fraction": 0.6150635671141698
    },
    "original_sample_dir": "Rb_SG20",
    "original_cif_path": "phase.cif",
    "original_generated_xy_path": "generated.xy",
    "original_generation_params_json": "generation_params.json",
    "original_generation_quality_json": "generation_quality.json"
  },
  "quality": {
    "note": "These are theory-vs-generated synthetic quality indicators plus donor-template quality provenance. They are not Rietveld fit-to-experiment outputs.",
    "theory_vs_generated": {
      "profile_pearson": 0.8024122992854164,
      "profile_cosine": 0.6762724261456493,
      "rmse": 5.427620299012969,
      "mae": 4.854303147264607,
      "background_fraction_generated": 4.128074080397776,
      "top_peak_count_used": 20,
      "top_peak_height_log_mae": 14.670178860942878,
      "top_peak_shift_abs_mean_deg": 0.28219186401367136,
      "peak_window_pearson": 0.7899728440269284,
      "peak_window_cosine": 0.7966648417605313
    },
    "donor_template_quality": {
      "selected_sample_code": "1191__opxrd_000584__H1_Mg1_O1",
      "selected_peak_window_rwp": 5.48784949745101,
      "selected_peak_window_pearson": 0.9997162154875435,
      "selected_background_fraction": 0.6150635671141698,
      "donor_rows": {
        "instrument": "1191__opxrd_000584__H1_Mg1_O1",
        "chemistry": "0005__rruff_R040007-1__O4_S1_Sr1",
        "microstructure": "0453__rruff_R060409-1__Al1_As1_H4_O6",
        "orientation": "0181__rruff_R050200-1__Al2_F2_O4_Si1",
        "background": "0453__rruff_R060409-1__Al1_As1_H4_O6"
      },
      "donor_rwp_percent": {
        "instrument": 5.159210709102735,
        "chemistry": 20.116123150491998,
        "microstructure": 17.010113375270937,
        "orientation": 23.384740001121493,
        "background": 17.010113375270937
      },
      "donor_peak_window_rwp": {
        "instrument": 5.48784949745101,
        "chemistry": 19.059785587552092,
        "microstructure": 16.7700543319154,
        "orientation": 22.398779644575264,
        "background": 16.7700543319154
      }
    }
  },
  "generation_tier": "strict_core"
}
