{
  "sample_name": "Na3Bi(P2O9)3_167",
  "phase_id": "cod_1007264",
  "formula": "Na3Bi(P2O9)3",
  "space_group": 167,
  "space_group_symbol": "R-3c",
  "crystal_system": "trigonal",
  "source_origin": "cod",
  "slot": "background",
  "formula_group_id": "Bi1|Na3|O27|P6::sg::167",
  "descriptor": {
    "phase_id": "cod_1007264",
    "formula": "Na3Bi(P2O9)3",
    "crystal_system": "trigonal",
    "elements": [
      "Bi",
      "Na",
      "O",
      "P"
    ],
    "density_g_cm3": 2.48340435348764,
    "avg_z": 11.405405405405405,
    "max_z": 83.0,
    "heavy_fraction": 0.02702702702702703,
    "transition_fraction": 0.0,
    "cell_lengths": [
      30.84499,
      30.844989999999996,
      13.085
    ],
    "cell_angles": [
      90.0,
      90.0,
      120.00000000000001
    ],
    "cell_volume": 10781.361947283478,
    "cell_anisotropy": 2.3572785632403512,
    "anisotropy_index": 1.3572785632403512,
    "theoretical_peak_count": 750,
    "peak_density": 8.823529411764707,
    "median_gap_deg": 0.0627899169921875,
    "crowded_fraction": 0.9572763684913218,
    "isolated_fraction": 0.0026702269692923898,
    "simple_topology": false,
    "preferred_po_axis": [
      0,
      0,
      1
    ],
    "fluorescence_bucket": "moderate",
    "absorption_bucket": "heavy"
  },
  "generation": {
    "theta_min": 5.0,
    "theta_max": 90.0,
    "num_points": 8501,
    "template_rwp_percent": 8.894243026156627,
    "template_peak_window_rwp": 11.562371080606463,
    "template_peak_window_pearson": 0.9970396627337116,
    "synth_params": {
      "ka1": 1.5405929,
      "ka2": 1.5444274,
      "use_tch_profile": true,
      "sigma_scale": 0.915935817612402,
      "kb_ratio": 0.01500880233919089,
      "use_fcj_asymmetry": true,
      "detector_nonlinearity": 0.0,
      "use_ka2": true,
      "caglioti_u": 0.031390575609021656,
      "kb": 1.39225,
      "caglioti_w": 0.0018448797995058975,
      "detector_deadtime_coeff": 0.0,
      "axial_s_over_l": 0.0012,
      "sigma_min_deg": 0.008,
      "ka2_ratio": 0.48492173130236843,
      "caglioti_v": 0.007351125729718566,
      "sigma_deg": 0.01878969372542678,
      "use_kbeta": true,
      "beam_sample_ratio": 0.05,
      "fluorescence_level": 1.0,
      "muR": 0.04,
      "trns": 0.03,
      "fluorescence_decay": 3.0,
      "lorentz_z": 0.0007626903334521539,
      "strain": 8.248832869150249e-06,
      "pseudo_voigt_eta": -0.026137299557931398,
      "lorentz_size": 0.02632542586736965,
      "macro_strain": 0.0,
      "sample_displacement_sr": -0.0002,
      "size_nm": 180.0,
      "delta_deg": -0.01,
      "lorentz_strain": 0.008,
      "po_r": 1.0,
      "air_scatter_level": 0.8861378528576019,
      "b3": 0.12983099683487814,
      "scatter_sigma_deg": 3.386481852670044,
      "b4": 0.2149603090671543,
      "scatter_level": 4.133636868095255,
      "compton_level": 0.2291000672335518,
      "holder_scatter_center_deg": 9.886237662115688,
      "a": 1.8294313988971667,
      "holder_scatter_level": 1.4276164006709218,
      "scatter_center_deg": 7.263036254578887,
      "b5": -0.16940598909819246,
      "poisson_counts_max": 2641.7999999999997,
      "air_scatter_floor": 0.026371317916073306,
      "b1": -0.5229649913433729,
      "b0": 4.429602191788569,
      "b2": -0.6458512272522411,
      "holder_scatter_sigma_deg": 7.949166026551394,
      "po_hkl_axis": [
        0.0,
        1.0,
        0.0
      ],
      "final_normalize": true
    },
    "synth_sampling_meta": {
      "family_name": "background",
      "slot": "background",
      "source_family": "opxrd_like",
      "preferred_source_family": "opxrd_like",
      "descriptor": {
        "phase_id": "cod_1007264",
        "formula": "Na3Bi(P2O9)3",
        "crystal_system": "trigonal",
        "elements": [
          "Bi",
          "Na",
          "O",
          "P"
        ],
        "density_g_cm3": 2.48340435348764,
        "avg_z": 11.405405405405405,
        "max_z": 83.0,
        "heavy_fraction": 0.02702702702702703,
        "transition_fraction": 0.0,
        "cell_lengths": [
          30.84499,
          30.844989999999996,
          13.085
        ],
        "cell_angles": [
          90.0,
          90.0,
          120.00000000000001
        ],
        "cell_volume": 10781.361947283478,
        "cell_anisotropy": 2.3572785632403512,
        "anisotropy_index": 1.3572785632403512,
        "theoretical_peak_count": 750,
        "peak_density": 8.823529411764707,
        "median_gap_deg": 0.0627899169921875,
        "crowded_fraction": 0.9572763684913218,
        "isolated_fraction": 0.0026702269692923898,
        "simple_topology": false,
        "preferred_po_axis": [
          0,
          0,
          1
        ],
        "fluorescence_bucket": "moderate",
        "absorption_bucket": "heavy"
      },
      "attempt": 1,
      "donor_rows": {
        "instrument": "1191__opxrd_000584__H1_Mg1_O1",
        "chemistry": "0003__rruff_R040004-1__O4_Pb1_S1",
        "microstructure": "0152__rruff_R050128-1__C1_Ca1_O3",
        "orientation": "0016__rruff_R040030-1__C2_Ca1_Mg1_O6",
        "background": "0154__rruff_R050130-1__C1_Ca1_O3"
      },
      "donor_rwp_percent": {
        "instrument": 5.159210709102735,
        "chemistry": 22.234098733411948,
        "microstructure": 10.060210456264361,
        "orientation": 27.23933763789696,
        "background": 10.499124209338653
      },
      "donor_peak_window_rwp": {
        "instrument": 5.48784949745101,
        "chemistry": 20.981819851815647,
        "microstructure": 12.829743047113176,
        "orientation": 14.145313767601136,
        "background": 14.501948057757202
      },
      "selected_sample_code": "1191__opxrd_000584__H1_Mg1_O1",
      "selected_peak_window_rwp": 5.48784949745101,
      "selected_peak_window_pearson": 0.9997162154875435,
      "selected_background_fraction": 0.4602129848480656
    },
    "original_sample_dir": "Na3Bi(P2O9)3_SG167",
    "original_cif_path": "phase.cif",
    "original_generated_xy_path": "generated.xy",
    "original_generation_params_json": "generation_params.json",
    "original_generation_quality_json": "generation_quality.json"
  },
  "quality": {
    "note": "These are theory-vs-generated synthetic quality indicators plus donor-template quality provenance. They are not Rietveld fit-to-experiment outputs.",
    "theory_vs_generated": {
      "profile_pearson": 0.8684442125294363,
      "profile_cosine": 0.8597712540259701,
      "rmse": 3.9566619453439755,
      "mae": 2.580285517227843,
      "background_fraction_generated": 1.6521001767616343,
      "top_peak_count_used": 20,
      "top_peak_height_log_mae": 0.291995158816506,
      "top_peak_shift_abs_mean_deg": 0.046211311340332004,
      "peak_window_pearson": 0.9131765947459995,
      "peak_window_cosine": 0.9112232238292123
    },
    "donor_template_quality": {
      "selected_sample_code": "1191__opxrd_000584__H1_Mg1_O1",
      "selected_peak_window_rwp": 5.48784949745101,
      "selected_peak_window_pearson": 0.9997162154875435,
      "selected_background_fraction": 0.4602129848480656,
      "donor_rows": {
        "instrument": "1191__opxrd_000584__H1_Mg1_O1",
        "chemistry": "0003__rruff_R040004-1__O4_Pb1_S1",
        "microstructure": "0152__rruff_R050128-1__C1_Ca1_O3",
        "orientation": "0016__rruff_R040030-1__C2_Ca1_Mg1_O6",
        "background": "0154__rruff_R050130-1__C1_Ca1_O3"
      },
      "donor_rwp_percent": {
        "instrument": 5.159210709102735,
        "chemistry": 22.234098733411948,
        "microstructure": 10.060210456264361,
        "orientation": 27.23933763789696,
        "background": 10.499124209338653
      },
      "donor_peak_window_rwp": {
        "instrument": 5.48784949745101,
        "chemistry": 20.981819851815647,
        "microstructure": 12.829743047113176,
        "orientation": 14.145313767601136,
        "background": 14.501948057757202
      }
    }
  },
  "generation_tier": "strict_core"
}
