{
  "sample_name": "MgSiO3_11",
  "phase_id": "cod_9010401",
  "formula": "MgSiO3",
  "space_group": 11,
  "space_group_symbol": "P2_1/m",
  "crystal_system": "monoclinic",
  "source_origin": "cod",
  "slot": "profile",
  "formula_group_id": "Mg1|O3|Si1::sg::11",
  "descriptor": {
    "phase_id": "cod_9010401",
    "formula": "MgSiO3",
    "crystal_system": "monoclinic",
    "elements": [
      "Mg",
      "O",
      "Si"
    ],
    "density_g_cm3": 5.391303802141184,
    "avg_z": 10.0,
    "max_z": 14.0,
    "heavy_fraction": 0.0,
    "transition_fraction": 0.0,
    "cell_lengths": [
      4.256,
      6.205,
      9.477
    ],
    "cell_angles": [
      90.0,
      98.75,
      90.0
    ],
    "cell_volume": 247.36036334941264,
    "cell_anisotropy": 2.2267387218045114,
    "anisotropy_index": 1.2267387218045114,
    "theoretical_peak_count": 216,
    "peak_density": 2.541176470588235,
    "median_gap_deg": 0.202362060546875,
    "crowded_fraction": 0.6651162790697674,
    "isolated_fraction": 0.05581395348837209,
    "simple_topology": false,
    "preferred_po_axis": [
      0,
      0,
      1
    ],
    "fluorescence_bucket": "none",
    "absorption_bucket": "medium"
  },
  "generation": {
    "theta_min": 5.0,
    "theta_max": 90.0,
    "num_points": 8501,
    "template_rwp_percent": 11.336277291932815,
    "template_peak_window_rwp": 11.208554719735723,
    "template_peak_window_pearson": 0.9683505557392063,
    "synth_params": {
      "ka1": 1.5405929,
      "ka2": 1.5444274,
      "use_tch_profile": true,
      "sigma_scale": 0.915935817612402,
      "kb_ratio": 0.01500880233919089,
      "use_fcj_asymmetry": true,
      "detector_nonlinearity": 0.0,
      "use_ka2": true,
      "caglioti_u": 0.031390575609021656,
      "kb": 1.39225,
      "caglioti_w": 0.0018448797995058975,
      "detector_deadtime_coeff": 0.0,
      "axial_s_over_l": 0.0012,
      "sigma_min_deg": 0.008,
      "ka2_ratio": 0.48492173130236843,
      "caglioti_v": 0.007351125729718566,
      "sigma_deg": 0.019353384537189586,
      "use_kbeta": true,
      "beam_sample_ratio": 0.05,
      "fluorescence_level": 0.0,
      "muR": 0.01,
      "trns": 0.0,
      "fluorescence_decay": 3.0,
      "lorentz_z": 9.999925456690148e-09,
      "strain": 0.0005809141699247577,
      "pseudo_voigt_eta": 0.018647385776208412,
      "lorentz_size": 5.896665146445407e-05,
      "macro_strain": 0.0,
      "sample_displacement_sr": -0.00041210135104873257,
      "size_nm": 180.0,
      "delta_deg": -0.009803676886605741,
      "lorentz_strain": 0.009,
      "po_r": 1.0,
      "air_scatter_level": 1.4000749903627927,
      "b3": 3.2473387258528732e-06,
      "scatter_sigma_deg": 8.360044872847439,
      "b4": 3.405166735757178e-06,
      "scatter_level": 2.7685316919589518,
      "compton_level": 0.38103046324381706,
      "holder_scatter_center_deg": 6.622709143753005,
      "a": 0.7302945183538387,
      "holder_scatter_level": 2.9371850724749726,
      "scatter_center_deg": 23.81583472879523,
      "b5": -1.0087472786809643e-05,
      "poisson_counts_max": 3365.85,
      "air_scatter_floor": 0.023030020772269455,
      "b1": -1.356862511226645,
      "b0": 7.056217690641542,
      "b2": -2.319322747808257,
      "holder_scatter_sigma_deg": 1.3752972403615906,
      "po_hkl_axis": [
        0.0,
        1.0,
        0.0
      ],
      "final_normalize": true
    },
    "synth_sampling_meta": {
      "family_name": "profile",
      "slot": "profile",
      "source_family": "opxrd_like",
      "preferred_source_family": "opxrd_like",
      "descriptor": {
        "phase_id": "cod_9010401",
        "formula": "MgSiO3",
        "crystal_system": "monoclinic",
        "elements": [
          "Mg",
          "O",
          "Si"
        ],
        "density_g_cm3": 5.391303802141184,
        "avg_z": 10.0,
        "max_z": 14.0,
        "heavy_fraction": 0.0,
        "transition_fraction": 0.0,
        "cell_lengths": [
          4.256,
          6.205,
          9.477
        ],
        "cell_angles": [
          90.0,
          98.75,
          90.0
        ],
        "cell_volume": 247.36036334941264,
        "cell_anisotropy": 2.2267387218045114,
        "anisotropy_index": 1.2267387218045114,
        "theoretical_peak_count": 216,
        "peak_density": 2.541176470588235,
        "median_gap_deg": 0.202362060546875,
        "crowded_fraction": 0.6651162790697674,
        "isolated_fraction": 0.05581395348837209,
        "simple_topology": false,
        "preferred_po_axis": [
          0,
          0,
          1
        ],
        "fluorescence_bucket": "none",
        "absorption_bucket": "medium"
      },
      "attempt": 1,
      "donor_rows": {
        "instrument": "1191__opxrd_000584__H1_Mg1_O1",
        "chemistry": "1191__opxrd_000584__H1_Mg1_O1",
        "microstructure": "0150__rruff_R050126-1__Al3_H4_Na1_O12_P2",
        "orientation": "0136__rruff_R050100-1__Al2_O7_P1",
        "background": "0136__rruff_R050100-1__Al2_O7_P1"
      },
      "donor_rwp_percent": {
        "instrument": 5.159210709102735,
        "chemistry": 5.159210709102735,
        "microstructure": 12.349421546615877,
        "orientation": 11.140544664536845,
        "background": 11.140544664536845
      },
      "donor_peak_window_rwp": {
        "instrument": 5.48784949745101,
        "chemistry": 5.48784949745101,
        "microstructure": 16.546432705173878,
        "orientation": 15.446070104443251,
        "background": 15.446070104443251
      },
      "selected_sample_code": "1191__opxrd_000584__H1_Mg1_O1",
      "selected_peak_window_rwp": 5.48784949745101,
      "selected_peak_window_pearson": 0.9997162154875435,
      "selected_background_fraction": 0.43445209784321753
    },
    "original_sample_dir": "MgSiO3_SG11",
    "original_cif_path": "phase.cif",
    "original_generated_xy_path": "generated.xy",
    "original_generation_params_json": "generation_params.json",
    "original_generation_quality_json": "generation_quality.json"
  },
  "quality": {
    "note": "These are theory-vs-generated synthetic quality indicators plus donor-template quality provenance. They are not Rietveld fit-to-experiment outputs.",
    "theory_vs_generated": {
      "profile_pearson": 0.9069534635401373,
      "profile_cosine": 0.8820983751378785,
      "rmse": 5.151389518075525,
      "mae": 3.980312571193492,
      "background_fraction_generated": 1.849676355297235,
      "top_peak_count_used": 20,
      "top_peak_height_log_mae": 0.4478992820962714,
      "top_peak_shift_abs_mean_deg": 0.05662936401367311,
      "peak_window_pearson": 0.8822566789727773,
      "peak_window_cosine": 0.9145385775427933
    },
    "donor_template_quality": {
      "selected_sample_code": "1191__opxrd_000584__H1_Mg1_O1",
      "selected_peak_window_rwp": 5.48784949745101,
      "selected_peak_window_pearson": 0.9997162154875435,
      "selected_background_fraction": 0.43445209784321753,
      "donor_rows": {
        "instrument": "1191__opxrd_000584__H1_Mg1_O1",
        "chemistry": "1191__opxrd_000584__H1_Mg1_O1",
        "microstructure": "0150__rruff_R050126-1__Al3_H4_Na1_O12_P2",
        "orientation": "0136__rruff_R050100-1__Al2_O7_P1",
        "background": "0136__rruff_R050100-1__Al2_O7_P1"
      },
      "donor_rwp_percent": {
        "instrument": 5.159210709102735,
        "chemistry": 5.159210709102735,
        "microstructure": 12.349421546615877,
        "orientation": 11.140544664536845,
        "background": 11.140544664536845
      },
      "donor_peak_window_rwp": {
        "instrument": 5.48784949745101,
        "chemistry": 5.48784949745101,
        "microstructure": 16.546432705173878,
        "orientation": 15.446070104443251,
        "background": 15.446070104443251
      }
    }
  },
  "generation_tier": "strict_core"
}
