{
  "sample_name": "Np_62",
  "phase_id": "mp-11534",
  "formula": "Np",
  "space_group": 62,
  "space_group_symbol": "Pnma",
  "crystal_system": "orthorhombic",
  "source_origin": "materials_project",
  "slot": "background",
  "formula_group_id": "Np1::sg::62",
  "descriptor": {
    "phase_id": "mp-11534",
    "formula": "Np",
    "crystal_system": "orthorhombic",
    "elements": [
      "Np"
    ],
    "density_g_cm3": 21.731678757193112,
    "avg_z": 93.0,
    "max_z": 93.0,
    "heavy_fraction": 0.0,
    "transition_fraction": 0.0,
    "cell_lengths": [
      6.56137739,
      4.63270635,
      4.76611332
    ],
    "cell_angles": [
      90.0,
      90.0,
      90.0
    ],
    "cell_volume": 144.8752353579778,
    "cell_anisotropy": 1.4163162726685665,
    "anisotropy_index": 0.4163162726685665,
    "theoretical_peak_count": 71,
    "peak_density": 0.8352941176470589,
    "median_gap_deg": 0.6781368255615234,
    "crowded_fraction": 0.34285714285714286,
    "isolated_fraction": 0.2714285714285714,
    "simple_topology": false,
    "preferred_po_axis": [
      1,
      0,
      0
    ],
    "fluorescence_bucket": "none",
    "absorption_bucket": "heavy"
  },
  "generation": {
    "theta_min": 5.0,
    "theta_max": 90.0,
    "num_points": 8501,
    "template_rwp_percent": 20.116123150491998,
    "template_peak_window_rwp": 19.059785587552092,
    "template_peak_window_pearson": 0.9853439113269152,
    "synth_params": {
      "ka1": 1.5405929,
      "ka2": 1.5444274,
      "use_tch_profile": true,
      "sigma_scale": 0.915935817612402,
      "kb_ratio": 0.01500880233919089,
      "use_fcj_asymmetry": true,
      "detector_nonlinearity": 0.0,
      "use_ka2": true,
      "caglioti_u": 0.031390575609021656,
      "kb": 1.39225,
      "caglioti_w": 0.0018448797995058975,
      "detector_deadtime_coeff": 0.0,
      "axial_s_over_l": 0.0012,
      "sigma_min_deg": 0.008,
      "ka2_ratio": 0.48492173130236843,
      "caglioti_v": 0.007351125729718566,
      "sigma_deg": 0.01878969372542678,
      "use_kbeta": true,
      "beam_sample_ratio": 0.05,
      "fluorescence_level": 0.0,
      "muR": 0.04,
      "trns": 0.0,
      "fluorescence_decay": 3.0,
      "lorentz_z": 1.5645828633159685e-09,
      "strain": 0.0006171197675349993,
      "pseudo_voigt_eta": -0.02832616942482371,
      "lorentz_size": 0.004149078564859345,
      "macro_strain": 0.0005323979057762744,
      "sample_displacement_sr": -0.0007285361716417273,
      "size_nm": 190.5588278203772,
      "delta_deg": -0.002887374160871701,
      "lorentz_strain": 0.008,
      "po_r": 1.0,
      "air_scatter_level": 1.6662844588647612,
      "b3": 0.12064394127587624,
      "scatter_sigma_deg": 6.124608494620033,
      "b4": -0.11748652353687974,
      "scatter_level": 1.2,
      "compton_level": 0.11260031097869973,
      "holder_scatter_center_deg": 7.420403794472259,
      "a": 1.0,
      "holder_scatter_level": 1.4142599755796899,
      "scatter_center_deg": 5.931608569608754,
      "b5": -6.24195394874919e-05,
      "poisson_counts_max": 900.0,
      "air_scatter_floor": 0.09731728594375672,
      "b1": -0.9777105008086904,
      "b0": 6.539978464386649,
      "b2": -1.441842226561631,
      "holder_scatter_sigma_deg": 1.4011155808195448,
      "po_hkl_axis": [
        0.0,
        0.0,
        1.0
      ],
      "final_normalize": true
    },
    "synth_sampling_meta": {
      "family_name": "background",
      "slot": "background",
      "source_family": "opxrd_like",
      "preferred_source_family": "opxrd_like",
      "descriptor": {
        "phase_id": "mp-11534",
        "formula": "Np",
        "crystal_system": "orthorhombic",
        "elements": [
          "Np"
        ],
        "density_g_cm3": 21.731678757193112,
        "avg_z": 93.0,
        "max_z": 93.0,
        "heavy_fraction": 0.0,
        "transition_fraction": 0.0,
        "cell_lengths": [
          6.56137739,
          4.63270635,
          4.76611332
        ],
        "cell_angles": [
          90.0,
          90.0,
          90.0
        ],
        "cell_volume": 144.8752353579778,
        "cell_anisotropy": 1.4163162726685665,
        "anisotropy_index": 0.4163162726685665,
        "theoretical_peak_count": 71,
        "peak_density": 0.8352941176470589,
        "median_gap_deg": 0.6781368255615234,
        "crowded_fraction": 0.34285714285714286,
        "isolated_fraction": 0.2714285714285714,
        "simple_topology": false,
        "preferred_po_axis": [
          1,
          0,
          0
        ],
        "fluorescence_bucket": "none",
        "absorption_bucket": "heavy"
      },
      "attempt": 1,
      "donor_rows": {
        "instrument": "1191__opxrd_000584__H1_Mg1_O1",
        "chemistry": "0088__rruff_R040178-1__Na2_O4_S1",
        "microstructure": "0391__rruff_R060042-1__As1_Mg1_O8",
        "orientation": "0088__rruff_R040178-1__Na2_O4_S1",
        "background": "0034__rruff_R040062-1__Al1_H1_Li1_O5_P1"
      },
      "donor_rwp_percent": {
        "instrument": 5.159210709102735,
        "chemistry": 28.76319790374425,
        "microstructure": 18.11520983114812,
        "orientation": 28.76319790374425,
        "background": 11.022858425713888
      },
      "donor_peak_window_rwp": {
        "instrument": 5.48784949745101,
        "chemistry": 23.51930657976824,
        "microstructure": 17.897348265328343,
        "orientation": 23.51930657976824,
        "background": 14.643991072056355
      },
      "selected_sample_code": "1191__opxrd_000584__H1_Mg1_O1",
      "selected_peak_window_rwp": 5.48784949745101,
      "selected_peak_window_pearson": 0.9997162154875435,
      "selected_background_fraction": 0.46147333155022985
    },
    "original_sample_dir": "Np_SG62",
    "original_cif_path": "phase.cif",
    "original_generated_xy_path": "generated.xy",
    "original_generation_params_json": "generation_params.json",
    "original_generation_quality_json": "generation_quality.json"
  },
  "quality": {
    "note": "These are theory-vs-generated synthetic quality indicators plus donor-template quality provenance. They are not Rietveld fit-to-experiment outputs.",
    "theory_vs_generated": {
      "profile_pearson": 0.8322877464027214,
      "profile_cosine": 0.8113501361222352,
      "rmse": 4.00548078442608,
      "mae": 2.501439589679452,
      "background_fraction_generated": 3.236008942046099,
      "top_peak_count_used": 20,
      "top_peak_height_log_mae": 2.965454494265416,
      "top_peak_shift_abs_mean_deg": 0.09983982086181645,
      "peak_window_pearson": 0.8026510927537127,
      "peak_window_cosine": 0.8423131146133703
    },
    "donor_template_quality": {
      "selected_sample_code": "1191__opxrd_000584__H1_Mg1_O1",
      "selected_peak_window_rwp": 5.48784949745101,
      "selected_peak_window_pearson": 0.9997162154875435,
      "selected_background_fraction": 0.46147333155022985,
      "donor_rows": {
        "instrument": "1191__opxrd_000584__H1_Mg1_O1",
        "chemistry": "0088__rruff_R040178-1__Na2_O4_S1",
        "microstructure": "0391__rruff_R060042-1__As1_Mg1_O8",
        "orientation": "0088__rruff_R040178-1__Na2_O4_S1",
        "background": "0034__rruff_R040062-1__Al1_H1_Li1_O5_P1"
      },
      "donor_rwp_percent": {
        "instrument": 5.159210709102735,
        "chemistry": 28.76319790374425,
        "microstructure": 18.11520983114812,
        "orientation": 28.76319790374425,
        "background": 11.022858425713888
      },
      "donor_peak_window_rwp": {
        "instrument": 5.48784949745101,
        "chemistry": 23.51930657976824,
        "microstructure": 17.897348265328343,
        "orientation": 23.51930657976824,
        "background": 14.643991072056355
      }
    }
  },
  "generation_tier": "strict_core"
}
