{
  "sample_name": "NaSnAs_186",
  "phase_id": "cod_4003855",
  "formula": "NaSnAs",
  "space_group": 186,
  "space_group_symbol": "P6_3mc",
  "crystal_system": "hexagonal",
  "source_origin": "cod",
  "slot": "background",
  "formula_group_id": "As1|Na1|Sn1::sg::186",
  "descriptor": {
    "phase_id": "cod_4003855",
    "formula": "NaSnAs",
    "crystal_system": "hexagonal",
    "elements": [
      "As",
      "Na",
      "Sn"
    ],
    "density_g_cm3": 4.379754983633813,
    "avg_z": 31.333333333333332,
    "max_z": 50.0,
    "heavy_fraction": 0.3333333333333333,
    "transition_fraction": 0.0,
    "cell_lengths": [
      4.015,
      4.015,
      11.766
    ],
    "cell_angles": [
      90.0,
      90.0,
      119.99999999999999
    ],
    "cell_volume": 164.2595296753073,
    "cell_anisotropy": 2.930510585305106,
    "anisotropy_index": 1.930510585305106,
    "theoretical_peak_count": 39,
    "peak_density": 0.4588235294117647,
    "median_gap_deg": 1.2127933502197266,
    "crowded_fraction": 0.10526315789473684,
    "isolated_fraction": 0.5263157894736842,
    "simple_topology": false,
    "preferred_po_axis": [
      0,
      0,
      1
    ],
    "fluorescence_bucket": "moderate",
    "absorption_bucket": "heavy"
  },
  "generation": {
    "theta_min": 5.0,
    "theta_max": 90.0,
    "num_points": 8501,
    "template_rwp_percent": 11.800676499373662,
    "template_peak_window_rwp": 16.67151917078972,
    "template_peak_window_pearson": 0.9867544375397198,
    "synth_params": {
      "ka1": 1.5405929,
      "ka2": 1.5444274,
      "use_tch_profile": true,
      "sigma_scale": 0.915935817612402,
      "kb_ratio": 0.01500880233919089,
      "use_fcj_asymmetry": true,
      "detector_nonlinearity": 0.0,
      "use_ka2": true,
      "caglioti_u": 0.031390575609021656,
      "kb": 1.39225,
      "caglioti_w": 0.0018448797995058975,
      "detector_deadtime_coeff": 0.0,
      "axial_s_over_l": 0.0012,
      "sigma_min_deg": 0.008,
      "ka2_ratio": 0.48492173130236843,
      "caglioti_v": 0.007351125729718566,
      "sigma_deg": 0.01878969372542678,
      "use_kbeta": true,
      "beam_sample_ratio": 0.05,
      "fluorescence_level": 1.0,
      "muR": 0.05995239353388751,
      "trns": 0.03,
      "fluorescence_decay": 3.0,
      "lorentz_z": 0.0008092244694276425,
      "strain": 0.0008042135713188451,
      "pseudo_voigt_eta": 0.020010774191156322,
      "lorentz_size": 0.04,
      "macro_strain": -7.437150512546847e-08,
      "sample_displacement_sr": -0.00034450329987056254,
      "size_nm": 120.000000012,
      "delta_deg": -0.009912964306431212,
      "lorentz_strain": 0.01,
      "po_r": 1.0,
      "air_scatter_level": 1e-08,
      "b3": -0.1848624278005454,
      "scatter_sigma_deg": 6.0,
      "b4": 0.20595308036552476,
      "scatter_level": 1.2,
      "compton_level": 1e-08,
      "holder_scatter_center_deg": 15.0,
      "a": 2.456521703905162,
      "holder_scatter_level": 1e-08,
      "scatter_center_deg": 15.0,
      "b5": -1.0196444166448001e-06,
      "poisson_counts_max": 3119.5,
      "air_scatter_floor": 0.05,
      "b1": -4.44554467722384,
      "b0": 21.288767814184258,
      "b2": -1.9952642435986017,
      "holder_scatter_sigma_deg": 4.0,
      "po_hkl_axis": [
        0.0,
        1.0,
        0.0
      ],
      "final_normalize": true
    },
    "synth_sampling_meta": {
      "family_name": "background",
      "slot": "background",
      "source_family": "opxrd_like",
      "preferred_source_family": "opxrd_like",
      "descriptor": {
        "phase_id": "cod_4003855",
        "formula": "NaSnAs",
        "crystal_system": "hexagonal",
        "elements": [
          "As",
          "Na",
          "Sn"
        ],
        "density_g_cm3": 4.379754983633813,
        "avg_z": 31.333333333333332,
        "max_z": 50.0,
        "heavy_fraction": 0.3333333333333333,
        "transition_fraction": 0.0,
        "cell_lengths": [
          4.015,
          4.015,
          11.766
        ],
        "cell_angles": [
          90.0,
          90.0,
          119.99999999999999
        ],
        "cell_volume": 164.2595296753073,
        "cell_anisotropy": 2.930510585305106,
        "anisotropy_index": 1.930510585305106,
        "theoretical_peak_count": 39,
        "peak_density": 0.4588235294117647,
        "median_gap_deg": 1.2127933502197266,
        "crowded_fraction": 0.10526315789473684,
        "isolated_fraction": 0.5263157894736842,
        "simple_topology": false,
        "preferred_po_axis": [
          0,
          0,
          1
        ],
        "fluorescence_bucket": "moderate",
        "absorption_bucket": "heavy"
      },
      "attempt": 1,
      "donor_rows": {
        "instrument": "1191__opxrd_000584__H1_Mg1_O1",
        "chemistry": "0593__rruff_R070576-1__Be2_Na4_O20_Si6_Sn1",
        "microstructure": "0389__rruff_R060027-1__O1_Zn1",
        "orientation": "0438__rruff_R060285-1__Cl1_O12_P3_Pb5",
        "background": "1191__opxrd_000584__H1_Mg1_O1"
      },
      "donor_rwp_percent": {
        "instrument": 5.159210709102735,
        "chemistry": 9.858207442453974,
        "microstructure": 24.453222087676167,
        "orientation": 24.741040302746327,
        "background": 5.159210709102735
      },
      "donor_peak_window_rwp": {
        "instrument": 5.48784949745101,
        "chemistry": 13.521151339036324,
        "microstructure": 21.08501543119881,
        "orientation": 22.81647277914649,
        "background": 5.48784949745101
      },
      "selected_sample_code": "1191__opxrd_000584__H1_Mg1_O1",
      "selected_peak_window_rwp": 5.48784949745101,
      "selected_peak_window_pearson": 0.9997162154875435,
      "selected_background_fraction": 0.5127638626915709
    },
    "original_sample_dir": "NaSnAs_SG186",
    "original_cif_path": "phase.cif",
    "original_generated_xy_path": "generated.xy",
    "original_generation_params_json": "generation_params.json",
    "original_generation_quality_json": "generation_quality.json"
  },
  "quality": {
    "note": "These are theory-vs-generated synthetic quality indicators plus donor-template quality provenance. They are not Rietveld fit-to-experiment outputs.",
    "theory_vs_generated": {
      "profile_pearson": 0.882379751342401,
      "profile_cosine": 0.8312377691437685,
      "rmse": 4.315292892626492,
      "mae": 3.127820144414807,
      "background_fraction_generated": 5.5550924366742045,
      "top_peak_count_used": 20,
      "top_peak_height_log_mae": 13.98497386608165,
      "top_peak_shift_abs_mean_deg": 0.23931243896484364,
      "peak_window_pearson": 0.8761327741713854,
      "peak_window_cosine": 0.8704253660181828
    },
    "donor_template_quality": {
      "selected_sample_code": "1191__opxrd_000584__H1_Mg1_O1",
      "selected_peak_window_rwp": 5.48784949745101,
      "selected_peak_window_pearson": 0.9997162154875435,
      "selected_background_fraction": 0.5127638626915709,
      "donor_rows": {
        "instrument": "1191__opxrd_000584__H1_Mg1_O1",
        "chemistry": "0593__rruff_R070576-1__Be2_Na4_O20_Si6_Sn1",
        "microstructure": "0389__rruff_R060027-1__O1_Zn1",
        "orientation": "0438__rruff_R060285-1__Cl1_O12_P3_Pb5",
        "background": "1191__opxrd_000584__H1_Mg1_O1"
      },
      "donor_rwp_percent": {
        "instrument": 5.159210709102735,
        "chemistry": 9.858207442453974,
        "microstructure": 24.453222087676167,
        "orientation": 24.741040302746327,
        "background": 5.159210709102735
      },
      "donor_peak_window_rwp": {
        "instrument": 5.48784949745101,
        "chemistry": 13.521151339036324,
        "microstructure": 21.08501543119881,
        "orientation": 22.81647277914649,
        "background": 5.48784949745101
      }
    }
  },
  "generation_tier": "strict_core"
}
