{
  "sample_name": "Ce_12",
  "phase_id": "mp-567332",
  "formula": "Ce",
  "space_group": 12,
  "space_group_symbol": "C2/m",
  "crystal_system": "monoclinic",
  "source_origin": "materials_project",
  "slot": "background",
  "formula_group_id": "Ce1::sg::12",
  "descriptor": {
    "phase_id": "mp-567332",
    "formula": "Ce",
    "crystal_system": "monoclinic",
    "elements": [
      "Ce"
    ],
    "density_g_cm3": 9.159577885005083,
    "avg_z": 58.0,
    "max_z": 58.0,
    "heavy_fraction": 1.0,
    "transition_fraction": 0.0,
    "cell_lengths": [
      5.72021625,
      3.30411836,
      5.70436745
    ],
    "cell_angles": [
      90.0,
      109.53748771000001,
      90.0
    ],
    "cell_volume": 101.60646925081114,
    "cell_anisotropy": 1.7312382992236393,
    "anisotropy_index": 0.7312382992236393,
    "theoretical_peak_count": 41,
    "peak_density": 0.4823529411764706,
    "median_gap_deg": 0.034282684326171875,
    "crowded_fraction": 0.675,
    "isolated_fraction": 0.3,
    "simple_topology": false,
    "preferred_po_axis": [
      1,
      0,
      0
    ],
    "fluorescence_bucket": "moderate",
    "absorption_bucket": "heavy"
  },
  "generation": {
    "theta_min": 5.0,
    "theta_max": 90.0,
    "num_points": 8501,
    "template_rwp_percent": 15.143708118394594,
    "template_peak_window_rwp": 18.848401616478842,
    "template_peak_window_pearson": 0.9850067327473799,
    "synth_params": {
      "ka1": 1.5405929,
      "ka2": 1.5444274,
      "use_tch_profile": true,
      "sigma_scale": 0.915935817612402,
      "kb_ratio": 0.01500880233919089,
      "use_fcj_asymmetry": true,
      "detector_nonlinearity": 0.0,
      "use_ka2": true,
      "caglioti_u": 0.031390575609021656,
      "kb": 1.39225,
      "caglioti_w": 0.0018448797995058975,
      "detector_deadtime_coeff": 0.0,
      "axial_s_over_l": 0.0012,
      "sigma_min_deg": 0.008,
      "ka2_ratio": 0.48492173130236843,
      "caglioti_v": 0.007351125729718566,
      "sigma_deg": 0.01878969372542678,
      "use_kbeta": true,
      "beam_sample_ratio": 0.05,
      "fluorescence_level": 1.0,
      "muR": 0.05995239353388751,
      "trns": 0.03,
      "fluorescence_decay": 3.029176085234463,
      "lorentz_z": 1.0881410287103088e-08,
      "strain": 0.0006821290826702658,
      "pseudo_voigt_eta": 0.08884627282667243,
      "lorentz_size": 0.03,
      "macro_strain": 0.0004529141118534582,
      "sample_displacement_sr": -0.0004978401588785178,
      "size_nm": 180.0,
      "delta_deg": -0.009905166237445973,
      "lorentz_strain": 0.008,
      "po_r": 1.0,
      "air_scatter_level": 1.501158953682103,
      "b3": -0.05536103202125757,
      "scatter_sigma_deg": 2.347333188969133,
      "b4": 0.06479100568529257,
      "scatter_level": 3.8222211413863314,
      "compton_level": 0.5174223833004653,
      "holder_scatter_center_deg": 6.792553625677371,
      "a": 1.0,
      "holder_scatter_level": 0.993315928462235,
      "scatter_center_deg": 5.782749478211443,
      "b5": -0.00031619237958326215,
      "poisson_counts_max": 900.0,
      "air_scatter_floor": 0.0425399607763052,
      "b1": 1.6430510472685786,
      "b0": 2.020822166094181,
      "b2": -0.927424680572154,
      "holder_scatter_sigma_deg": 3.0359214822212452,
      "po_hkl_axis": [
        0.0,
        1.0,
        0.0
      ],
      "final_normalize": true
    },
    "synth_sampling_meta": {
      "family_name": "background",
      "slot": "background",
      "source_family": "opxrd_like",
      "preferred_source_family": "opxrd_like",
      "descriptor": {
        "phase_id": "mp-567332",
        "formula": "Ce",
        "crystal_system": "monoclinic",
        "elements": [
          "Ce"
        ],
        "density_g_cm3": 9.159577885005083,
        "avg_z": 58.0,
        "max_z": 58.0,
        "heavy_fraction": 1.0,
        "transition_fraction": 0.0,
        "cell_lengths": [
          5.72021625,
          3.30411836,
          5.70436745
        ],
        "cell_angles": [
          90.0,
          109.53748771000001,
          90.0
        ],
        "cell_volume": 101.60646925081114,
        "cell_anisotropy": 1.7312382992236393,
        "anisotropy_index": 0.7312382992236393,
        "theoretical_peak_count": 41,
        "peak_density": 0.4823529411764706,
        "median_gap_deg": 0.034282684326171875,
        "crowded_fraction": 0.675,
        "isolated_fraction": 0.3,
        "simple_topology": false,
        "preferred_po_axis": [
          1,
          0,
          0
        ],
        "fluorescence_bucket": "moderate",
        "absorption_bucket": "heavy"
      },
      "attempt": 1,
      "donor_rows": {
        "instrument": "1191__opxrd_000584__H1_Mg1_O1",
        "chemistry": "0593__rruff_R070576-1__Be2_Na4_O20_Si6_Sn1",
        "microstructure": "0210__rruff_R050271-1__Cl1_H1_O1_Pb1",
        "orientation": "0322__rruff_R050504-1__Al3_H4_Na1_O12_P2",
        "background": "0328__rruff_R050520-1__Be1_Ca1_O5_P1"
      },
      "donor_rwp_percent": {
        "instrument": 5.159210709102735,
        "chemistry": 9.858207442453974,
        "microstructure": 25.338439575433597,
        "orientation": 11.633403992332628,
        "background": 13.16757170747424
      },
      "donor_peak_window_rwp": {
        "instrument": 5.48784949745101,
        "chemistry": 13.521151339036324,
        "microstructure": 23.05752320588076,
        "orientation": 16.797295087846315,
        "background": 18.431471601339165
      },
      "selected_sample_code": "1191__opxrd_000584__H1_Mg1_O1",
      "selected_peak_window_rwp": 5.48784949745101,
      "selected_peak_window_pearson": 0.9997162154875435,
      "selected_background_fraction": 0.5408105689442085
    },
    "original_sample_dir": "Ce_SG12",
    "original_cif_path": "phase.cif",
    "original_generated_xy_path": "generated.xy",
    "original_generation_params_json": "generation_params.json",
    "original_generation_quality_json": "generation_quality.json"
  },
  "quality": {
    "note": "These are theory-vs-generated synthetic quality indicators plus donor-template quality provenance. They are not Rietveld fit-to-experiment outputs.",
    "theory_vs_generated": {
      "profile_pearson": 0.9342531618692861,
      "profile_cosine": 0.9226052092341898,
      "rmse": 2.2649815625317884,
      "mae": 1.1282149483123722,
      "background_fraction_generated": 3.9356430007944465,
      "top_peak_count_used": 20,
      "top_peak_height_log_mae": 0.3553325621915021,
      "top_peak_shift_abs_mean_deg": 0.06787873077392703,
      "peak_window_pearson": 0.9293503731434304,
      "peak_window_cosine": 0.9349694093774221
    },
    "donor_template_quality": {
      "selected_sample_code": "1191__opxrd_000584__H1_Mg1_O1",
      "selected_peak_window_rwp": 5.48784949745101,
      "selected_peak_window_pearson": 0.9997162154875435,
      "selected_background_fraction": 0.5408105689442085,
      "donor_rows": {
        "instrument": "1191__opxrd_000584__H1_Mg1_O1",
        "chemistry": "0593__rruff_R070576-1__Be2_Na4_O20_Si6_Sn1",
        "microstructure": "0210__rruff_R050271-1__Cl1_H1_O1_Pb1",
        "orientation": "0322__rruff_R050504-1__Al3_H4_Na1_O12_P2",
        "background": "0328__rruff_R050520-1__Be1_Ca1_O5_P1"
      },
      "donor_rwp_percent": {
        "instrument": 5.159210709102735,
        "chemistry": 9.858207442453974,
        "microstructure": 25.338439575433597,
        "orientation": 11.633403992332628,
        "background": 13.16757170747424
      },
      "donor_peak_window_rwp": {
        "instrument": 5.48784949745101,
        "chemistry": 13.521151339036324,
        "microstructure": 23.05752320588076,
        "orientation": 16.797295087846315,
        "background": 18.431471601339165
      }
    }
  },
  "generation_tier": "strict_core"
}
