{
  "sample_name": "AlTlO2_166",
  "phase_id": "cod_7223713",
  "formula": "AlTlO2",
  "space_group": 166,
  "space_group_symbol": "R-3m",
  "crystal_system": "trigonal",
  "source_origin": "cod",
  "slot": "background",
  "formula_group_id": "Al1|O2|Tl1::sg::166",
  "descriptor": {
    "phase_id": "cod_7223713",
    "formula": "AlTlO2",
    "crystal_system": "trigonal",
    "elements": [
      "Al",
      "O",
      "Tl"
    ],
    "density_g_cm3": 7.337327247981775,
    "avg_z": 27.5,
    "max_z": 81.0,
    "heavy_fraction": 0.25,
    "transition_fraction": 0.0,
    "cell_lengths": [
      5.431,
      5.431,
      14.0
    ],
    "cell_angles": [
      90.0,
      90.0,
      119.99999999999999
    ],
    "cell_volume": 357.61709661936027,
    "cell_anisotropy": 2.5777941447247286,
    "anisotropy_index": 1.5777941447247286,
    "theoretical_peak_count": 45,
    "peak_density": 0.5294117647058824,
    "median_gap_deg": 1.0290031433105469,
    "crowded_fraction": 0.11363636363636363,
    "isolated_fraction": 0.4090909090909091,
    "simple_topology": false,
    "preferred_po_axis": [
      0,
      0,
      1
    ],
    "fluorescence_bucket": "none",
    "absorption_bucket": "heavy"
  },
  "generation": {
    "theta_min": 5.0,
    "theta_max": 90.0,
    "num_points": 8501,
    "template_rwp_percent": 8.894243026156627,
    "template_peak_window_rwp": 11.562371080606463,
    "template_peak_window_pearson": 0.9970396627337116,
    "synth_params": {
      "ka1": 1.5405929,
      "ka2": 1.5444274,
      "use_tch_profile": true,
      "sigma_scale": 0.915935817612402,
      "kb_ratio": 0.01500880233919089,
      "use_fcj_asymmetry": true,
      "detector_nonlinearity": 0.0,
      "use_ka2": true,
      "caglioti_u": 0.031390575609021656,
      "kb": 1.39225,
      "caglioti_w": 0.0018448797995058975,
      "detector_deadtime_coeff": 0.0,
      "axial_s_over_l": 0.0012,
      "sigma_min_deg": 0.008,
      "ka2_ratio": 0.48492173130236843,
      "caglioti_v": 0.007351125729718566,
      "sigma_deg": 0.01878969372542678,
      "use_kbeta": true,
      "beam_sample_ratio": 0.05,
      "fluorescence_level": 0.0,
      "muR": 0.04,
      "trns": 0.0,
      "fluorescence_decay": 3.0,
      "lorentz_z": 1.3755658133539465e-09,
      "strain": 3.0069090632986044e-07,
      "pseudo_voigt_eta": 0.1824266572639238,
      "lorentz_size": 0.00013932710780288027,
      "macro_strain": 0.00020497921457554274,
      "sample_displacement_sr": -0.0006286545107709283,
      "size_nm": 160.81704941981906,
      "delta_deg": -0.005107313753983472,
      "lorentz_strain": 0.003957575599243349,
      "po_r": 1.0,
      "air_scatter_level": 1.0620226493266718,
      "b3": 0.06477202067221789,
      "scatter_sigma_deg": 8.626581882942178,
      "b4": 0.06528002471603768,
      "scatter_level": 4.0960318067685195,
      "compton_level": 0.018260490246119785,
      "holder_scatter_center_deg": 8.733630486426796,
      "a": 2.7860400406715473,
      "holder_scatter_level": 1.748677487426722,
      "scatter_center_deg": 3.8378658127202927,
      "b5": 2.4817244509620853e-06,
      "poisson_counts_max": 2517.7,
      "air_scatter_floor": 0.023676712864369537,
      "b1": -1.9302030990920167,
      "b0": -1.304914537860174,
      "b2": 1.2713466601275605,
      "holder_scatter_sigma_deg": 1.4457971233688056,
      "po_hkl_axis": [
        0.0,
        1.0,
        0.0
      ],
      "final_normalize": true
    },
    "synth_sampling_meta": {
      "family_name": "background",
      "slot": "background",
      "source_family": "opxrd_like",
      "preferred_source_family": "opxrd_like",
      "descriptor": {
        "phase_id": "cod_7223713",
        "formula": "AlTlO2",
        "crystal_system": "trigonal",
        "elements": [
          "Al",
          "O",
          "Tl"
        ],
        "density_g_cm3": 7.337327247981775,
        "avg_z": 27.5,
        "max_z": 81.0,
        "heavy_fraction": 0.25,
        "transition_fraction": 0.0,
        "cell_lengths": [
          5.431,
          5.431,
          14.0
        ],
        "cell_angles": [
          90.0,
          90.0,
          119.99999999999999
        ],
        "cell_volume": 357.61709661936027,
        "cell_anisotropy": 2.5777941447247286,
        "anisotropy_index": 1.5777941447247286,
        "theoretical_peak_count": 45,
        "peak_density": 0.5294117647058824,
        "median_gap_deg": 1.0290031433105469,
        "crowded_fraction": 0.11363636363636363,
        "isolated_fraction": 0.4090909090909091,
        "simple_topology": false,
        "preferred_po_axis": [
          0,
          0,
          1
        ],
        "fluorescence_bucket": "none",
        "absorption_bucket": "heavy"
      },
      "attempt": 1,
      "donor_rows": {
        "instrument": "1191__opxrd_000584__H1_Mg1_O1",
        "chemistry": "0066__rruff_R040126-1__C4_Ca1_Mg3_O12",
        "microstructure": "0055__rruff_R040096-1__Al2_O3",
        "orientation": "0385__rruff_R060020-1__Al2_O3",
        "background": "0415__rruff_R060150-1__Ca13_F10_H12_O34_Si10"
      },
      "donor_rwp_percent": {
        "instrument": 5.159210709102735,
        "chemistry": 8.894243026156627,
        "microstructure": 27.39764306881764,
        "orientation": 26.257958244816827,
        "background": 8.00315190123515
      },
      "donor_peak_window_rwp": {
        "instrument": 5.48784949745101,
        "chemistry": 11.562371080606463,
        "microstructure": 19.68412564775285,
        "orientation": 19.032257431869365,
        "background": 11.357098944708872
      },
      "selected_sample_code": "1191__opxrd_000584__H1_Mg1_O1",
      "selected_peak_window_rwp": 5.48784949745101,
      "selected_peak_window_pearson": 0.9997162154875435,
      "selected_background_fraction": 0.11764110715388022
    },
    "original_sample_dir": "AlTlO2_SG166",
    "original_cif_path": "phase.cif",
    "original_generated_xy_path": "generated.xy",
    "original_generation_params_json": "generation_params.json",
    "original_generation_quality_json": "generation_quality.json"
  },
  "quality": {
    "note": "These are theory-vs-generated synthetic quality indicators plus donor-template quality provenance. They are not Rietveld fit-to-experiment outputs.",
    "theory_vs_generated": {
      "profile_pearson": 0.7917507841541102,
      "profile_cosine": 0.7986925408368594,
      "rmse": 4.080461115603745,
      "mae": 1.1365655951987383,
      "background_fraction_generated": 0.6081989990743324,
      "top_peak_count_used": 20,
      "top_peak_height_log_mae": 0.10949824845128826,
      "top_peak_shift_abs_mean_deg": 0.08204830169677599,
      "peak_window_pearson": 0.7530941387040221,
      "peak_window_cosine": 0.8002300046432275
    },
    "donor_template_quality": {
      "selected_sample_code": "1191__opxrd_000584__H1_Mg1_O1",
      "selected_peak_window_rwp": 5.48784949745101,
      "selected_peak_window_pearson": 0.9997162154875435,
      "selected_background_fraction": 0.11764110715388022,
      "donor_rows": {
        "instrument": "1191__opxrd_000584__H1_Mg1_O1",
        "chemistry": "0066__rruff_R040126-1__C4_Ca1_Mg3_O12",
        "microstructure": "0055__rruff_R040096-1__Al2_O3",
        "orientation": "0385__rruff_R060020-1__Al2_O3",
        "background": "0415__rruff_R060150-1__Ca13_F10_H12_O34_Si10"
      },
      "donor_rwp_percent": {
        "instrument": 5.159210709102735,
        "chemistry": 8.894243026156627,
        "microstructure": 27.39764306881764,
        "orientation": 26.257958244816827,
        "background": 8.00315190123515
      },
      "donor_peak_window_rwp": {
        "instrument": 5.48784949745101,
        "chemistry": 11.562371080606463,
        "microstructure": 19.68412564775285,
        "orientation": 19.032257431869365,
        "background": 11.357098944708872
      }
    }
  },
  "generation_tier": "strict_core"
}
