{
  "sample_name": "Fe(NF2)3_216",
  "phase_id": "cod_1010085",
  "formula": "Fe(NF2)3",
  "space_group": 216,
  "space_group_symbol": "F-43m",
  "crystal_system": "cubic",
  "source_origin": "cod",
  "slot": "background",
  "formula_group_id": "F6|Fe1|N3::sg::216",
  "descriptor": {
    "phase_id": "cod_1010085",
    "formula": "Fe(NF2)3",
    "crystal_system": "cubic",
    "elements": [
      "F",
      "Fe",
      "N"
    ],
    "density_g_cm3": 1.8673455671618526,
    "avg_z": 10.1,
    "max_z": 26.0,
    "heavy_fraction": 0.0,
    "transition_fraction": 0.1,
    "cell_lengths": [
      9.1,
      9.1,
      9.1
    ],
    "cell_angles": [
      90.0,
      90.0,
      90.0
    ],
    "cell_volume": 753.5709999999999,
    "cell_anisotropy": 1.0,
    "anisotropy_index": 0.0,
    "theoretical_peak_count": 24,
    "peak_density": 0.2823529411764706,
    "median_gap_deg": 2.887359619140625,
    "crowded_fraction": 0.0,
    "isolated_fraction": 0.782608695652174,
    "simple_topology": true,
    "preferred_po_axis": [
      0,
      0,
      1
    ],
    "fluorescence_bucket": "high",
    "absorption_bucket": "medium"
  },
  "generation": {
    "theta_min": 5.0,
    "theta_max": 90.0,
    "num_points": 8501,
    "template_rwp_percent": 10.768191488948645,
    "template_peak_window_rwp": 15.790698905860124,
    "template_peak_window_pearson": 0.9939831093215756,
    "synth_params": {
      "ka1": 1.5405929,
      "ka2": 1.5444274,
      "use_tch_profile": true,
      "sigma_scale": 0.915935817612402,
      "kb_ratio": 0.01500880233919089,
      "use_fcj_asymmetry": true,
      "detector_nonlinearity": 0.0,
      "use_ka2": true,
      "caglioti_u": 0.031390575609021656,
      "kb": 1.39225,
      "caglioti_w": 0.0018448797995058975,
      "detector_deadtime_coeff": 0.0,
      "axial_s_over_l": 0.0012,
      "sigma_min_deg": 0.008,
      "ka2_ratio": 0.48492173130236843,
      "caglioti_v": 0.007351125729718566,
      "sigma_deg": 0.01878969372542678,
      "use_kbeta": true,
      "beam_sample_ratio": 0.05,
      "fluorescence_level": 2.0,
      "muR": 0.085,
      "trns": 0.0036760375380327564,
      "fluorescence_decay": 3.0,
      "lorentz_z": 9.999183092597127e-09,
      "strain": 0.0019532790185677255,
      "pseudo_voigt_eta": 0.3469797754382459,
      "lorentz_size": 9.53494733630597e-05,
      "macro_strain": 0.00046701964471467736,
      "sample_displacement_sr": -0.00024604722032811214,
      "size_nm": 328.5952238018651,
      "delta_deg": -0.011596472898346758,
      "lorentz_strain": 0.01,
      "po_r": 1.0,
      "air_scatter_level": 1e-08,
      "b3": -0.1848624278005454,
      "scatter_sigma_deg": 6.0,
      "b4": 0.20595308036552476,
      "scatter_level": 1.2,
      "compton_level": 1e-08,
      "holder_scatter_center_deg": 15.0,
      "a": 2.456521703905162,
      "holder_scatter_level": 1e-08,
      "scatter_center_deg": 15.0,
      "b5": -1.0196444166448001e-06,
      "poisson_counts_max": 3119.5,
      "air_scatter_floor": 0.05,
      "b1": -4.44554467722384,
      "b0": 21.288767814184258,
      "b2": -1.9952642435986017,
      "holder_scatter_sigma_deg": 4.0,
      "po_hkl_axis": [
        0.0,
        1.0,
        0.0
      ],
      "final_normalize": true
    },
    "synth_sampling_meta": {
      "family_name": "background",
      "slot": "background",
      "source_family": "opxrd_like",
      "preferred_source_family": "opxrd_like",
      "descriptor": {
        "phase_id": "cod_1010085",
        "formula": "Fe(NF2)3",
        "crystal_system": "cubic",
        "elements": [
          "F",
          "Fe",
          "N"
        ],
        "density_g_cm3": 1.8673455671618526,
        "avg_z": 10.1,
        "max_z": 26.0,
        "heavy_fraction": 0.0,
        "transition_fraction": 0.1,
        "cell_lengths": [
          9.1,
          9.1,
          9.1
        ],
        "cell_angles": [
          90.0,
          90.0,
          90.0
        ],
        "cell_volume": 753.5709999999999,
        "cell_anisotropy": 1.0,
        "anisotropy_index": 0.0,
        "theoretical_peak_count": 24,
        "peak_density": 0.2823529411764706,
        "median_gap_deg": 2.887359619140625,
        "crowded_fraction": 0.0,
        "isolated_fraction": 0.782608695652174,
        "simple_topology": true,
        "preferred_po_axis": [
          0,
          0,
          1
        ],
        "fluorescence_bucket": "high",
        "absorption_bucket": "medium"
      },
      "attempt": 1,
      "donor_rows": {
        "instrument": "1191__opxrd_000584__H1_Mg1_O1",
        "chemistry": "0080__rruff_R040168-1__Al2_Fe3_O12_Si3",
        "microstructure": "0263__rruff_R050383-1__As2_O3",
        "orientation": "0574__rruff_R070304-1__As1_Ni1_S1",
        "background": "1191__opxrd_000584__H1_Mg1_O1"
      },
      "donor_rwp_percent": {
        "instrument": 5.159210709102735,
        "chemistry": 9.54789840237016,
        "microstructure": 17.41046189245676,
        "orientation": 10.288086505008508,
        "background": 5.159210709102735
      },
      "donor_peak_window_rwp": {
        "instrument": 5.48784949745101,
        "chemistry": 9.416748231634234,
        "microstructure": 12.218284496370515,
        "orientation": 11.23083456145956,
        "background": 5.48784949745101
      },
      "selected_sample_code": "1191__opxrd_000584__H1_Mg1_O1",
      "selected_peak_window_rwp": 5.48784949745101,
      "selected_peak_window_pearson": 0.9997162154875435,
      "selected_background_fraction": 0.5127638626915709
    },
    "original_sample_dir": "Fe(NF2)3_SG216",
    "original_cif_path": "phase.cif",
    "original_generated_xy_path": "generated.xy",
    "original_generation_params_json": "generation_params.json",
    "original_generation_quality_json": "generation_quality.json"
  },
  "quality": {
    "note": "These are theory-vs-generated synthetic quality indicators plus donor-template quality provenance. They are not Rietveld fit-to-experiment outputs.",
    "theory_vs_generated": {
      "profile_pearson": 0.9498120764468048,
      "profile_cosine": 0.8891432429904361,
      "rmse": 2.7821676317071415,
      "mae": 2.2346171990534693,
      "background_fraction_generated": 8.254415964392493,
      "top_peak_count_used": 20,
      "top_peak_height_log_mae": 16.86014784469964,
      "top_peak_shift_abs_mean_deg": 0.29445620346069196,
      "peak_window_pearson": 0.9522374886945769,
      "peak_window_cosine": 0.9353122127829352
    },
    "donor_template_quality": {
      "selected_sample_code": "1191__opxrd_000584__H1_Mg1_O1",
      "selected_peak_window_rwp": 5.48784949745101,
      "selected_peak_window_pearson": 0.9997162154875435,
      "selected_background_fraction": 0.5127638626915709,
      "donor_rows": {
        "instrument": "1191__opxrd_000584__H1_Mg1_O1",
        "chemistry": "0080__rruff_R040168-1__Al2_Fe3_O12_Si3",
        "microstructure": "0263__rruff_R050383-1__As2_O3",
        "orientation": "0574__rruff_R070304-1__As1_Ni1_S1",
        "background": "1191__opxrd_000584__H1_Mg1_O1"
      },
      "donor_rwp_percent": {
        "instrument": 5.159210709102735,
        "chemistry": 9.54789840237016,
        "microstructure": 17.41046189245676,
        "orientation": 10.288086505008508,
        "background": 5.159210709102735
      },
      "donor_peak_window_rwp": {
        "instrument": 5.48784949745101,
        "chemistry": 9.416748231634234,
        "microstructure": 12.218284496370515,
        "orientation": 11.23083456145956,
        "background": 5.48784949745101
      }
    }
  },
  "generation_tier": "strict_core"
}
