{
  "sample_name": "Zn5P6O37_2",
  "phase_id": "cod_1007252",
  "formula": "Zn5P6O37",
  "space_group": 2,
  "space_group_symbol": "P-1",
  "crystal_system": "triclinic",
  "source_origin": "cod",
  "slot": "background",
  "formula_group_id": "O37|P6|Zn5::sg::2",
  "descriptor": {
    "phase_id": "cod_1007252",
    "formula": "Zn5P6O37",
    "crystal_system": "triclinic",
    "elements": [
      "O",
      "P",
      "Zn"
    ],
    "density_g_cm3": 2.3546575972703954,
    "avg_z": 11.166666666666666,
    "max_z": 30.0,
    "heavy_fraction": 0.0,
    "transition_fraction": 0.10416666666666667,
    "cell_lengths": [
      8.525,
      10.316,
      10.52493403
    ],
    "cell_angles": [
      92.93784956,
      112.11020556000001,
      111.39000000000001
    ],
    "cell_volume": 779.1672633123593,
    "cell_anisotropy": 1.2345963671554252,
    "anisotropy_index": 0.2345963671554252,
    "theoretical_peak_count": 1205,
    "peak_density": 14.176470588235293,
    "median_gap_deg": 0.03505897521972656,
    "crowded_fraction": 0.9817275747508306,
    "isolated_fraction": 0.0033222591362126247,
    "simple_topology": false,
    "preferred_po_axis": [
      0,
      0,
      1
    ],
    "fluorescence_bucket": "moderate",
    "absorption_bucket": "medium"
  },
  "generation": {
    "theta_min": 5.0,
    "theta_max": 90.0,
    "num_points": 8501,
    "template_rwp_percent": 8.53343511482624,
    "template_peak_window_rwp": 10.947597456277766,
    "template_peak_window_pearson": 0.9937093537065375,
    "synth_params": {
      "ka1": 1.5405929,
      "ka2": 1.5444274,
      "use_tch_profile": true,
      "sigma_scale": 0.915935817612402,
      "kb_ratio": 0.01500880233919089,
      "use_fcj_asymmetry": true,
      "detector_nonlinearity": 0.0,
      "use_ka2": true,
      "caglioti_u": 0.031390575609021656,
      "kb": 1.39225,
      "caglioti_w": 0.0018448797995058975,
      "detector_deadtime_coeff": 0.0,
      "axial_s_over_l": 0.0012,
      "sigma_min_deg": 0.008,
      "ka2_ratio": 0.48492173130236843,
      "caglioti_v": 0.007351125729718566,
      "sigma_deg": 0.01878969372542678,
      "use_kbeta": true,
      "beam_sample_ratio": 0.05,
      "fluorescence_level": 1.0,
      "muR": 0.01,
      "trns": 0.08,
      "fluorescence_decay": 2.9999999999708336,
      "lorentz_z": 0.0019205375737830783,
      "strain": 2.4192625411246928e-05,
      "pseudo_voigt_eta": -0.0048328070189086565,
      "lorentz_size": 0.03,
      "macro_strain": 0.0,
      "sample_displacement_sr": -0.0005954189482388823,
      "size_nm": 180.0,
      "delta_deg": -0.009759073331821494,
      "lorentz_strain": 0.00773370938832805,
      "po_r": 1.0,
      "air_scatter_level": 80.9177678202861,
      "b3": -10.224985780202408,
      "scatter_sigma_deg": 2.2481002150830967,
      "b4": 6.90333967157977,
      "scatter_level": 59.01010653386529,
      "compton_level": 29.989056261452916,
      "holder_scatter_center_deg": 13.639865725534495,
      "a": 9.234926294909918,
      "holder_scatter_level": 76.0247422648156,
      "scatter_center_deg": 4.543052900333561,
      "b5": -0.6387656729652234,
      "poisson_counts_max": 6418.349999999999,
      "air_scatter_floor": 0.04664022827648557,
      "b1": 58.58361815232062,
      "b0": 60.3410218408385,
      "b2": -8.155236974614409,
      "holder_scatter_sigma_deg": 2.2654616245149013,
      "po_hkl_axis": [
        0.0,
        1.0,
        0.0
      ],
      "final_normalize": true
    },
    "synth_sampling_meta": {
      "family_name": "background",
      "slot": "background",
      "source_family": "opxrd_like",
      "preferred_source_family": "opxrd_like",
      "descriptor": {
        "phase_id": "cod_1007252",
        "formula": "Zn5P6O37",
        "crystal_system": "triclinic",
        "elements": [
          "O",
          "P",
          "Zn"
        ],
        "density_g_cm3": 2.3546575972703954,
        "avg_z": 11.166666666666666,
        "max_z": 30.0,
        "heavy_fraction": 0.0,
        "transition_fraction": 0.10416666666666667,
        "cell_lengths": [
          8.525,
          10.316,
          10.52493403
        ],
        "cell_angles": [
          92.93784956,
          112.11020556000001,
          111.39000000000001
        ],
        "cell_volume": 779.1672633123593,
        "cell_anisotropy": 1.2345963671554252,
        "anisotropy_index": 0.2345963671554252,
        "theoretical_peak_count": 1205,
        "peak_density": 14.176470588235293,
        "median_gap_deg": 0.03505897521972656,
        "crowded_fraction": 0.9817275747508306,
        "isolated_fraction": 0.0033222591362126247,
        "simple_topology": false,
        "preferred_po_axis": [
          0,
          0,
          1
        ],
        "fluorescence_bucket": "moderate",
        "absorption_bucket": "medium"
      },
      "attempt": 1,
      "donor_rows": {
        "instrument": "1191__opxrd_000584__H1_Mg1_O1",
        "chemistry": "0416__rruff_R060151-1__Ca2_Nb2_O7",
        "microstructure": "0034__rruff_R040062-1__Al1_H1_Li1_O5_P1",
        "orientation": "1191__opxrd_000584__H1_Mg1_O1",
        "background": "0617__rruff_R200013__Ag1_Te1"
      },
      "donor_rwp_percent": {
        "instrument": 5.159210709102735,
        "chemistry": 10.768191488948645,
        "microstructure": 11.022858425713888,
        "orientation": 5.159210709102735,
        "background": 10.842870596894375
      },
      "donor_peak_window_rwp": {
        "instrument": 5.48784949745101,
        "chemistry": 15.790698905860124,
        "microstructure": 14.643991072056355,
        "orientation": 5.48784949745101,
        "background": 9.019290975003878
      },
      "selected_sample_code": "1191__opxrd_000584__H1_Mg1_O1",
      "selected_peak_window_rwp": 5.48784949745101,
      "selected_peak_window_pearson": 0.9997162154875435,
      "selected_background_fraction": 0.6784375208176332
    },
    "original_sample_dir": "Zn5P6O37_SG2",
    "original_cif_path": "phase.cif",
    "original_generated_xy_path": "generated.xy",
    "original_generation_params_json": "generation_params.json",
    "original_generation_quality_json": "generation_quality.json"
  },
  "quality": {
    "note": "These are theory-vs-generated synthetic quality indicators plus donor-template quality provenance. They are not Rietveld fit-to-experiment outputs.",
    "theory_vs_generated": {
      "profile_pearson": 0.7498600422674823,
      "profile_cosine": 0.7296844337183457,
      "rmse": 5.594910854600791,
      "mae": 4.550223243293402,
      "background_fraction_generated": 41.67470235035162,
      "top_peak_count_used": 20,
      "top_peak_height_log_mae": 21.390549386113907,
      "top_peak_shift_abs_mean_deg": 0.3446533603668211,
      "peak_window_pearson": 0.7234434886020438,
      "peak_window_cosine": 0.7913032950084963
    },
    "donor_template_quality": {
      "selected_sample_code": "1191__opxrd_000584__H1_Mg1_O1",
      "selected_peak_window_rwp": 5.48784949745101,
      "selected_peak_window_pearson": 0.9997162154875435,
      "selected_background_fraction": 0.6784375208176332,
      "donor_rows": {
        "instrument": "1191__opxrd_000584__H1_Mg1_O1",
        "chemistry": "0416__rruff_R060151-1__Ca2_Nb2_O7",
        "microstructure": "0034__rruff_R040062-1__Al1_H1_Li1_O5_P1",
        "orientation": "1191__opxrd_000584__H1_Mg1_O1",
        "background": "0617__rruff_R200013__Ag1_Te1"
      },
      "donor_rwp_percent": {
        "instrument": 5.159210709102735,
        "chemistry": 10.768191488948645,
        "microstructure": 11.022858425713888,
        "orientation": 5.159210709102735,
        "background": 10.842870596894375
      },
      "donor_peak_window_rwp": {
        "instrument": 5.48784949745101,
        "chemistry": 15.790698905860124,
        "microstructure": 14.643991072056355,
        "orientation": 5.48784949745101,
        "background": 9.019290975003878
      }
    }
  },
  "generation_tier": "strict_core"
}
