{
  "sample_name": "BaO10_14",
  "phase_id": "mp-1198148",
  "formula": "BaO10",
  "space_group": 14,
  "space_group_symbol": "P2_1/c",
  "crystal_system": "monoclinic",
  "source_origin": "materials_project",
  "slot": "background",
  "formula_group_id": "Ba1|O10::sg::14",
  "descriptor": {
    "phase_id": "mp-1198148",
    "formula": "BaO10",
    "crystal_system": "monoclinic",
    "elements": [
      "Ba",
      "O"
    ],
    "density_g_cm3": 2.5420376097776383,
    "avg_z": 12.363636363636363,
    "max_z": 56.0,
    "heavy_fraction": 0.09090909090909091,
    "transition_fraction": 0.0,
    "cell_lengths": [
      10.67015696,
      7.903329,
      9.97570826
    ],
    "cell_angles": [
      90.0,
      112.55955291,
      90.0
    ],
    "cell_volume": 776.8777843590602,
    "cell_anisotropy": 1.3500838646600692,
    "anisotropy_index": 0.35008386466006924,
    "theoretical_peak_count": 624,
    "peak_density": 7.341176470588235,
    "median_gap_deg": 0.06440353393554688,
    "crowded_fraction": 0.9293739967897271,
    "isolated_fraction": 0.006420545746388443,
    "simple_topology": false,
    "preferred_po_axis": [
      1,
      0,
      0
    ],
    "fluorescence_bucket": "moderate",
    "absorption_bucket": "medium"
  },
  "generation": {
    "theta_min": 5.0,
    "theta_max": 90.0,
    "num_points": 8501,
    "template_rwp_percent": 15.143708118394594,
    "template_peak_window_rwp": 18.848401616478842,
    "template_peak_window_pearson": 0.9850067327473799,
    "synth_params": {
      "ka1": 1.5405929,
      "ka2": 1.5444274,
      "use_tch_profile": true,
      "sigma_scale": 0.915935817612402,
      "kb_ratio": 0.01500880233919089,
      "use_fcj_asymmetry": true,
      "detector_nonlinearity": 0.0,
      "use_ka2": true,
      "caglioti_u": 0.031390575609021656,
      "kb": 1.39225,
      "caglioti_w": 0.0018448797995058975,
      "detector_deadtime_coeff": 0.0,
      "axial_s_over_l": 0.0012,
      "sigma_min_deg": 0.008,
      "ka2_ratio": 0.48492173130236843,
      "caglioti_v": 0.007351125729718566,
      "sigma_deg": 0.01878969372542678,
      "use_kbeta": true,
      "beam_sample_ratio": 0.05,
      "fluorescence_level": 1.0,
      "muR": 0.01,
      "trns": 0.08,
      "fluorescence_decay": 2.9999999999708336,
      "lorentz_z": 9.999999710217413e-09,
      "strain": 0.0013335595215187993,
      "pseudo_voigt_eta": -0.04980077989681021,
      "lorentz_size": 0.03,
      "macro_strain": 0.0,
      "sample_displacement_sr": -0.0008597662925597733,
      "size_nm": 180.0,
      "delta_deg": -0.009730343845385396,
      "lorentz_strain": 0.004293731372071608,
      "po_r": 1.0,
      "air_scatter_level": 80.9177678202861,
      "b3": -10.224985780202408,
      "scatter_sigma_deg": 2.2481002150830967,
      "b4": 6.90333967157977,
      "scatter_level": 59.01010653386529,
      "compton_level": 29.989056261452916,
      "holder_scatter_center_deg": 13.639865725534495,
      "a": 9.234926294909918,
      "holder_scatter_level": 76.0247422648156,
      "scatter_center_deg": 4.543052900333561,
      "b5": -0.6387656729652234,
      "poisson_counts_max": 6418.349999999999,
      "air_scatter_floor": 0.04664022827648557,
      "b1": 58.58361815232062,
      "b0": 60.3410218408385,
      "b2": -8.155236974614409,
      "holder_scatter_sigma_deg": 2.2654616245149013,
      "po_hkl_axis": [
        0.0,
        1.0,
        0.0
      ],
      "final_normalize": true
    },
    "synth_sampling_meta": {
      "family_name": "background",
      "slot": "background",
      "source_family": "opxrd_like",
      "preferred_source_family": "opxrd_like",
      "descriptor": {
        "phase_id": "mp-1198148",
        "formula": "BaO10",
        "crystal_system": "monoclinic",
        "elements": [
          "Ba",
          "O"
        ],
        "density_g_cm3": 2.5420376097776383,
        "avg_z": 12.363636363636363,
        "max_z": 56.0,
        "heavy_fraction": 0.09090909090909091,
        "transition_fraction": 0.0,
        "cell_lengths": [
          10.67015696,
          7.903329,
          9.97570826
        ],
        "cell_angles": [
          90.0,
          112.55955291,
          90.0
        ],
        "cell_volume": 776.8777843590602,
        "cell_anisotropy": 1.3500838646600692,
        "anisotropy_index": 0.35008386466006924,
        "theoretical_peak_count": 624,
        "peak_density": 7.341176470588235,
        "median_gap_deg": 0.06440353393554688,
        "crowded_fraction": 0.9293739967897271,
        "isolated_fraction": 0.006420545746388443,
        "simple_topology": false,
        "preferred_po_axis": [
          1,
          0,
          0
        ],
        "fluorescence_bucket": "moderate",
        "absorption_bucket": "medium"
      },
      "attempt": 1,
      "donor_rows": {
        "instrument": "1191__opxrd_000584__H1_Mg1_O1",
        "chemistry": "0003__rruff_R040004-1__O4_Pb1_S1",
        "microstructure": "0322__rruff_R050504-1__Al3_H4_Na1_O12_P2",
        "orientation": "0593__rruff_R070576-1__Be2_Na4_O20_Si6_Sn1",
        "background": "0617__rruff_R200013__Ag1_Te1"
      },
      "donor_rwp_percent": {
        "instrument": 5.159210709102735,
        "chemistry": 22.234098733411948,
        "microstructure": 11.633403992332628,
        "orientation": 9.858207442453974,
        "background": 10.842870596894375
      },
      "donor_peak_window_rwp": {
        "instrument": 5.48784949745101,
        "chemistry": 20.981819851815647,
        "microstructure": 16.797295087846315,
        "orientation": 13.521151339036324,
        "background": 9.019290975003878
      },
      "selected_sample_code": "1191__opxrd_000584__H1_Mg1_O1",
      "selected_peak_window_rwp": 5.48784949745101,
      "selected_peak_window_pearson": 0.9997162154875435,
      "selected_background_fraction": 0.6784375208176332
    },
    "original_sample_dir": "BaO10_SG14",
    "original_cif_path": "phase.cif",
    "original_generated_xy_path": "generated.xy",
    "original_generation_params_json": "generation_params.json",
    "original_generation_quality_json": "generation_quality.json"
  },
  "quality": {
    "note": "These are theory-vs-generated synthetic quality indicators plus donor-template quality provenance. They are not Rietveld fit-to-experiment outputs.",
    "theory_vs_generated": {
      "profile_pearson": 0.6037456847753964,
      "profile_cosine": 0.6301252757912689,
      "rmse": 6.586837698820589,
      "mae": 4.952880852182718,
      "background_fraction_generated": 40.13156413931489,
      "top_peak_count_used": 20,
      "top_peak_height_log_mae": 21.542434374583713,
      "top_peak_shift_abs_mean_deg": 0.34571422004699637,
      "peak_window_pearson": 0.5206710713971309,
      "peak_window_cosine": 0.6757937265333349
    },
    "donor_template_quality": {
      "selected_sample_code": "1191__opxrd_000584__H1_Mg1_O1",
      "selected_peak_window_rwp": 5.48784949745101,
      "selected_peak_window_pearson": 0.9997162154875435,
      "selected_background_fraction": 0.6784375208176332,
      "donor_rows": {
        "instrument": "1191__opxrd_000584__H1_Mg1_O1",
        "chemistry": "0003__rruff_R040004-1__O4_Pb1_S1",
        "microstructure": "0322__rruff_R050504-1__Al3_H4_Na1_O12_P2",
        "orientation": "0593__rruff_R070576-1__Be2_Na4_O20_Si6_Sn1",
        "background": "0617__rruff_R200013__Ag1_Te1"
      },
      "donor_rwp_percent": {
        "instrument": 5.159210709102735,
        "chemistry": 22.234098733411948,
        "microstructure": 11.633403992332628,
        "orientation": 9.858207442453974,
        "background": 10.842870596894375
      },
      "donor_peak_window_rwp": {
        "instrument": 5.48784949745101,
        "chemistry": 20.981819851815647,
        "microstructure": 16.797295087846315,
        "orientation": 13.521151339036324,
        "background": 9.019290975003878
      }
    }
  },
  "generation_tier": "strict_core"
}
