{
  "sample_name": "SiF4_217",
  "phase_id": "mp-1818",
  "formula": "SiF4",
  "space_group": 217,
  "space_group_symbol": "I-43m",
  "crystal_system": "cubic",
  "source_origin": "materials_project",
  "slot": "anchor",
  "formula_group_id": "F4|Si1::sg::217",
  "descriptor": {
    "phase_id": "mp-1818",
    "formula": "SiF4",
    "crystal_system": "cubic",
    "elements": [
      "F",
      "Si"
    ],
    "density_g_cm3": 2.344787443865408,
    "avg_z": 10.0,
    "max_z": 14.0,
    "heavy_fraction": 0.0,
    "transition_fraction": 0.0,
    "cell_lengths": [
      5.28258384,
      5.28258384,
      5.28258384
    ],
    "cell_angles": [
      90.0,
      90.0,
      90.0
    ],
    "cell_volume": 147.41415774388798,
    "cell_anisotropy": 1.0,
    "anisotropy_index": 0.0,
    "theoretical_peak_count": 11,
    "peak_density": 0.12941176470588237,
    "median_gap_deg": 5.612634658813477,
    "crowded_fraction": 0.0,
    "isolated_fraction": 1.0,
    "simple_topology": true,
    "preferred_po_axis": [
      0,
      0,
      1
    ],
    "fluorescence_bucket": "none",
    "absorption_bucket": "light"
  },
  "generation": {
    "theta_min": 5.0,
    "theta_max": 90.0,
    "num_points": 8501,
    "template_rwp_percent": 11.309661106744679,
    "template_peak_window_rwp": 13.746162540852461,
    "template_peak_window_pearson": 0.9951391151799386,
    "synth_params": {
      "ka1": 1.5405929,
      "ka2": 1.5444274,
      "use_tch_profile": true,
      "sigma_scale": 0.9440362830576552,
      "kb_ratio": 0.0,
      "use_fcj_asymmetry": true,
      "detector_nonlinearity": 0.0,
      "use_ka2": true,
      "caglioti_u": 0.003279074167112672,
      "kb": 1.39225,
      "caglioti_w": 0.0010019906393954538,
      "detector_deadtime_coeff": 0.0,
      "axial_s_over_l": 0.00119999999999995,
      "sigma_min_deg": 0.008,
      "ka2_ratio": 0.48502655784215637,
      "caglioti_v": -0.005646438125445374,
      "sigma_deg": 0.009060480593718376,
      "use_kbeta": false,
      "beam_sample_ratio": 0.04999999999999995,
      "fluorescence_level": 0.0,
      "muR": 1e-08,
      "trns": 1e-08,
      "fluorescence_decay": 3.0,
      "lorentz_z": 0.014998727304406656,
      "strain": 0.0007914072527052623,
      "pseudo_voigt_eta": 0.019996180150555775,
      "lorentz_size": 0.03,
      "macro_strain": -5.662583023831052e-07,
      "sample_displacement_sr": -0.00033190744517099034,
      "size_nm": 120.00001833697779,
      "delta_deg": -0.00992093689280337,
      "lorentz_strain": 0.008,
      "po_r": 1.0,
      "air_scatter_level": 5.5e-09,
      "b3": -0.1755067322841092,
      "scatter_sigma_deg": 5.999999999999611,
      "b4": 0.17868298723793835,
      "scatter_level": 5.5000000000000004e-09,
      "compton_level": 2.8394658372251715e-05,
      "holder_scatter_center_deg": 15.0,
      "a": 1.196117088343281,
      "holder_scatter_level": 5.500000035593745e-09,
      "scatter_center_deg": 14.999999999998556,
      "b5": 0.1394352857747536,
      "poisson_counts_max": 1800.0,
      "air_scatter_floor": 0.05000000000050871,
      "b1": -1.4872622355899847,
      "b0": 3.1830981436792447,
      "b2": 0.8856460116469855,
      "holder_scatter_sigma_deg": 4.000000000000357,
      "po_hkl_axis": [
        0.0,
        1.0,
        0.0
      ],
      "final_normalize": true
    },
    "synth_sampling_meta": {
      "family_name": "anchor",
      "slot": "anchor",
      "source_family": "rruff_like",
      "preferred_source_family": "rruff_like",
      "descriptor": {
        "phase_id": "mp-1818",
        "formula": "SiF4",
        "crystal_system": "cubic",
        "elements": [
          "F",
          "Si"
        ],
        "density_g_cm3": 2.344787443865408,
        "avg_z": 10.0,
        "max_z": 14.0,
        "heavy_fraction": 0.0,
        "transition_fraction": 0.0,
        "cell_lengths": [
          5.28258384,
          5.28258384,
          5.28258384
        ],
        "cell_angles": [
          90.0,
          90.0,
          90.0
        ],
        "cell_volume": 147.41415774388798,
        "cell_anisotropy": 1.0,
        "anisotropy_index": 0.0,
        "theoretical_peak_count": 11,
        "peak_density": 0.12941176470588237,
        "median_gap_deg": 5.612634658813477,
        "crowded_fraction": 0.0,
        "isolated_fraction": 1.0,
        "simple_topology": true,
        "preferred_po_axis": [
          0,
          0,
          1
        ],
        "fluorescence_bucket": "none",
        "absorption_bucket": "light"
      },
      "attempt": 1,
      "donor_rows": {
        "instrument": "0144__rruff_R050115-1__Ca1_F2",
        "chemistry": "0490__rruff_R060548-1__Ca1_F2",
        "microstructure": "0490__rruff_R060548-1__Ca1_F2",
        "orientation": "0490__rruff_R060548-1__Ca1_F2",
        "background": "0113__rruff_R050045-1__Ca1_F2"
      },
      "donor_rwp_percent": {
        "instrument": 10.8136128591309,
        "chemistry": 11.309661106744679,
        "microstructure": 11.309661106744679,
        "orientation": 11.309661106744679,
        "background": 10.345769455766266
      },
      "donor_peak_window_rwp": {
        "instrument": 14.273780930421212,
        "chemistry": 13.746162540852461,
        "microstructure": 13.746162540852461,
        "orientation": 13.746162540852461,
        "background": 11.85177861797737
      },
      "selected_sample_code": "0144__rruff_R050115-1__Ca1_F2",
      "selected_peak_window_rwp": 14.273780930421212,
      "selected_peak_window_pearson": 0.9900974432048891,
      "selected_background_fraction": 0.33176687476325667
    },
    "original_sample_dir": "SiF4_SG217",
    "original_cif_path": "phase.cif",
    "original_generated_xy_path": "generated.xy",
    "original_generation_params_json": "generation_params.json",
    "original_generation_quality_json": "generation_quality.json"
  },
  "quality": {
    "note": "These are theory-vs-generated synthetic quality indicators plus donor-template quality provenance. They are not Rietveld fit-to-experiment outputs.",
    "theory_vs_generated": {
      "profile_pearson": 0.9071660017699348,
      "profile_cosine": 0.901106717665922,
      "rmse": 1.8819916820194715,
      "mae": 0.6727122637961166,
      "background_fraction_generated": 3.0681178248311913,
      "top_peak_count_used": 11,
      "top_peak_height_log_mae": 6.102544305738179,
      "top_peak_shift_abs_mean_deg": 0.14558377352627938,
      "peak_window_pearson": 0.9037866948288055,
      "peak_window_cosine": 0.9080749751265971
    },
    "donor_template_quality": {
      "selected_sample_code": "0144__rruff_R050115-1__Ca1_F2",
      "selected_peak_window_rwp": 14.273780930421212,
      "selected_peak_window_pearson": 0.9900974432048891,
      "selected_background_fraction": 0.33176687476325667,
      "donor_rows": {
        "instrument": "0144__rruff_R050115-1__Ca1_F2",
        "chemistry": "0490__rruff_R060548-1__Ca1_F2",
        "microstructure": "0490__rruff_R060548-1__Ca1_F2",
        "orientation": "0490__rruff_R060548-1__Ca1_F2",
        "background": "0113__rruff_R050045-1__Ca1_F2"
      },
      "donor_rwp_percent": {
        "instrument": 10.8136128591309,
        "chemistry": 11.309661106744679,
        "microstructure": 11.309661106744679,
        "orientation": 11.309661106744679,
        "background": 10.345769455766266
      },
      "donor_peak_window_rwp": {
        "instrument": 14.273780930421212,
        "chemistry": 13.746162540852461,
        "microstructure": 13.746162540852461,
        "orientation": 13.746162540852461,
        "background": 11.85177861797737
      }
    }
  },
  "generation_tier": "strict_core"
}
