{
  "sample_name": "BiI3_147",
  "phase_id": "cod_1010622",
  "formula": "BiI3",
  "space_group": 147,
  "space_group_symbol": "P-3",
  "crystal_system": "trigonal",
  "source_origin": "cod",
  "slot": "background",
  "formula_group_id": "Bi1|I3::sg::147",
  "descriptor": {
    "phase_id": "cod_1010622",
    "formula": "BiI3",
    "crystal_system": "trigonal",
    "elements": [
      "Bi",
      "I"
    ],
    "density_g_cm3": 5.836317235406883,
    "avg_z": 60.5,
    "max_z": 83.0,
    "heavy_fraction": 0.25,
    "transition_fraction": 0.0,
    "cell_lengths": [
      7.498,
      7.498,
      20.676
    ],
    "cell_angles": [
      90.0,
      90.0,
      119.99999999999999
    ],
    "cell_volume": 1006.6720886227023,
    "cell_anisotropy": 2.7575353427580684,
    "anisotropy_index": 1.7575353427580684,
    "theoretical_peak_count": 152,
    "peak_density": 1.7882352941176471,
    "median_gap_deg": 0.3424530029296875,
    "crowded_fraction": 0.5165562913907285,
    "isolated_fraction": 0.06622516556291391,
    "simple_topology": false,
    "preferred_po_axis": [
      0,
      0,
      1
    ],
    "fluorescence_bucket": "moderate",
    "absorption_bucket": "heavy"
  },
  "generation": {
    "theta_min": 5.0,
    "theta_max": 90.0,
    "num_points": 8501,
    "template_rwp_percent": 8.894243026156627,
    "template_peak_window_rwp": 11.562371080606463,
    "template_peak_window_pearson": 0.9970396627337116,
    "synth_params": {
      "ka1": 1.5405929,
      "ka2": 1.5444274,
      "use_tch_profile": true,
      "sigma_scale": 0.915935817612402,
      "kb_ratio": 0.01500880233919089,
      "use_fcj_asymmetry": true,
      "detector_nonlinearity": 0.0,
      "use_ka2": true,
      "caglioti_u": 0.031390575609021656,
      "kb": 1.39225,
      "caglioti_w": 0.0018448797995058975,
      "detector_deadtime_coeff": 0.0,
      "axial_s_over_l": 0.0012,
      "sigma_min_deg": 0.008,
      "ka2_ratio": 0.48492173130236843,
      "caglioti_v": 0.007351125729718566,
      "sigma_deg": 0.01878969372542678,
      "use_kbeta": true,
      "beam_sample_ratio": 0.05,
      "fluorescence_level": 1.0,
      "muR": 0.04,
      "trns": 0.03,
      "fluorescence_decay": 3.0,
      "lorentz_z": 0.0009902638451396877,
      "strain": 0.00014981872964748183,
      "pseudo_voigt_eta": 0.27386226709013595,
      "lorentz_size": 0.00022168016061358112,
      "macro_strain": -0.0007940522757469537,
      "sample_displacement_sr": -0.0006029792213922888,
      "size_nm": 175.11087263420634,
      "delta_deg": 0.020492836837605607,
      "lorentz_strain": 0.008,
      "po_r": 1.0,
      "air_scatter_level": 1e-08,
      "b3": -0.1848624278005454,
      "scatter_sigma_deg": 6.0,
      "b4": 0.20595308036552476,
      "scatter_level": 1.2,
      "compton_level": 1e-08,
      "holder_scatter_center_deg": 15.0,
      "a": 2.456521703905162,
      "holder_scatter_level": 1e-08,
      "scatter_center_deg": 15.0,
      "b5": -1.0196444166448001e-06,
      "poisson_counts_max": 3119.5,
      "air_scatter_floor": 0.05,
      "b1": -4.44554467722384,
      "b0": 21.288767814184258,
      "b2": -1.9952642435986017,
      "holder_scatter_sigma_deg": 4.0,
      "po_hkl_axis": [
        0.0,
        1.0,
        0.0
      ],
      "final_normalize": true
    },
    "synth_sampling_meta": {
      "family_name": "background",
      "slot": "background",
      "source_family": "opxrd_like",
      "preferred_source_family": "opxrd_like",
      "descriptor": {
        "phase_id": "cod_1010622",
        "formula": "BiI3",
        "crystal_system": "trigonal",
        "elements": [
          "Bi",
          "I"
        ],
        "density_g_cm3": 5.836317235406883,
        "avg_z": 60.5,
        "max_z": 83.0,
        "heavy_fraction": 0.25,
        "transition_fraction": 0.0,
        "cell_lengths": [
          7.498,
          7.498,
          20.676
        ],
        "cell_angles": [
          90.0,
          90.0,
          119.99999999999999
        ],
        "cell_volume": 1006.6720886227023,
        "cell_anisotropy": 2.7575353427580684,
        "anisotropy_index": 1.7575353427580684,
        "theoretical_peak_count": 152,
        "peak_density": 1.7882352941176471,
        "median_gap_deg": 0.3424530029296875,
        "crowded_fraction": 0.5165562913907285,
        "isolated_fraction": 0.06622516556291391,
        "simple_topology": false,
        "preferred_po_axis": [
          0,
          0,
          1
        ],
        "fluorescence_bucket": "moderate",
        "absorption_bucket": "heavy"
      },
      "attempt": 1,
      "donor_rows": {
        "instrument": "1191__opxrd_000584__H1_Mg1_O1",
        "chemistry": "0038__rruff_R040069-1__C1_O3_Pb1",
        "microstructure": "0016__rruff_R040030-1__C2_Ca1_Mg1_O6",
        "orientation": "0055__rruff_R040096-1__Al2_O3",
        "background": "1191__opxrd_000584__H1_Mg1_O1"
      },
      "donor_rwp_percent": {
        "instrument": 5.159210709102735,
        "chemistry": 23.642420999995124,
        "microstructure": 27.23933763789696,
        "orientation": 27.39764306881764,
        "background": 5.159210709102735
      },
      "donor_peak_window_rwp": {
        "instrument": 5.48784949745101,
        "chemistry": 20.94158511319581,
        "microstructure": 14.145313767601136,
        "orientation": 19.68412564775285,
        "background": 5.48784949745101
      },
      "selected_sample_code": "1191__opxrd_000584__H1_Mg1_O1",
      "selected_peak_window_rwp": 5.48784949745101,
      "selected_peak_window_pearson": 0.9997162154875435,
      "selected_background_fraction": 0.5127638626915709
    },
    "original_sample_dir": "BiI3_SG147",
    "original_cif_path": "phase.cif",
    "original_generated_xy_path": "generated.xy",
    "original_generation_params_json": "generation_params.json",
    "original_generation_quality_json": "generation_quality.json"
  },
  "quality": {
    "note": "These are theory-vs-generated synthetic quality indicators plus donor-template quality provenance. They are not Rietveld fit-to-experiment outputs.",
    "theory_vs_generated": {
      "profile_pearson": 0.4778175585809055,
      "profile_cosine": 0.5233487900711754,
      "rmse": 7.138710632827982,
      "mae": 3.4765403100975387,
      "background_fraction_generated": 5.626131596665912,
      "top_peak_count_used": 20,
      "top_peak_height_log_mae": 11.212921346706612,
      "top_peak_shift_abs_mean_deg": 0.2310814037322996,
      "peak_window_pearson": 0.36673374298828226,
      "peak_window_cosine": 0.5298572042914658
    },
    "donor_template_quality": {
      "selected_sample_code": "1191__opxrd_000584__H1_Mg1_O1",
      "selected_peak_window_rwp": 5.48784949745101,
      "selected_peak_window_pearson": 0.9997162154875435,
      "selected_background_fraction": 0.5127638626915709,
      "donor_rows": {
        "instrument": "1191__opxrd_000584__H1_Mg1_O1",
        "chemistry": "0038__rruff_R040069-1__C1_O3_Pb1",
        "microstructure": "0016__rruff_R040030-1__C2_Ca1_Mg1_O6",
        "orientation": "0055__rruff_R040096-1__Al2_O3",
        "background": "1191__opxrd_000584__H1_Mg1_O1"
      },
      "donor_rwp_percent": {
        "instrument": 5.159210709102735,
        "chemistry": 23.642420999995124,
        "microstructure": 27.23933763789696,
        "orientation": 27.39764306881764,
        "background": 5.159210709102735
      },
      "donor_peak_window_rwp": {
        "instrument": 5.48784949745101,
        "chemistry": 20.94158511319581,
        "microstructure": 14.145313767601136,
        "orientation": 19.68412564775285,
        "background": 5.48784949745101
      }
    }
  },
  "generation_tier": "strict_core"
}
