{
  "sample_name": "Al_194",
  "phase_id": "mp-1183144",
  "formula": "Al",
  "space_group": 194,
  "space_group_symbol": "P6_3/mmc",
  "crystal_system": "hexagonal",
  "source_origin": "materials_project",
  "slot": "anchor",
  "formula_group_id": "Al1::sg::194",
  "descriptor": {
    "phase_id": "mp-1183144",
    "formula": "Al",
    "crystal_system": "hexagonal",
    "elements": [
      "Al"
    ],
    "density_g_cm3": 2.8186670245238385,
    "avg_z": 13.0,
    "max_z": 13.0,
    "heavy_fraction": 0.0,
    "transition_fraction": 0.0,
    "cell_lengths": [
      2.82707702,
      2.8270770200000004,
      9.18599307
    ],
    "cell_angles": [
      90.0,
      90.0,
      119.99999999999999
    ],
    "cell_volume": 63.581683959199566,
    "cell_anisotropy": 3.24928999281385,
    "anisotropy_index": 2.24928999281385,
    "theoretical_peak_count": 16,
    "peak_density": 0.18823529411764706,
    "median_gap_deg": 2.2539443969726562,
    "crowded_fraction": 0.0,
    "isolated_fraction": 0.6666666666666666,
    "simple_topology": true,
    "preferred_po_axis": [
      0,
      0,
      1
    ],
    "fluorescence_bucket": "none",
    "absorption_bucket": "light"
  },
  "generation": {
    "theta_min": 5.0,
    "theta_max": 90.0,
    "num_points": 8501,
    "template_rwp_percent": 12.230971149753874,
    "template_peak_window_rwp": 16.61381662608072,
    "template_peak_window_pearson": 0.9948239611051984,
    "synth_params": {
      "ka1": 1.5405929,
      "ka2": 1.5444274,
      "use_tch_profile": true,
      "sigma_scale": 0.7097762439530134,
      "kb_ratio": 0.0,
      "use_fcj_asymmetry": true,
      "detector_nonlinearity": 0.0,
      "use_ka2": true,
      "caglioti_u": 0.014202988898396902,
      "kb": 1.39225,
      "caglioti_w": 0.001188948060207421,
      "detector_deadtime_coeff": 0.0,
      "axial_s_over_l": 0.0012,
      "sigma_min_deg": 0.012102193254282726,
      "ka2_ratio": 0.4850159142430186,
      "caglioti_v": -0.009161033398688678,
      "sigma_deg": 0.01620000219242523,
      "use_kbeta": false,
      "beam_sample_ratio": 0.05,
      "fluorescence_level": 0.0,
      "muR": 2.956014496109463e-05,
      "trns": 0.0014311324148828866,
      "fluorescence_decay": 3.0,
      "lorentz_z": 0.004152528622894822,
      "strain": 1.7976889825739126e-05,
      "pseudo_voigt_eta": -0.040537443334379024,
      "lorentz_size": 0.03,
      "macro_strain": 0.0,
      "sample_displacement_sr": -0.0004091797047641091,
      "size_nm": 492.1629628786733,
      "delta_deg": -0.009660134749472039,
      "lorentz_strain": 0.00030376695666609293,
      "po_r": 1.0,
      "air_scatter_level": 5.5e-09,
      "b3": -0.1755067322841092,
      "scatter_sigma_deg": 5.999999999999611,
      "b4": 0.17868298723793835,
      "scatter_level": 5.5000000000000004e-09,
      "compton_level": 2.8394658372251715e-05,
      "holder_scatter_center_deg": 15.0,
      "a": 1.196117088343281,
      "holder_scatter_level": 5.500000035593745e-09,
      "scatter_center_deg": 14.999999999998556,
      "b5": 0.1394352857747536,
      "poisson_counts_max": 1800.0,
      "air_scatter_floor": 0.05000000000050871,
      "b1": -1.4872622355899847,
      "b0": 3.1830981436792447,
      "b2": 0.8856460116469855,
      "holder_scatter_sigma_deg": 4.000000000000357,
      "po_hkl_axis": [
        0.0,
        1.0,
        0.0
      ],
      "final_normalize": true
    },
    "synth_sampling_meta": {
      "family_name": "anchor",
      "slot": "anchor",
      "source_family": "rruff_like",
      "preferred_source_family": "rruff_like",
      "descriptor": {
        "phase_id": "mp-1183144",
        "formula": "Al",
        "crystal_system": "hexagonal",
        "elements": [
          "Al"
        ],
        "density_g_cm3": 2.8186670245238385,
        "avg_z": 13.0,
        "max_z": 13.0,
        "heavy_fraction": 0.0,
        "transition_fraction": 0.0,
        "cell_lengths": [
          2.82707702,
          2.8270770200000004,
          9.18599307
        ],
        "cell_angles": [
          90.0,
          90.0,
          119.99999999999999
        ],
        "cell_volume": 63.581683959199566,
        "cell_anisotropy": 3.24928999281385,
        "anisotropy_index": 2.24928999281385,
        "theoretical_peak_count": 16,
        "peak_density": 0.18823529411764706,
        "median_gap_deg": 2.2539443969726562,
        "crowded_fraction": 0.0,
        "isolated_fraction": 0.6666666666666666,
        "simple_topology": true,
        "preferred_po_axis": [
          0,
          0,
          1
        ],
        "fluorescence_bucket": "none",
        "absorption_bucket": "light"
      },
      "attempt": 1,
      "donor_rows": {
        "instrument": "0254__rruff_R050369-1__Ca5_F1_O12_P3",
        "chemistry": "0456__rruff_R060421-1__Ca5_F1_O12_P3",
        "microstructure": "0057__rruff_R040098-1__Ca5_F1_O12_P3",
        "orientation": "0456__rruff_R060421-1__Ca5_F1_O12_P3",
        "background": "0113__rruff_R050045-1__Ca1_F2"
      },
      "donor_rwp_percent": {
        "instrument": 13.558574059798776,
        "chemistry": 15.272610154817642,
        "microstructure": 13.722656894319407,
        "orientation": 15.272610154817642,
        "background": 10.345769455766266
      },
      "donor_peak_window_rwp": {
        "instrument": 18.528929065551917,
        "chemistry": 21.636095490570618,
        "microstructure": 18.779898403060326,
        "orientation": 21.636095490570618,
        "background": 11.85177861797737
      },
      "selected_sample_code": "0254__rruff_R050369-1__Ca5_F1_O12_P3",
      "selected_peak_window_rwp": 18.528929065551917,
      "selected_peak_window_pearson": 0.9902351309963979,
      "selected_background_fraction": 0.33176687476325667
    },
    "original_sample_dir": "Al_SG194",
    "original_cif_path": "phase.cif",
    "original_generated_xy_path": "generated.xy",
    "original_generation_params_json": "generation_params.json",
    "original_generation_quality_json": "generation_quality.json"
  },
  "quality": {
    "note": "These are theory-vs-generated synthetic quality indicators plus donor-template quality provenance. They are not Rietveld fit-to-experiment outputs.",
    "theory_vs_generated": {
      "profile_pearson": 0.8786378307381055,
      "profile_cosine": 0.879496518870707,
      "rmse": 2.0462859632552277,
      "mae": 0.5188384767681244,
      "background_fraction_generated": 3.8481353832082545,
      "top_peak_count_used": 16,
      "top_peak_height_log_mae": 1.7260354501877808,
      "top_peak_shift_abs_mean_deg": 0.04954787254333626,
      "peak_window_pearson": 0.8619249745297208,
      "peak_window_cosine": 0.8824156457442272
    },
    "donor_template_quality": {
      "selected_sample_code": "0254__rruff_R050369-1__Ca5_F1_O12_P3",
      "selected_peak_window_rwp": 18.528929065551917,
      "selected_peak_window_pearson": 0.9902351309963979,
      "selected_background_fraction": 0.33176687476325667,
      "donor_rows": {
        "instrument": "0254__rruff_R050369-1__Ca5_F1_O12_P3",
        "chemistry": "0456__rruff_R060421-1__Ca5_F1_O12_P3",
        "microstructure": "0057__rruff_R040098-1__Ca5_F1_O12_P3",
        "orientation": "0456__rruff_R060421-1__Ca5_F1_O12_P3",
        "background": "0113__rruff_R050045-1__Ca1_F2"
      },
      "donor_rwp_percent": {
        "instrument": 13.558574059798776,
        "chemistry": 15.272610154817642,
        "microstructure": 13.722656894319407,
        "orientation": 15.272610154817642,
        "background": 10.345769455766266
      },
      "donor_peak_window_rwp": {
        "instrument": 18.528929065551917,
        "chemistry": 21.636095490570618,
        "microstructure": 18.779898403060326,
        "orientation": 21.636095490570618,
        "background": 11.85177861797737
      }
    }
  },
  "generation_tier": "strict_core"
}
