{
  "sample_name": "Li4CO4_7",
  "phase_id": "mp-645317",
  "formula": "Li4CO4",
  "space_group": 7,
  "space_group_symbol": "Pc",
  "crystal_system": "monoclinic",
  "source_origin": "materials_project",
  "slot": "profile",
  "formula_group_id": "C1|Li4|O4::sg::7",
  "descriptor": {
    "phase_id": "mp-645317",
    "formula": "Li4CO4",
    "crystal_system": "monoclinic",
    "elements": [
      "C",
      "Li",
      "O"
    ],
    "density_g_cm3": 2.2314267570602246,
    "avg_z": 5.555555555555555,
    "max_z": 8.0,
    "heavy_fraction": 0.0,
    "transition_fraction": 0.0,
    "cell_lengths": [
      4.653502,
      5.77284,
      7.27210844
    ],
    "cell_angles": [
      90.0,
      127.75986103,
      90.0
    ],
    "cell_volume": 154.44643914614147,
    "cell_anisotropy": 1.5627173771495104,
    "anisotropy_index": 0.5627173771495104,
    "theoretical_peak_count": 131,
    "peak_density": 1.5411764705882354,
    "median_gap_deg": 0.31295013427734375,
    "crowded_fraction": 0.5615384615384615,
    "isolated_fraction": 0.1,
    "simple_topology": false,
    "preferred_po_axis": [
      0,
      0,
      1
    ],
    "fluorescence_bucket": "none",
    "absorption_bucket": "light"
  },
  "generation": {
    "theta_min": 5.0,
    "theta_max": 90.0,
    "num_points": 8501,
    "template_rwp_percent": 11.336277291932815,
    "template_peak_window_rwp": 11.208554719735723,
    "template_peak_window_pearson": 0.9683505557392063,
    "synth_params": {
      "ka1": 1.5405929,
      "ka2": 1.5444274,
      "use_tch_profile": true,
      "sigma_scale": 0.915935817612402,
      "kb_ratio": 0.01500880233919089,
      "use_fcj_asymmetry": true,
      "detector_nonlinearity": 0.0,
      "use_ka2": true,
      "caglioti_u": 0.031390575609021656,
      "kb": 1.39225,
      "caglioti_w": 0.0018448797995058975,
      "detector_deadtime_coeff": 0.0,
      "axial_s_over_l": 0.0012,
      "sigma_min_deg": 0.008,
      "ka2_ratio": 0.48492173130236843,
      "caglioti_v": 0.007351125729718566,
      "sigma_deg": 0.019353384537189586,
      "use_kbeta": true,
      "beam_sample_ratio": 0.05,
      "fluorescence_level": 0.0,
      "muR": 0.0,
      "trns": 0.0,
      "fluorescence_decay": 3.0,
      "lorentz_z": 1e-08,
      "strain": 0.0008066038044366333,
      "pseudo_voigt_eta": 0.02000045420867489,
      "lorentz_size": 7.406080397792745e-06,
      "macro_strain": 3.8941467058979094e-08,
      "sample_displacement_sr": -0.00018118235460065868,
      "size_nm": 180.0,
      "delta_deg": -0.010004323118418248,
      "lorentz_strain": 0.009,
      "po_r": 1.0,
      "air_scatter_level": 9.999999999999999e-09,
      "b3": -0.1755067322841092,
      "scatter_sigma_deg": 5.999999999999611,
      "b4": 0.17868298723793835,
      "scatter_level": 1e-08,
      "compton_level": 5.16266515859122e-05,
      "holder_scatter_center_deg": 15.0,
      "a": 1.196117088343281,
      "holder_scatter_level": 1.00000000647159e-08,
      "scatter_center_deg": 14.999999999998556,
      "b5": 0.1394352857747536,
      "poisson_counts_max": 1200.0,
      "air_scatter_floor": 0.05000000000050871,
      "b1": -1.4872622355899847,
      "b0": 3.1830981436792447,
      "b2": 0.8856460116469855,
      "holder_scatter_sigma_deg": 4.000000000000357,
      "po_hkl_axis": [
        0.0,
        1.0,
        0.0
      ],
      "final_normalize": true
    },
    "synth_sampling_meta": {
      "family_name": "profile",
      "slot": "profile",
      "source_family": "opxrd_like",
      "preferred_source_family": "opxrd_like",
      "descriptor": {
        "phase_id": "mp-645317",
        "formula": "Li4CO4",
        "crystal_system": "monoclinic",
        "elements": [
          "C",
          "Li",
          "O"
        ],
        "density_g_cm3": 2.2314267570602246,
        "avg_z": 5.555555555555555,
        "max_z": 8.0,
        "heavy_fraction": 0.0,
        "transition_fraction": 0.0,
        "cell_lengths": [
          4.653502,
          5.77284,
          7.27210844
        ],
        "cell_angles": [
          90.0,
          127.75986103,
          90.0
        ],
        "cell_volume": 154.44643914614147,
        "cell_anisotropy": 1.5627173771495104,
        "anisotropy_index": 0.5627173771495104,
        "theoretical_peak_count": 131,
        "peak_density": 1.5411764705882354,
        "median_gap_deg": 0.31295013427734375,
        "crowded_fraction": 0.5615384615384615,
        "isolated_fraction": 0.1,
        "simple_topology": false,
        "preferred_po_axis": [
          0,
          0,
          1
        ],
        "fluorescence_bucket": "none",
        "absorption_bucket": "light"
      },
      "attempt": 1,
      "donor_rows": {
        "instrument": "1191__opxrd_000584__H1_Mg1_O1",
        "chemistry": "1191__opxrd_000584__H1_Mg1_O1",
        "microstructure": "0595__rruff_R070589-1__H8_Mg1_O8_S1",
        "orientation": "0363__rruff_R050638-1__C2_Cu3_H2_O8",
        "background": "0113__rruff_R050045-1__Ca1_F2"
      },
      "donor_rwp_percent": {
        "instrument": 5.159210709102735,
        "chemistry": 5.159210709102735,
        "microstructure": 23.89073423416258,
        "orientation": 11.336277291932815,
        "background": 10.345769455766266
      },
      "donor_peak_window_rwp": {
        "instrument": 5.48784949745101,
        "chemistry": 5.48784949745101,
        "microstructure": 24.378023894358048,
        "orientation": 11.208554719735723,
        "background": 11.85177861797737
      },
      "selected_sample_code": "1191__opxrd_000584__H1_Mg1_O1",
      "selected_peak_window_rwp": 5.48784949745101,
      "selected_peak_window_pearson": 0.9997162154875435,
      "selected_background_fraction": 0.33176687476325667
    },
    "original_sample_dir": "Li4CO4_SG7",
    "original_cif_path": "phase.cif",
    "original_generated_xy_path": "generated.xy",
    "original_generation_params_json": "generation_params.json",
    "original_generation_quality_json": "generation_quality.json"
  },
  "quality": {
    "note": "These are theory-vs-generated synthetic quality indicators plus donor-template quality provenance. They are not Rietveld fit-to-experiment outputs.",
    "theory_vs_generated": {
      "profile_pearson": 0.9682482803293953,
      "profile_cosine": 0.9632920407668897,
      "rmse": 1.1904254458390016,
      "mae": 0.6498514034677396,
      "background_fraction_generated": 2.1808244211259225,
      "top_peak_count_used": 20,
      "top_peak_height_log_mae": 0.31951532485163875,
      "top_peak_shift_abs_mean_deg": 0.06943459510803303,
      "peak_window_pearson": 0.970065867502327,
      "peak_window_cosine": 0.9692927551751416
    },
    "donor_template_quality": {
      "selected_sample_code": "1191__opxrd_000584__H1_Mg1_O1",
      "selected_peak_window_rwp": 5.48784949745101,
      "selected_peak_window_pearson": 0.9997162154875435,
      "selected_background_fraction": 0.33176687476325667,
      "donor_rows": {
        "instrument": "1191__opxrd_000584__H1_Mg1_O1",
        "chemistry": "1191__opxrd_000584__H1_Mg1_O1",
        "microstructure": "0595__rruff_R070589-1__H8_Mg1_O8_S1",
        "orientation": "0363__rruff_R050638-1__C2_Cu3_H2_O8",
        "background": "0113__rruff_R050045-1__Ca1_F2"
      },
      "donor_rwp_percent": {
        "instrument": 5.159210709102735,
        "chemistry": 5.159210709102735,
        "microstructure": 23.89073423416258,
        "orientation": 11.336277291932815,
        "background": 10.345769455766266
      },
      "donor_peak_window_rwp": {
        "instrument": 5.48784949745101,
        "chemistry": 5.48784949745101,
        "microstructure": 24.378023894358048,
        "orientation": 11.208554719735723,
        "background": 11.85177861797737
      }
    }
  },
  "generation_tier": "strict_core"
}
