{
  "sample_name": "ZnI2_164",
  "phase_id": "cod_9009122",
  "formula": "ZnI2",
  "space_group": 164,
  "space_group_symbol": "P-3m1",
  "crystal_system": "trigonal",
  "source_origin": "cod",
  "slot": "background",
  "formula_group_id": "I2|Zn1::sg::164",
  "descriptor": {
    "phase_id": "cod_9009122",
    "formula": "ZnI2",
    "crystal_system": "trigonal",
    "elements": [
      "I",
      "Zn"
    ],
    "density_g_cm3": 5.181436123954097,
    "avg_z": 45.333333333333336,
    "max_z": 53.0,
    "heavy_fraction": 0.0,
    "transition_fraction": 0.3333333333333333,
    "cell_lengths": [
      4.25,
      4.25,
      6.54
    ],
    "cell_angles": [
      90.0,
      90.0,
      119.99999999999999
    ],
    "cell_volume": 102.30249841730101,
    "cell_anisotropy": 1.5388235294117647,
    "anisotropy_index": 0.5388235294117647,
    "theoretical_peak_count": 29,
    "peak_density": 0.3411764705882353,
    "median_gap_deg": 1.9246788024902344,
    "crowded_fraction": 0.07142857142857142,
    "isolated_fraction": 0.6428571428571429,
    "simple_topology": false,
    "preferred_po_axis": [
      0,
      0,
      1
    ],
    "fluorescence_bucket": "moderate",
    "absorption_bucket": "medium"
  },
  "generation": {
    "theta_min": 5.0,
    "theta_max": 90.0,
    "num_points": 8501,
    "template_rwp_percent": 8.894243026156627,
    "template_peak_window_rwp": 11.562371080606463,
    "template_peak_window_pearson": 0.9970396627337116,
    "synth_params": {
      "ka1": 1.5405929,
      "ka2": 1.5444274,
      "use_tch_profile": true,
      "sigma_scale": 0.915935817612402,
      "kb_ratio": 0.01500880233919089,
      "use_fcj_asymmetry": true,
      "detector_nonlinearity": 0.0,
      "use_ka2": true,
      "caglioti_u": 0.031390575609021656,
      "kb": 1.39225,
      "caglioti_w": 0.0018448797995058975,
      "detector_deadtime_coeff": 0.0,
      "axial_s_over_l": 0.0012,
      "sigma_min_deg": 0.008,
      "ka2_ratio": 0.48492173130236843,
      "caglioti_v": 0.007351125729718566,
      "sigma_deg": 0.01878969372542678,
      "use_kbeta": true,
      "beam_sample_ratio": 0.05,
      "fluorescence_level": 1.0,
      "muR": 0.01,
      "trns": 0.08,
      "fluorescence_decay": 3.0,
      "lorentz_z": 0.0007626903334521539,
      "strain": 8.248832869150249e-06,
      "pseudo_voigt_eta": -0.026137299557931398,
      "lorentz_size": 0.02632542586736965,
      "macro_strain": 0.0,
      "sample_displacement_sr": -0.0002,
      "size_nm": 221.26334001712553,
      "delta_deg": -0.01,
      "lorentz_strain": 0.00984405505400054,
      "po_r": 1.0,
      "air_scatter_level": 1e-08,
      "b3": -0.1848624278005454,
      "scatter_sigma_deg": 6.0,
      "b4": 0.20595308036552476,
      "scatter_level": 1.2,
      "compton_level": 1e-08,
      "holder_scatter_center_deg": 15.0,
      "a": 2.456521703905162,
      "holder_scatter_level": 1e-08,
      "scatter_center_deg": 15.0,
      "b5": -1.0196444166448001e-06,
      "poisson_counts_max": 3119.5,
      "air_scatter_floor": 0.05,
      "b1": -4.44554467722384,
      "b0": 21.288767814184258,
      "b2": -1.9952642435986017,
      "holder_scatter_sigma_deg": 4.0,
      "po_hkl_axis": [
        0.0,
        1.0,
        0.0
      ],
      "final_normalize": true
    },
    "synth_sampling_meta": {
      "family_name": "background",
      "slot": "background",
      "source_family": "opxrd_like",
      "preferred_source_family": "opxrd_like",
      "descriptor": {
        "phase_id": "cod_9009122",
        "formula": "ZnI2",
        "crystal_system": "trigonal",
        "elements": [
          "I",
          "Zn"
        ],
        "density_g_cm3": 5.181436123954097,
        "avg_z": 45.333333333333336,
        "max_z": 53.0,
        "heavy_fraction": 0.0,
        "transition_fraction": 0.3333333333333333,
        "cell_lengths": [
          4.25,
          4.25,
          6.54
        ],
        "cell_angles": [
          90.0,
          90.0,
          119.99999999999999
        ],
        "cell_volume": 102.30249841730101,
        "cell_anisotropy": 1.5388235294117647,
        "anisotropy_index": 0.5388235294117647,
        "theoretical_peak_count": 29,
        "peak_density": 0.3411764705882353,
        "median_gap_deg": 1.9246788024902344,
        "crowded_fraction": 0.07142857142857142,
        "isolated_fraction": 0.6428571428571429,
        "simple_topology": false,
        "preferred_po_axis": [
          0,
          0,
          1
        ],
        "fluorescence_bucket": "moderate",
        "absorption_bucket": "medium"
      },
      "attempt": 1,
      "donor_rows": {
        "instrument": "1191__opxrd_000584__H1_Mg1_O1",
        "chemistry": "0454__rruff_R060417-1__Ca1_O4_W1",
        "microstructure": "0152__rruff_R050128-1__C1_Ca1_O3",
        "orientation": "0024__rruff_R040046-1__Be2_O4_Si1",
        "background": "1191__opxrd_000584__H1_Mg1_O1"
      },
      "donor_rwp_percent": {
        "instrument": 5.159210709102735,
        "chemistry": 20.538160106639065,
        "microstructure": 10.060210456264361,
        "orientation": 23.377284296737603,
        "background": 5.159210709102735
      },
      "donor_peak_window_rwp": {
        "instrument": 5.48784949745101,
        "chemistry": 17.54785920227529,
        "microstructure": 12.829743047113176,
        "orientation": 23.591152254750387,
        "background": 5.48784949745101
      },
      "selected_sample_code": "1191__opxrd_000584__H1_Mg1_O1",
      "selected_peak_window_rwp": 5.48784949745101,
      "selected_peak_window_pearson": 0.9997162154875435,
      "selected_background_fraction": 0.5127638626915709
    },
    "original_sample_dir": "ZnI2_SG164",
    "original_cif_path": "phase.cif",
    "original_generated_xy_path": "generated.xy",
    "original_generation_params_json": "generation_params.json",
    "original_generation_quality_json": "generation_quality.json"
  },
  "quality": {
    "note": "These are theory-vs-generated synthetic quality indicators plus donor-template quality provenance. They are not Rietveld fit-to-experiment outputs.",
    "theory_vs_generated": {
      "profile_pearson": 0.962427141869611,
      "profile_cosine": 0.9160704294172451,
      "rmse": 1.9626279950223764,
      "mae": 1.5854607021565947,
      "background_fraction_generated": 10.773948860384698,
      "top_peak_count_used": 20,
      "top_peak_height_log_mae": 17.508481876022373,
      "top_peak_shift_abs_mean_deg": 0.296482107162474,
      "peak_window_pearson": 0.9632796520230558,
      "peak_window_cosine": 0.9521237111382642
    },
    "donor_template_quality": {
      "selected_sample_code": "1191__opxrd_000584__H1_Mg1_O1",
      "selected_peak_window_rwp": 5.48784949745101,
      "selected_peak_window_pearson": 0.9997162154875435,
      "selected_background_fraction": 0.5127638626915709,
      "donor_rows": {
        "instrument": "1191__opxrd_000584__H1_Mg1_O1",
        "chemistry": "0454__rruff_R060417-1__Ca1_O4_W1",
        "microstructure": "0152__rruff_R050128-1__C1_Ca1_O3",
        "orientation": "0024__rruff_R040046-1__Be2_O4_Si1",
        "background": "1191__opxrd_000584__H1_Mg1_O1"
      },
      "donor_rwp_percent": {
        "instrument": 5.159210709102735,
        "chemistry": 20.538160106639065,
        "microstructure": 10.060210456264361,
        "orientation": 23.377284296737603,
        "background": 5.159210709102735
      },
      "donor_peak_window_rwp": {
        "instrument": 5.48784949745101,
        "chemistry": 17.54785920227529,
        "microstructure": 12.829743047113176,
        "orientation": 23.591152254750387,
        "background": 5.48784949745101
      }
    }
  },
  "generation_tier": "strict_core"
}
