{
  "sample_name": "Te_154",
  "phase_id": "mp-567313",
  "formula": "Te",
  "space_group": 154,
  "space_group_symbol": "P3_221",
  "crystal_system": "trigonal",
  "source_origin": "materials_project",
  "slot": "background",
  "formula_group_id": "Te1::sg::154",
  "descriptor": {
    "phase_id": "mp-567313",
    "formula": "Te",
    "crystal_system": "trigonal",
    "elements": [
      "Te"
    ],
    "density_g_cm3": 5.848401475785673,
    "avg_z": 52.0,
    "max_z": 52.0,
    "heavy_fraction": 1.0,
    "transition_fraction": 0.0,
    "cell_lengths": [
      4.61817964,
      4.61823576,
      5.88511486
    ],
    "cell_angles": [
      90.00393114000002,
      89.99505517,
      120.0111135
    ],
    "cell_volume": 108.68856356978846,
    "cell_anisotropy": 1.2743364959272134,
    "anisotropy_index": 0.27433649592721343,
    "theoretical_peak_count": 165,
    "peak_density": 1.9411764705882353,
    "median_gap_deg": 0.00162506103515625,
    "crowded_fraction": 0.8414634146341463,
    "isolated_fraction": 0.11585365853658537,
    "simple_topology": false,
    "preferred_po_axis": [
      0,
      0,
      1
    ],
    "fluorescence_bucket": "none",
    "absorption_bucket": "heavy"
  },
  "generation": {
    "theta_min": 5.0,
    "theta_max": 90.0,
    "num_points": 8501,
    "template_rwp_percent": 8.894243026156627,
    "template_peak_window_rwp": 11.562371080606463,
    "template_peak_window_pearson": 0.9970396627337116,
    "synth_params": {
      "ka1": 1.5405929,
      "ka2": 1.5444274,
      "use_tch_profile": true,
      "sigma_scale": 0.915935817612402,
      "kb_ratio": 0.01500880233919089,
      "use_fcj_asymmetry": true,
      "detector_nonlinearity": 0.0,
      "use_ka2": true,
      "caglioti_u": 0.031390575609021656,
      "kb": 1.39225,
      "caglioti_w": 0.0018448797995058975,
      "detector_deadtime_coeff": 0.0,
      "axial_s_over_l": 0.0012,
      "sigma_min_deg": 0.008,
      "ka2_ratio": 0.48492173130236843,
      "caglioti_v": 0.007351125729718566,
      "sigma_deg": 0.01878969372542678,
      "use_kbeta": true,
      "beam_sample_ratio": 0.05,
      "fluorescence_level": 0.0,
      "muR": 0.04,
      "trns": 0.03,
      "fluorescence_decay": 3.0,
      "lorentz_z": 1.0000008637567373e-08,
      "strain": 9.49702003111117e-05,
      "pseudo_voigt_eta": 0.24063881074257468,
      "lorentz_size": 0.00022382851276813855,
      "macro_strain": 0.00028616612688680274,
      "sample_displacement_sr": -0.0004995653143973048,
      "size_nm": 177.95204404425166,
      "delta_deg": -0.010262345241332491,
      "lorentz_strain": 0.008,
      "po_r": 1.0,
      "air_scatter_level": 1e-08,
      "b3": -0.1848624278005454,
      "scatter_sigma_deg": 6.0,
      "b4": 0.20595308036552476,
      "scatter_level": 1.2,
      "compton_level": 1e-08,
      "holder_scatter_center_deg": 15.0,
      "a": 2.456521703905162,
      "holder_scatter_level": 1e-08,
      "scatter_center_deg": 15.0,
      "b5": -1.0196444166448001e-06,
      "poisson_counts_max": 3119.5,
      "air_scatter_floor": 0.05,
      "b1": -4.44554467722384,
      "b0": 21.288767814184258,
      "b2": -1.9952642435986017,
      "holder_scatter_sigma_deg": 4.0,
      "po_hkl_axis": [
        0.0,
        1.0,
        0.0
      ],
      "final_normalize": true
    },
    "synth_sampling_meta": {
      "family_name": "background",
      "slot": "background",
      "source_family": "opxrd_like",
      "preferred_source_family": "opxrd_like",
      "descriptor": {
        "phase_id": "mp-567313",
        "formula": "Te",
        "crystal_system": "trigonal",
        "elements": [
          "Te"
        ],
        "density_g_cm3": 5.848401475785673,
        "avg_z": 52.0,
        "max_z": 52.0,
        "heavy_fraction": 1.0,
        "transition_fraction": 0.0,
        "cell_lengths": [
          4.61817964,
          4.61823576,
          5.88511486
        ],
        "cell_angles": [
          90.00393114000002,
          89.99505517,
          120.0111135
        ],
        "cell_volume": 108.68856356978846,
        "cell_anisotropy": 1.2743364959272134,
        "anisotropy_index": 0.27433649592721343,
        "theoretical_peak_count": 165,
        "peak_density": 1.9411764705882353,
        "median_gap_deg": 0.00162506103515625,
        "crowded_fraction": 0.8414634146341463,
        "isolated_fraction": 0.11585365853658537,
        "simple_topology": false,
        "preferred_po_axis": [
          0,
          0,
          1
        ],
        "fluorescence_bucket": "none",
        "absorption_bucket": "heavy"
      },
      "attempt": 1,
      "donor_rows": {
        "instrument": "1191__opxrd_000584__H1_Mg1_O1",
        "chemistry": "0296__rruff_R050443-1__C1_Mg1_O3",
        "microstructure": "0296__rruff_R050443-1__C1_Mg1_O3",
        "orientation": "0024__rruff_R040046-1__Be2_O4_Si1",
        "background": "1191__opxrd_000584__H1_Mg1_O1"
      },
      "donor_rwp_percent": {
        "instrument": 5.159210709102735,
        "chemistry": 27.08433368266328,
        "microstructure": 27.08433368266328,
        "orientation": 23.377284296737603,
        "background": 5.159210709102735
      },
      "donor_peak_window_rwp": {
        "instrument": 5.48784949745101,
        "chemistry": 13.745715758604918,
        "microstructure": 13.745715758604918,
        "orientation": 23.591152254750387,
        "background": 5.48784949745101
      },
      "selected_sample_code": "1191__opxrd_000584__H1_Mg1_O1",
      "selected_peak_window_rwp": 5.48784949745101,
      "selected_peak_window_pearson": 0.9997162154875435,
      "selected_background_fraction": 0.5127638626915709
    },
    "original_sample_dir": "Te_SG154",
    "original_cif_path": "phase.cif",
    "original_generated_xy_path": "generated.xy",
    "original_generation_params_json": "generation_params.json",
    "original_generation_quality_json": "generation_quality.json"
  },
  "quality": {
    "note": "These are theory-vs-generated synthetic quality indicators plus donor-template quality provenance. They are not Rietveld fit-to-experiment outputs.",
    "theory_vs_generated": {
      "profile_pearson": 0.8980418374494127,
      "profile_cosine": 0.8916272471006531,
      "rmse": 1.956911443382156,
      "mae": 0.8240436193625849,
      "background_fraction_generated": 17.88620853047759,
      "top_peak_count_used": 20,
      "top_peak_height_log_mae": 16.048225247450993,
      "top_peak_shift_abs_mean_deg": 0.2705961227416987,
      "peak_window_pearson": 0.8851210003514552,
      "peak_window_cosine": 0.8995882383844312
    },
    "donor_template_quality": {
      "selected_sample_code": "1191__opxrd_000584__H1_Mg1_O1",
      "selected_peak_window_rwp": 5.48784949745101,
      "selected_peak_window_pearson": 0.9997162154875435,
      "selected_background_fraction": 0.5127638626915709,
      "donor_rows": {
        "instrument": "1191__opxrd_000584__H1_Mg1_O1",
        "chemistry": "0296__rruff_R050443-1__C1_Mg1_O3",
        "microstructure": "0296__rruff_R050443-1__C1_Mg1_O3",
        "orientation": "0024__rruff_R040046-1__Be2_O4_Si1",
        "background": "1191__opxrd_000584__H1_Mg1_O1"
      },
      "donor_rwp_percent": {
        "instrument": 5.159210709102735,
        "chemistry": 27.08433368266328,
        "microstructure": 27.08433368266328,
        "orientation": 23.377284296737603,
        "background": 5.159210709102735
      },
      "donor_peak_window_rwp": {
        "instrument": 5.48784949745101,
        "chemistry": 13.745715758604918,
        "microstructure": 13.745715758604918,
        "orientation": 23.591152254750387,
        "background": 5.48784949745101
      }
    }
  },
  "generation_tier": "strict_core"
}
