{
  "sample_name": "Pr2O3_150",
  "phase_id": "cod_1010280",
  "formula": "Pr2O3",
  "space_group": 150,
  "space_group_symbol": "P321",
  "crystal_system": "trigonal",
  "source_origin": "cod",
  "slot": "background",
  "formula_group_id": "O3|Pr2::sg::150",
  "descriptor": {
    "phase_id": "cod_1010280",
    "formula": "Pr2O3",
    "crystal_system": "trigonal",
    "elements": [
      "O",
      "Pr"
    ],
    "density_g_cm3": 7.1107299481857975,
    "avg_z": 28.4,
    "max_z": 59.0,
    "heavy_fraction": 0.4,
    "transition_fraction": 0.0,
    "cell_lengths": [
      3.85,
      3.85,
      6.0
    ],
    "cell_angles": [
      90.0,
      90.0,
      119.99999999999999
    ],
    "cell_volume": 77.01996928556906,
    "cell_anisotropy": 1.5584415584415585,
    "anisotropy_index": 0.5584415584415585,
    "theoretical_peak_count": 26,
    "peak_density": 0.3058823529411765,
    "median_gap_deg": 1.9464111328125,
    "crowded_fraction": 0.0,
    "isolated_fraction": 0.84,
    "simple_topology": false,
    "preferred_po_axis": [
      0,
      0,
      1
    ],
    "fluorescence_bucket": "none",
    "absorption_bucket": "heavy"
  },
  "generation": {
    "theta_min": 5.0,
    "theta_max": 90.0,
    "num_points": 8501,
    "template_rwp_percent": 8.894243026156627,
    "template_peak_window_rwp": 11.562371080606463,
    "template_peak_window_pearson": 0.9970396627337116,
    "synth_params": {
      "ka1": 1.5405929,
      "ka2": 1.5444274,
      "use_tch_profile": true,
      "sigma_scale": 0.915935817612402,
      "kb_ratio": 0.01500880233919089,
      "use_fcj_asymmetry": true,
      "detector_nonlinearity": 0.0,
      "use_ka2": true,
      "caglioti_u": 0.031390575609021656,
      "kb": 1.39225,
      "caglioti_w": 0.0018448797995058975,
      "detector_deadtime_coeff": 0.0,
      "axial_s_over_l": 0.0012,
      "sigma_min_deg": 0.008,
      "ka2_ratio": 0.48492173130236843,
      "caglioti_v": 0.007351125729718566,
      "sigma_deg": 0.01878969372542678,
      "use_kbeta": true,
      "beam_sample_ratio": 0.05,
      "fluorescence_level": 0.0,
      "muR": 0.060635190034544165,
      "trns": 0.03,
      "fluorescence_decay": 3.0,
      "lorentz_z": 0.0007626903334521539,
      "strain": 8.248832869150249e-06,
      "pseudo_voigt_eta": -0.026137299557931398,
      "lorentz_size": 0.02632542586736965,
      "macro_strain": 0.0,
      "sample_displacement_sr": -0.0002,
      "size_nm": 221.26334001712553,
      "delta_deg": -0.01,
      "lorentz_strain": 0.00984405505400054,
      "po_r": 1.0,
      "air_scatter_level": 1.5043160827637982,
      "b3": 0.10299375283530815,
      "scatter_sigma_deg": 7.699100070281181,
      "b4": 0.31282989258554345,
      "scatter_level": 1.2,
      "compton_level": 0.21821706008330488,
      "holder_scatter_center_deg": 8.452854877903937,
      "a": 2.5764626566355977,
      "holder_scatter_level": 0.17441951742242592,
      "scatter_center_deg": 24.028142905786652,
      "b5": -0.3304254188588024,
      "poisson_counts_max": 5019.25,
      "air_scatter_floor": 0.015831746406588215,
      "b1": -1.117342928390338,
      "b0": 9.41725529385996,
      "b2": -2.190287781237602,
      "holder_scatter_sigma_deg": 4.455131483066237,
      "po_hkl_axis": [
        0.0,
        1.0,
        0.0
      ],
      "final_normalize": true
    },
    "synth_sampling_meta": {
      "family_name": "background",
      "slot": "background",
      "source_family": "opxrd_like",
      "preferred_source_family": "opxrd_like",
      "descriptor": {
        "phase_id": "cod_1010280",
        "formula": "Pr2O3",
        "crystal_system": "trigonal",
        "elements": [
          "O",
          "Pr"
        ],
        "density_g_cm3": 7.1107299481857975,
        "avg_z": 28.4,
        "max_z": 59.0,
        "heavy_fraction": 0.4,
        "transition_fraction": 0.0,
        "cell_lengths": [
          3.85,
          3.85,
          6.0
        ],
        "cell_angles": [
          90.0,
          90.0,
          119.99999999999999
        ],
        "cell_volume": 77.01996928556906,
        "cell_anisotropy": 1.5584415584415585,
        "anisotropy_index": 0.5584415584415585,
        "theoretical_peak_count": 26,
        "peak_density": 0.3058823529411765,
        "median_gap_deg": 1.9464111328125,
        "crowded_fraction": 0.0,
        "isolated_fraction": 0.84,
        "simple_topology": false,
        "preferred_po_axis": [
          0,
          0,
          1
        ],
        "fluorescence_bucket": "none",
        "absorption_bucket": "heavy"
      },
      "attempt": 1,
      "donor_rows": {
        "instrument": "1191__opxrd_000584__H1_Mg1_O1",
        "chemistry": "0415__rruff_R060150-1__Ca13_F10_H12_O34_Si10",
        "microstructure": "0152__rruff_R050128-1__C1_Ca1_O3",
        "orientation": "0154__rruff_R050130-1__C1_Ca1_O3",
        "background": "0296__rruff_R050443-1__C1_Mg1_O3"
      },
      "donor_rwp_percent": {
        "instrument": 5.159210709102735,
        "chemistry": 8.00315190123515,
        "microstructure": 10.060210456264361,
        "orientation": 10.499124209338653,
        "background": 27.08433368266328
      },
      "donor_peak_window_rwp": {
        "instrument": 5.48784949745101,
        "chemistry": 11.357098944708872,
        "microstructure": 12.829743047113176,
        "orientation": 14.501948057757202,
        "background": 13.745715758604918
      },
      "selected_sample_code": "1191__opxrd_000584__H1_Mg1_O1",
      "selected_peak_window_rwp": 5.48784949745101,
      "selected_peak_window_pearson": 0.9997162154875435,
      "selected_background_fraction": 0.3921797860339511
    },
    "original_sample_dir": "Pr2O3_SG150",
    "original_cif_path": "phase.cif",
    "original_generated_xy_path": "generated.xy",
    "original_generation_params_json": "generation_params.json",
    "original_generation_quality_json": "generation_quality.json"
  },
  "quality": {
    "note": "These are theory-vs-generated synthetic quality indicators plus donor-template quality provenance. They are not Rietveld fit-to-experiment outputs.",
    "theory_vs_generated": {
      "profile_pearson": 0.9590641137442915,
      "profile_cosine": 0.9326366410495391,
      "rmse": 1.7685658121698071,
      "mae": 1.2330922568148799,
      "background_fraction_generated": 7.990533524562721,
      "top_peak_count_used": 20,
      "top_peak_height_log_mae": 12.49493164237023,
      "top_peak_shift_abs_mean_deg": 0.21423261451721193,
      "peak_window_pearson": 0.9595733409117079,
      "peak_window_cosine": 0.9526430704045095
    },
    "donor_template_quality": {
      "selected_sample_code": "1191__opxrd_000584__H1_Mg1_O1",
      "selected_peak_window_rwp": 5.48784949745101,
      "selected_peak_window_pearson": 0.9997162154875435,
      "selected_background_fraction": 0.3921797860339511,
      "donor_rows": {
        "instrument": "1191__opxrd_000584__H1_Mg1_O1",
        "chemistry": "0415__rruff_R060150-1__Ca13_F10_H12_O34_Si10",
        "microstructure": "0152__rruff_R050128-1__C1_Ca1_O3",
        "orientation": "0154__rruff_R050130-1__C1_Ca1_O3",
        "background": "0296__rruff_R050443-1__C1_Mg1_O3"
      },
      "donor_rwp_percent": {
        "instrument": 5.159210709102735,
        "chemistry": 8.00315190123515,
        "microstructure": 10.060210456264361,
        "orientation": 10.499124209338653,
        "background": 27.08433368266328
      },
      "donor_peak_window_rwp": {
        "instrument": 5.48784949745101,
        "chemistry": 11.357098944708872,
        "microstructure": 12.829743047113176,
        "orientation": 14.501948057757202,
        "background": 13.745715758604918
      }
    }
  },
  "generation_tier": "strict_core"
}
