{
  "sample_name": "YbAg_221",
  "phase_id": "cod_2310067",
  "formula": "YbAg",
  "space_group": 221,
  "space_group_symbol": "Pm-3m",
  "crystal_system": "cubic",
  "source_origin": "cod",
  "slot": "background",
  "formula_group_id": "Ag1|Yb1::sg::221",
  "descriptor": {
    "phase_id": "cod_2310067",
    "formula": "YbAg",
    "crystal_system": "cubic",
    "elements": [
      "Ag",
      "Yb"
    ],
    "density_g_cm3": 9.36980166339382,
    "avg_z": 58.5,
    "max_z": 70.0,
    "heavy_fraction": 1.0,
    "transition_fraction": 0.5,
    "cell_lengths": [
      3.6787,
      3.6787,
      3.6787
    ],
    "cell_angles": [
      90.0,
      90.0,
      90.0
    ],
    "cell_volume": 49.783235295403,
    "cell_anisotropy": 1.0,
    "anisotropy_index": 0.0,
    "theoretical_peak_count": 10,
    "peak_density": 0.11764705882352941,
    "median_gap_deg": 6.327709197998047,
    "crowded_fraction": 0.0,
    "isolated_fraction": 1.0,
    "simple_topology": true,
    "preferred_po_axis": [
      0,
      0,
      1
    ],
    "fluorescence_bucket": "moderate",
    "absorption_bucket": "heavy"
  },
  "generation": {
    "theta_min": 5.0,
    "theta_max": 90.0,
    "num_points": 8501,
    "template_rwp_percent": 10.768191488948645,
    "template_peak_window_rwp": 15.790698905860124,
    "template_peak_window_pearson": 0.9939831093215756,
    "synth_params": {
      "ka1": 1.5405929,
      "ka2": 1.5444274,
      "use_tch_profile": true,
      "sigma_scale": 0.915935817612402,
      "kb_ratio": 0.01500880233919089,
      "use_fcj_asymmetry": true,
      "detector_nonlinearity": 0.0,
      "use_ka2": true,
      "caglioti_u": 0.031390575609021656,
      "kb": 1.39225,
      "caglioti_w": 0.0018448797995058975,
      "detector_deadtime_coeff": 0.0,
      "axial_s_over_l": 0.0012,
      "sigma_min_deg": 0.008,
      "ka2_ratio": 0.48492173130236843,
      "caglioti_v": 0.007351125729718566,
      "sigma_deg": 0.01878969372542678,
      "use_kbeta": true,
      "beam_sample_ratio": 0.05,
      "fluorescence_level": 1.0,
      "muR": 0.04,
      "trns": 0.00016750764429047767,
      "fluorescence_decay": 2.99999999999949,
      "lorentz_z": 1e-08,
      "strain": 0.0008000296462442366,
      "pseudo_voigt_eta": 0.019998961241739277,
      "lorentz_size": 0.04,
      "macro_strain": 0.0,
      "sample_displacement_sr": -0.00026056648550186646,
      "size_nm": 145.00000337408164,
      "delta_deg": -0.009974397899304058,
      "lorentz_strain": 0.01,
      "po_r": 1.0,
      "air_scatter_level": 1.837371359501531,
      "b3": 0.8333585760390166,
      "scatter_sigma_deg": 10.280090718266589,
      "b4": 1.4711478930914026,
      "scatter_level": 8.14000845189286,
      "compton_level": 0.26620693482319707,
      "holder_scatter_center_deg": 10.889990696593637,
      "a": 1.0,
      "holder_scatter_level": 2.226555820293213,
      "scatter_center_deg": 24.44541578924969,
      "b5": 0.45944453689334613,
      "poisson_counts_max": 1823.25,
      "air_scatter_floor": 0.07818997152589625,
      "b1": 3.789640061133755,
      "b0": 20.09694408730811,
      "b2": -4.2192491651042525,
      "holder_scatter_sigma_deg": 6.048951068690101,
      "po_hkl_axis": [
        0.0,
        1.0,
        0.0
      ],
      "final_normalize": true
    },
    "synth_sampling_meta": {
      "family_name": "background",
      "slot": "background",
      "source_family": "opxrd_like",
      "preferred_source_family": "opxrd_like",
      "descriptor": {
        "phase_id": "cod_2310067",
        "formula": "YbAg",
        "crystal_system": "cubic",
        "elements": [
          "Ag",
          "Yb"
        ],
        "density_g_cm3": 9.36980166339382,
        "avg_z": 58.5,
        "max_z": 70.0,
        "heavy_fraction": 1.0,
        "transition_fraction": 0.5,
        "cell_lengths": [
          3.6787,
          3.6787,
          3.6787
        ],
        "cell_angles": [
          90.0,
          90.0,
          90.0
        ],
        "cell_volume": 49.783235295403,
        "cell_anisotropy": 1.0,
        "anisotropy_index": 0.0,
        "theoretical_peak_count": 10,
        "peak_density": 0.11764705882352941,
        "median_gap_deg": 6.327709197998047,
        "crowded_fraction": 0.0,
        "isolated_fraction": 1.0,
        "simple_topology": true,
        "preferred_po_axis": [
          0,
          0,
          1
        ],
        "fluorescence_bucket": "moderate",
        "absorption_bucket": "heavy"
      },
      "attempt": 1,
      "donor_rows": {
        "instrument": "1191__opxrd_000584__H1_Mg1_O1",
        "chemistry": "0617__rruff_R200013__Ag1_Te1",
        "microstructure": "0577__rruff_R070325-1__Pb1_S1",
        "orientation": "0263__rruff_R050383-1__As2_O3",
        "background": "0263__rruff_R050383-1__As2_O3"
      },
      "donor_rwp_percent": {
        "instrument": 5.159210709102735,
        "chemistry": 10.842870596894375,
        "microstructure": 25.4358314883228,
        "orientation": 17.41046189245676,
        "background": 17.41046189245676
      },
      "donor_peak_window_rwp": {
        "instrument": 5.48784949745101,
        "chemistry": 9.019290975003878,
        "microstructure": 22.725990793938916,
        "orientation": 12.218284496370515,
        "background": 12.218284496370515
      },
      "selected_sample_code": "1191__opxrd_000584__H1_Mg1_O1",
      "selected_peak_window_rwp": 5.48784949745101,
      "selected_peak_window_pearson": 0.9997162154875435,
      "selected_background_fraction": 0.6317956133575797
    },
    "original_sample_dir": "YbAg_SG221",
    "original_cif_path": "phase.cif",
    "original_generated_xy_path": "generated.xy",
    "original_generation_params_json": "generation_params.json",
    "original_generation_quality_json": "generation_quality.json"
  },
  "quality": {
    "note": "These are theory-vs-generated synthetic quality indicators plus donor-template quality provenance. They are not Rietveld fit-to-experiment outputs.",
    "theory_vs_generated": {
      "profile_pearson": 0.8968721272741257,
      "profile_cosine": 0.6004365540969299,
      "rmse": 6.1419397071380475,
      "mae": 5.816086625609187,
      "background_fraction_generated": 4.642458500537627,
      "top_peak_count_used": 10,
      "top_peak_height_log_mae": 16.04891405803246,
      "top_peak_shift_abs_mean_deg": 0.2807487411499025,
      "peak_window_pearson": 0.9084820154053342,
      "peak_window_cosine": 0.8649131240713661
    },
    "donor_template_quality": {
      "selected_sample_code": "1191__opxrd_000584__H1_Mg1_O1",
      "selected_peak_window_rwp": 5.48784949745101,
      "selected_peak_window_pearson": 0.9997162154875435,
      "selected_background_fraction": 0.6317956133575797,
      "donor_rows": {
        "instrument": "1191__opxrd_000584__H1_Mg1_O1",
        "chemistry": "0617__rruff_R200013__Ag1_Te1",
        "microstructure": "0577__rruff_R070325-1__Pb1_S1",
        "orientation": "0263__rruff_R050383-1__As2_O3",
        "background": "0263__rruff_R050383-1__As2_O3"
      },
      "donor_rwp_percent": {
        "instrument": 5.159210709102735,
        "chemistry": 10.842870596894375,
        "microstructure": 25.4358314883228,
        "orientation": 17.41046189245676,
        "background": 17.41046189245676
      },
      "donor_peak_window_rwp": {
        "instrument": 5.48784949745101,
        "chemistry": 9.019290975003878,
        "microstructure": 22.725990793938916,
        "orientation": 12.218284496370515,
        "background": 12.218284496370515
      }
    }
  },
  "generation_tier": "strict_core"
}
