{
  "sample_name": "Li3InO3_165",
  "phase_id": "cod_1528090",
  "formula": "Li3InO3",
  "space_group": 165,
  "space_group_symbol": "P-3c1",
  "crystal_system": "trigonal",
  "source_origin": "cod",
  "slot": "profile",
  "formula_group_id": "In1|Li3|O3::sg::165",
  "descriptor": {
    "phase_id": "cod_1528090",
    "formula": "Li3InO3",
    "crystal_system": "trigonal",
    "elements": [
      "In",
      "Li",
      "O"
    ],
    "density_g_cm3": 4.394161889715859,
    "avg_z": 11.714285714285714,
    "max_z": 49.0,
    "heavy_fraction": 0.14285714285714285,
    "transition_fraction": 0.0,
    "cell_lengths": [
      9.6064,
      9.6064,
      10.42
    ],
    "cell_angles": [
      90.0,
      90.0,
      120.00000000000001
    ],
    "cell_volume": 832.759667500367,
    "cell_anisotropy": 1.0846935376415723,
    "anisotropy_index": 0.08469353764157228,
    "theoretical_peak_count": 120,
    "peak_density": 1.411764705882353,
    "median_gap_deg": 0.44950103759765625,
    "crowded_fraction": 0.4117647058823529,
    "isolated_fraction": 0.10084033613445378,
    "simple_topology": false,
    "preferred_po_axis": [
      0,
      0,
      1
    ],
    "fluorescence_bucket": "none",
    "absorption_bucket": "medium"
  },
  "generation": {
    "theta_min": 5.0,
    "theta_max": 90.0,
    "num_points": 8501,
    "template_rwp_percent": 27.08433368266328,
    "template_peak_window_rwp": 13.745715758604918,
    "template_peak_window_pearson": 0.9972437717636932,
    "synth_params": {
      "ka1": 1.5405929,
      "ka2": 1.5444274,
      "use_tch_profile": true,
      "sigma_scale": 0.915935817612402,
      "kb_ratio": 0.01500880233919089,
      "use_fcj_asymmetry": true,
      "detector_nonlinearity": 0.0,
      "use_ka2": true,
      "caglioti_u": 0.031390575609021656,
      "kb": 1.39225,
      "caglioti_w": 0.0018448797995058975,
      "detector_deadtime_coeff": 0.0,
      "axial_s_over_l": 0.0012,
      "sigma_min_deg": 0.008,
      "ka2_ratio": 0.48492173130236843,
      "caglioti_v": 0.007351125729718566,
      "sigma_deg": 0.019353384537189586,
      "use_kbeta": true,
      "beam_sample_ratio": 0.05,
      "fluorescence_level": 0.0,
      "muR": 0.01,
      "trns": 0.0,
      "fluorescence_decay": 3.0,
      "lorentz_z": 0.0007626903334521539,
      "strain": 8.248832869150249e-06,
      "pseudo_voigt_eta": -0.026137299557931398,
      "lorentz_size": 0.02658868012604335,
      "macro_strain": 0.0,
      "sample_displacement_sr": -0.0002,
      "size_nm": 180.0,
      "delta_deg": -0.01,
      "lorentz_strain": 0.009,
      "po_r": 1.0,
      "air_scatter_level": 1.0620226493266718,
      "b3": 0.06477202067221789,
      "scatter_sigma_deg": 8.626581882942178,
      "b4": 0.06528002471603768,
      "scatter_level": 4.0960318067685195,
      "compton_level": 0.018260490246119785,
      "holder_scatter_center_deg": 8.733630486426796,
      "a": 2.7860400406715473,
      "holder_scatter_level": 1.748677487426722,
      "scatter_center_deg": 3.8378658127202927,
      "b5": 2.4817244509620853e-06,
      "poisson_counts_max": 2813.9,
      "air_scatter_floor": 0.023676712864369537,
      "b1": -1.9302030990920167,
      "b0": -1.304914537860174,
      "b2": 1.2713466601275605,
      "holder_scatter_sigma_deg": 1.4457971233688056,
      "po_hkl_axis": [
        0.0,
        1.0,
        0.0
      ],
      "final_normalize": true
    },
    "synth_sampling_meta": {
      "family_name": "profile",
      "slot": "profile",
      "source_family": "opxrd_like",
      "preferred_source_family": "opxrd_like",
      "descriptor": {
        "phase_id": "cod_1528090",
        "formula": "Li3InO3",
        "crystal_system": "trigonal",
        "elements": [
          "In",
          "Li",
          "O"
        ],
        "density_g_cm3": 4.394161889715859,
        "avg_z": 11.714285714285714,
        "max_z": 49.0,
        "heavy_fraction": 0.14285714285714285,
        "transition_fraction": 0.0,
        "cell_lengths": [
          9.6064,
          9.6064,
          10.42
        ],
        "cell_angles": [
          90.0,
          90.0,
          120.00000000000001
        ],
        "cell_volume": 832.759667500367,
        "cell_anisotropy": 1.0846935376415723,
        "anisotropy_index": 0.08469353764157228,
        "theoretical_peak_count": 120,
        "peak_density": 1.411764705882353,
        "median_gap_deg": 0.44950103759765625,
        "crowded_fraction": 0.4117647058823529,
        "isolated_fraction": 0.10084033613445378,
        "simple_topology": false,
        "preferred_po_axis": [
          0,
          0,
          1
        ],
        "fluorescence_bucket": "none",
        "absorption_bucket": "medium"
      },
      "attempt": 1,
      "donor_rows": {
        "instrument": "1191__opxrd_000584__H1_Mg1_O1",
        "chemistry": "0152__rruff_R050128-1__C1_Ca1_O3",
        "microstructure": "0152__rruff_R050128-1__C1_Ca1_O3",
        "orientation": "0016__rruff_R040030-1__C2_Ca1_Mg1_O6",
        "background": "0415__rruff_R060150-1__Ca13_F10_H12_O34_Si10"
      },
      "donor_rwp_percent": {
        "instrument": 5.159210709102735,
        "chemistry": 10.060210456264361,
        "microstructure": 10.060210456264361,
        "orientation": 27.23933763789696,
        "background": 8.00315190123515
      },
      "donor_peak_window_rwp": {
        "instrument": 5.48784949745101,
        "chemistry": 12.829743047113176,
        "microstructure": 12.829743047113176,
        "orientation": 14.145313767601136,
        "background": 11.357098944708872
      },
      "selected_sample_code": "1191__opxrd_000584__H1_Mg1_O1",
      "selected_peak_window_rwp": 5.48784949745101,
      "selected_peak_window_pearson": 0.9997162154875435,
      "selected_background_fraction": 0.11764110715388022
    },
    "original_sample_dir": "Li3InO3_SG165",
    "original_cif_path": "phase.cif",
    "original_generated_xy_path": "generated.xy",
    "original_generation_params_json": "generation_params.json",
    "original_generation_quality_json": "generation_quality.json"
  },
  "quality": {
    "note": "These are theory-vs-generated synthetic quality indicators plus donor-template quality provenance. They are not Rietveld fit-to-experiment outputs.",
    "theory_vs_generated": {
      "profile_pearson": 0.9541277991079923,
      "profile_cosine": 0.9528209490083954,
      "rmse": 2.151268731101876,
      "mae": 0.8268563278964531,
      "background_fraction_generated": 0.5916582532443778,
      "top_peak_count_used": 20,
      "top_peak_height_log_mae": 0.22133483344301177,
      "top_peak_shift_abs_mean_deg": 0.05149871444702185,
      "peak_window_pearson": 0.953687564646156,
      "peak_window_cosine": 0.954943427518827
    },
    "donor_template_quality": {
      "selected_sample_code": "1191__opxrd_000584__H1_Mg1_O1",
      "selected_peak_window_rwp": 5.48784949745101,
      "selected_peak_window_pearson": 0.9997162154875435,
      "selected_background_fraction": 0.11764110715388022,
      "donor_rows": {
        "instrument": "1191__opxrd_000584__H1_Mg1_O1",
        "chemistry": "0152__rruff_R050128-1__C1_Ca1_O3",
        "microstructure": "0152__rruff_R050128-1__C1_Ca1_O3",
        "orientation": "0016__rruff_R040030-1__C2_Ca1_Mg1_O6",
        "background": "0415__rruff_R060150-1__Ca13_F10_H12_O34_Si10"
      },
      "donor_rwp_percent": {
        "instrument": 5.159210709102735,
        "chemistry": 10.060210456264361,
        "microstructure": 10.060210456264361,
        "orientation": 27.23933763789696,
        "background": 8.00315190123515
      },
      "donor_peak_window_rwp": {
        "instrument": 5.48784949745101,
        "chemistry": 12.829743047113176,
        "microstructure": 12.829743047113176,
        "orientation": 14.145313767601136,
        "background": 11.357098944708872
      }
    }
  },
  "generation_tier": "strict_core"
}
