{
  "sample_name": "LaF3_182",
  "phase_id": "cod_1010983",
  "formula": "LaF3",
  "space_group": 182,
  "space_group_symbol": "P6_322",
  "crystal_system": "hexagonal",
  "source_origin": "cod",
  "slot": "background",
  "formula_group_id": "F3|La1::sg::182",
  "descriptor": {
    "phase_id": "cod_1010983",
    "formula": "LaF3",
    "crystal_system": "hexagonal",
    "elements": [
      "F",
      "La"
    ],
    "density_g_cm3": 5.95947676817706,
    "avg_z": 21.0,
    "max_z": 57.0,
    "heavy_fraction": 0.25,
    "transition_fraction": 0.0,
    "cell_lengths": [
      7.176,
      7.176,
      7.344
    ],
    "cell_angles": [
      90.0,
      90.0,
      119.99999999999999
    ],
    "cell_volume": 327.5127110227348,
    "cell_anisotropy": 1.0234113712374582,
    "anisotropy_index": 0.02341137123745818,
    "theoretical_peak_count": 72,
    "peak_density": 0.8470588235294118,
    "median_gap_deg": 0.7947158813476562,
    "crowded_fraction": 0.2535211267605634,
    "isolated_fraction": 0.29577464788732394,
    "simple_topology": false,
    "preferred_po_axis": [
      0,
      0,
      1
    ],
    "fluorescence_bucket": "moderate",
    "absorption_bucket": "heavy"
  },
  "generation": {
    "theta_min": 5.0,
    "theta_max": 90.0,
    "num_points": 8501,
    "template_rwp_percent": 11.800676499373662,
    "template_peak_window_rwp": 16.67151917078972,
    "template_peak_window_pearson": 0.9867544375397198,
    "synth_params": {
      "ka1": 1.5405929,
      "ka2": 1.5444274,
      "use_tch_profile": true,
      "sigma_scale": 0.915935817612402,
      "kb_ratio": 0.01500880233919089,
      "use_fcj_asymmetry": true,
      "detector_nonlinearity": 0.0,
      "use_ka2": true,
      "caglioti_u": 0.031390575609021656,
      "kb": 1.39225,
      "caglioti_w": 0.0018448797995058975,
      "detector_deadtime_coeff": 0.0,
      "axial_s_over_l": 0.0012,
      "sigma_min_deg": 0.008,
      "ka2_ratio": 0.48492173130236843,
      "caglioti_v": 0.007351125729718566,
      "sigma_deg": 0.01878969372542678,
      "use_kbeta": true,
      "beam_sample_ratio": 0.05,
      "fluorescence_level": 1.0,
      "muR": 0.05995239353388751,
      "trns": 0.03,
      "fluorescence_decay": 2.999999996363511,
      "lorentz_z": 1.0032539577011402e-08,
      "strain": 0.0010680751712122765,
      "pseudo_voigt_eta": 0.00483392346706091,
      "lorentz_size": 0.014927221619280328,
      "macro_strain": 0.0006762887990593915,
      "sample_displacement_sr": -7.416894404627511e-07,
      "size_nm": 240.0,
      "delta_deg": 0.044698084419951975,
      "lorentz_strain": 0.008,
      "po_r": 1.0,
      "air_scatter_level": 0.0699409243167614,
      "b3": 0.2867560980286222,
      "scatter_sigma_deg": 2.4032796574175057,
      "b4": 0.0724132652676619,
      "scatter_level": 1.2,
      "compton_level": 0.3373117747484129,
      "holder_scatter_center_deg": 5.59236850449496,
      "a": 1.0,
      "holder_scatter_level": 0.4253962331563511,
      "scatter_center_deg": 12.576372474115276,
      "b5": 0.11107137416839634,
      "poisson_counts_max": 900.0,
      "air_scatter_floor": 0.3489504647724788,
      "b1": -1.0907857618693582,
      "b0": 7.411490744712526,
      "b2": -0.040521856813679515,
      "holder_scatter_sigma_deg": 3.6823886828917276,
      "po_hkl_axis": [
        0.0,
        1.0,
        0.0
      ],
      "final_normalize": true
    },
    "synth_sampling_meta": {
      "family_name": "background",
      "slot": "background",
      "source_family": "opxrd_like",
      "preferred_source_family": "opxrd_like",
      "descriptor": {
        "phase_id": "cod_1010983",
        "formula": "LaF3",
        "crystal_system": "hexagonal",
        "elements": [
          "F",
          "La"
        ],
        "density_g_cm3": 5.95947676817706,
        "avg_z": 21.0,
        "max_z": 57.0,
        "heavy_fraction": 0.25,
        "transition_fraction": 0.0,
        "cell_lengths": [
          7.176,
          7.176,
          7.344
        ],
        "cell_angles": [
          90.0,
          90.0,
          119.99999999999999
        ],
        "cell_volume": 327.5127110227348,
        "cell_anisotropy": 1.0234113712374582,
        "anisotropy_index": 0.02341137123745818,
        "theoretical_peak_count": 72,
        "peak_density": 0.8470588235294118,
        "median_gap_deg": 0.7947158813476562,
        "crowded_fraction": 0.2535211267605634,
        "isolated_fraction": 0.29577464788732394,
        "simple_topology": false,
        "preferred_po_axis": [
          0,
          0,
          1
        ],
        "fluorescence_bucket": "moderate",
        "absorption_bucket": "heavy"
      },
      "attempt": 1,
      "donor_rows": {
        "instrument": "1191__opxrd_000584__H1_Mg1_O1",
        "chemistry": "0593__rruff_R070576-1__Be2_Na4_O20_Si6_Sn1",
        "microstructure": "0102__rruff_R050015-1__Cl1_O12_P3_Pb5",
        "orientation": "0491__rruff_R060550-1__C1_Ce1_F1_O3",
        "background": "0416__rruff_R060151-1__Ca2_Nb2_O7"
      },
      "donor_rwp_percent": {
        "instrument": 5.159210709102735,
        "chemistry": 9.858207442453974,
        "microstructure": 26.161823077795574,
        "orientation": 29.110463791952114,
        "background": 10.768191488948645
      },
      "donor_peak_window_rwp": {
        "instrument": 5.48784949745101,
        "chemistry": 13.521151339036324,
        "microstructure": 24.68930471114349,
        "orientation": 27.53245841869923,
        "background": 15.790698905860124
      },
      "selected_sample_code": "1191__opxrd_000584__H1_Mg1_O1",
      "selected_peak_window_rwp": 5.48784949745101,
      "selected_peak_window_pearson": 0.9997162154875435,
      "selected_background_fraction": 0.5803735966783352
    },
    "original_sample_dir": "LaF3_SG182",
    "original_cif_path": "phase.cif",
    "original_generated_xy_path": "generated.xy",
    "original_generation_params_json": "generation_params.json",
    "original_generation_quality_json": "generation_quality.json"
  },
  "quality": {
    "note": "These are theory-vs-generated synthetic quality indicators plus donor-template quality provenance. They are not Rietveld fit-to-experiment outputs.",
    "theory_vs_generated": {
      "profile_pearson": 0.9284449406271941,
      "profile_cosine": 0.8938865958521256,
      "rmse": 2.5486590975888275,
      "mae": 1.8115878145398543,
      "background_fraction_generated": 3.2939329163358275,
      "top_peak_count_used": 20,
      "top_peak_height_log_mae": 5.502236397239053,
      "top_peak_shift_abs_mean_deg": 0.10947896957397596,
      "peak_window_pearson": 0.9253405246040809,
      "peak_window_cosine": 0.922254323176226
    },
    "donor_template_quality": {
      "selected_sample_code": "1191__opxrd_000584__H1_Mg1_O1",
      "selected_peak_window_rwp": 5.48784949745101,
      "selected_peak_window_pearson": 0.9997162154875435,
      "selected_background_fraction": 0.5803735966783352,
      "donor_rows": {
        "instrument": "1191__opxrd_000584__H1_Mg1_O1",
        "chemistry": "0593__rruff_R070576-1__Be2_Na4_O20_Si6_Sn1",
        "microstructure": "0102__rruff_R050015-1__Cl1_O12_P3_Pb5",
        "orientation": "0491__rruff_R060550-1__C1_Ce1_F1_O3",
        "background": "0416__rruff_R060151-1__Ca2_Nb2_O7"
      },
      "donor_rwp_percent": {
        "instrument": 5.159210709102735,
        "chemistry": 9.858207442453974,
        "microstructure": 26.161823077795574,
        "orientation": 29.110463791952114,
        "background": 10.768191488948645
      },
      "donor_peak_window_rwp": {
        "instrument": 5.48784949745101,
        "chemistry": 13.521151339036324,
        "microstructure": 24.68930471114349,
        "orientation": 27.53245841869923,
        "background": 15.790698905860124
      }
    }
  },
  "generation_tier": "strict_core"
}
