{
  "sample_name": "AsO2_62",
  "phase_id": "mp-27356",
  "formula": "AsO2",
  "space_group": 62,
  "space_group_symbol": "Pnma",
  "crystal_system": "orthorhombic",
  "source_origin": "materials_project",
  "slot": "profile",
  "formula_group_id": "As1|O2::sg::62",
  "descriptor": {
    "phase_id": "mp-27356",
    "formula": "AsO2",
    "crystal_system": "orthorhombic",
    "elements": [
      "As",
      "O"
    ],
    "density_g_cm3": 4.294033859664137,
    "avg_z": 16.333333333333332,
    "max_z": 33.0,
    "heavy_fraction": 0.0,
    "transition_fraction": 0.0,
    "cell_lengths": [
      8.61476516,
      5.2635072,
      7.29483597
    ],
    "cell_angles": [
      90.0,
      90.0,
      90.0
    ],
    "cell_volume": 330.7761555069635,
    "cell_anisotropy": 1.6366967561096903,
    "anisotropy_index": 0.6366967561096903,
    "theoretical_peak_count": 154,
    "peak_density": 1.811764705882353,
    "median_gap_deg": 0.31508636474609375,
    "crowded_fraction": 0.5424836601307189,
    "isolated_fraction": 0.0718954248366013,
    "simple_topology": false,
    "preferred_po_axis": [
      1,
      0,
      0
    ],
    "fluorescence_bucket": "none",
    "absorption_bucket": "medium"
  },
  "generation": {
    "theta_min": 5.0,
    "theta_max": 90.0,
    "num_points": 8501,
    "template_rwp_percent": 13.402713244316242,
    "template_peak_window_rwp": 13.36610465902315,
    "template_peak_window_pearson": 0.9814392226643239,
    "synth_params": {
      "ka1": 1.5405929,
      "ka2": 1.5444274,
      "use_tch_profile": true,
      "sigma_scale": 0.915935817612402,
      "kb_ratio": 0.01500880233919089,
      "use_fcj_asymmetry": true,
      "detector_nonlinearity": 0.0,
      "use_ka2": true,
      "caglioti_u": 0.031390575609021656,
      "kb": 1.39225,
      "caglioti_w": 0.0018448797995058975,
      "detector_deadtime_coeff": 0.0,
      "axial_s_over_l": 0.0012,
      "sigma_min_deg": 0.008,
      "ka2_ratio": 0.48492173130236843,
      "caglioti_v": 0.007351125729718566,
      "sigma_deg": 0.019353384537189586,
      "use_kbeta": true,
      "beam_sample_ratio": 0.05,
      "fluorescence_level": 0.0,
      "muR": 0.012883265076918796,
      "trns": 0.001921343030325408,
      "fluorescence_decay": 3.0,
      "lorentz_z": 0.00014387377403396066,
      "strain": 0.002215053054244282,
      "pseudo_voigt_eta": 0.34999928926187507,
      "lorentz_size": 0.010616379770569248,
      "macro_strain": 0.00013946769906604214,
      "sample_displacement_sr": -0.0005374021462425987,
      "size_nm": 180.0,
      "delta_deg": -0.01869728849954287,
      "lorentz_strain": 0.009,
      "po_r": 1.0,
      "air_scatter_level": 1e-08,
      "b3": -0.1848624278005454,
      "scatter_sigma_deg": 6.0,
      "b4": 0.20595308036552476,
      "scatter_level": 1e-08,
      "compton_level": 1e-08,
      "holder_scatter_center_deg": 15.0,
      "a": 2.456521703905162,
      "holder_scatter_level": 1e-08,
      "scatter_center_deg": 15.0,
      "b5": -1.0196444166448001e-06,
      "poisson_counts_max": 3486.5,
      "air_scatter_floor": 0.05,
      "b1": -4.44554467722384,
      "b0": 21.288767814184258,
      "b2": -1.9952642435986017,
      "holder_scatter_sigma_deg": 4.0,
      "po_hkl_axis": [
        0.0,
        1.0,
        0.0
      ],
      "final_normalize": true
    },
    "synth_sampling_meta": {
      "family_name": "profile",
      "slot": "profile",
      "source_family": "opxrd_like",
      "preferred_source_family": "opxrd_like",
      "descriptor": {
        "phase_id": "mp-27356",
        "formula": "AsO2",
        "crystal_system": "orthorhombic",
        "elements": [
          "As",
          "O"
        ],
        "density_g_cm3": 4.294033859664137,
        "avg_z": 16.333333333333332,
        "max_z": 33.0,
        "heavy_fraction": 0.0,
        "transition_fraction": 0.0,
        "cell_lengths": [
          8.61476516,
          5.2635072,
          7.29483597
        ],
        "cell_angles": [
          90.0,
          90.0,
          90.0
        ],
        "cell_volume": 330.7761555069635,
        "cell_anisotropy": 1.6366967561096903,
        "anisotropy_index": 0.6366967561096903,
        "theoretical_peak_count": 154,
        "peak_density": 1.811764705882353,
        "median_gap_deg": 0.31508636474609375,
        "crowded_fraction": 0.5424836601307189,
        "isolated_fraction": 0.0718954248366013,
        "simple_topology": false,
        "preferred_po_axis": [
          1,
          0,
          0
        ],
        "fluorescence_bucket": "none",
        "absorption_bucket": "medium"
      },
      "attempt": 1,
      "donor_rows": {
        "instrument": "1191__opxrd_000584__H1_Mg1_O1",
        "chemistry": "0113__rruff_R050045-1__Ca1_F2",
        "microstructure": "0097__rruff_R050008-1__O4_S1_Sr1",
        "orientation": "0065__rruff_R040121-1__Al2_F2_O4_Si1",
        "background": "1191__opxrd_000584__H1_Mg1_O1"
      },
      "donor_rwp_percent": {
        "instrument": 5.159210709102735,
        "chemistry": 10.345769455766266,
        "microstructure": 21.876050617722377,
        "orientation": 28.09848121236161,
        "background": 5.159210709102735
      },
      "donor_peak_window_rwp": {
        "instrument": 5.48784949745101,
        "chemistry": 11.85177861797737,
        "microstructure": 20.027752015008467,
        "orientation": 27.618743974959255,
        "background": 5.48784949745101
      },
      "selected_sample_code": "1191__opxrd_000584__H1_Mg1_O1",
      "selected_peak_window_rwp": 5.48784949745101,
      "selected_peak_window_pearson": 0.9997162154875435,
      "selected_background_fraction": 0.5127638626915709
    },
    "original_sample_dir": "AsO2_SG62",
    "original_cif_path": "phase.cif",
    "original_generated_xy_path": "generated.xy",
    "original_generation_params_json": "generation_params.json",
    "original_generation_quality_json": "generation_quality.json"
  },
  "quality": {
    "note": "These are theory-vs-generated synthetic quality indicators plus donor-template quality provenance. They are not Rietveld fit-to-experiment outputs.",
    "theory_vs_generated": {
      "profile_pearson": 0.8493248598317709,
      "profile_cosine": 0.8098878488578652,
      "rmse": 4.701324318943483,
      "mae": 3.3084870601272094,
      "background_fraction_generated": 4.977396962533716,
      "top_peak_count_used": 20,
      "top_peak_height_log_mae": 12.894146510386141,
      "top_peak_shift_abs_mean_deg": 0.24160947036743208,
      "peak_window_pearson": 0.8352450451326393,
      "peak_window_cosine": 0.8459006668430348
    },
    "donor_template_quality": {
      "selected_sample_code": "1191__opxrd_000584__H1_Mg1_O1",
      "selected_peak_window_rwp": 5.48784949745101,
      "selected_peak_window_pearson": 0.9997162154875435,
      "selected_background_fraction": 0.5127638626915709,
      "donor_rows": {
        "instrument": "1191__opxrd_000584__H1_Mg1_O1",
        "chemistry": "0113__rruff_R050045-1__Ca1_F2",
        "microstructure": "0097__rruff_R050008-1__O4_S1_Sr1",
        "orientation": "0065__rruff_R040121-1__Al2_F2_O4_Si1",
        "background": "1191__opxrd_000584__H1_Mg1_O1"
      },
      "donor_rwp_percent": {
        "instrument": 5.159210709102735,
        "chemistry": 10.345769455766266,
        "microstructure": 21.876050617722377,
        "orientation": 28.09848121236161,
        "background": 5.159210709102735
      },
      "donor_peak_window_rwp": {
        "instrument": 5.48784949745101,
        "chemistry": 11.85177861797737,
        "microstructure": 20.027752015008467,
        "orientation": 27.618743974959255,
        "background": 5.48784949745101
      }
    }
  },
  "generation_tier": "strict_core"
}
