{
  "sample_name": "TiPo_194",
  "phase_id": "cod_1530614",
  "formula": "TiPo",
  "space_group": 194,
  "space_group_symbol": "P6_3/mmc",
  "crystal_system": "hexagonal",
  "source_origin": "cod",
  "slot": "background",
  "formula_group_id": "Po1|Ti1::sg::194",
  "descriptor": {
    "phase_id": "cod_1530614",
    "formula": "TiPo",
    "crystal_system": "hexagonal",
    "elements": [
      "Po",
      "Ti"
    ],
    "density_g_cm3": 9.446347171401168,
    "avg_z": 53.0,
    "max_z": 84.0,
    "heavy_fraction": 0.0,
    "transition_fraction": 0.5,
    "cell_lengths": [
      3.992,
      3.992,
      6.569
    ],
    "cell_angles": [
      90.0,
      90.0,
      119.99999999999999
    ],
    "cell_volume": 90.65900719413835,
    "cell_anisotropy": 1.6455410821643286,
    "anisotropy_index": 0.6455410821643286,
    "theoretical_peak_count": 22,
    "peak_density": 0.25882352941176473,
    "median_gap_deg": 2.7275238037109375,
    "crowded_fraction": 0.0,
    "isolated_fraction": 0.7619047619047619,
    "simple_topology": true,
    "preferred_po_axis": [
      0,
      0,
      1
    ],
    "fluorescence_bucket": "high",
    "absorption_bucket": "heavy"
  },
  "generation": {
    "theta_min": 5.0,
    "theta_max": 90.0,
    "num_points": 8501,
    "template_rwp_percent": 11.800676499373662,
    "template_peak_window_rwp": 16.67151917078972,
    "template_peak_window_pearson": 0.9867544375397198,
    "synth_params": {
      "ka1": 1.5405929,
      "ka2": 1.5444274,
      "use_tch_profile": true,
      "sigma_scale": 0.915935817612402,
      "kb_ratio": 0.01500880233919089,
      "use_fcj_asymmetry": true,
      "detector_nonlinearity": 0.0,
      "use_ka2": true,
      "caglioti_u": 0.031390575609021656,
      "kb": 1.39225,
      "caglioti_w": 0.0018448797995058975,
      "detector_deadtime_coeff": 0.0,
      "axial_s_over_l": 0.0012,
      "sigma_min_deg": 0.008,
      "ka2_ratio": 0.48492173130236843,
      "caglioti_v": 0.007351125729718566,
      "sigma_deg": 0.01878969372542678,
      "use_kbeta": true,
      "beam_sample_ratio": 0.05,
      "fluorescence_level": 2.0,
      "muR": 0.04,
      "trns": 0.03,
      "fluorescence_decay": 3.0000000433755636,
      "lorentz_z": 0.0008092244694276425,
      "strain": 0.0008042135713188451,
      "pseudo_voigt_eta": 0.020010774191156322,
      "lorentz_size": 0.04,
      "macro_strain": -7.437150512546847e-08,
      "sample_displacement_sr": -0.00034450329987056254,
      "size_nm": 120.000000012,
      "delta_deg": -0.009912964306431212,
      "lorentz_strain": 0.01,
      "po_r": 1.0,
      "air_scatter_level": 0.6971871901218617,
      "b3": -0.03991285353516211,
      "scatter_sigma_deg": 9.649253723600433,
      "b4": 0.07420538351039918,
      "scatter_level": 1.2,
      "compton_level": 0.23214241681077372,
      "holder_scatter_center_deg": 6.997506816112311,
      "a": 1.0,
      "holder_scatter_level": 0.16986935466974076,
      "scatter_center_deg": 5.910802383089801,
      "b5": 0.00011517728110081099,
      "poisson_counts_max": 900.0,
      "air_scatter_floor": 0.07417749178501558,
      "b1": -0.8501235968296644,
      "b0": 6.214971750983906,
      "b2": 0.27693053404766443,
      "holder_scatter_sigma_deg": 1.7876831808129592,
      "po_hkl_axis": [
        0.0,
        1.0,
        0.0
      ],
      "final_normalize": true
    },
    "synth_sampling_meta": {
      "family_name": "background",
      "slot": "background",
      "source_family": "opxrd_like",
      "preferred_source_family": "opxrd_like",
      "descriptor": {
        "phase_id": "cod_1530614",
        "formula": "TiPo",
        "crystal_system": "hexagonal",
        "elements": [
          "Po",
          "Ti"
        ],
        "density_g_cm3": 9.446347171401168,
        "avg_z": 53.0,
        "max_z": 84.0,
        "heavy_fraction": 0.0,
        "transition_fraction": 0.5,
        "cell_lengths": [
          3.992,
          3.992,
          6.569
        ],
        "cell_angles": [
          90.0,
          90.0,
          119.99999999999999
        ],
        "cell_volume": 90.65900719413835,
        "cell_anisotropy": 1.6455410821643286,
        "anisotropy_index": 0.6455410821643286,
        "theoretical_peak_count": 22,
        "peak_density": 0.25882352941176473,
        "median_gap_deg": 2.7275238037109375,
        "crowded_fraction": 0.0,
        "isolated_fraction": 0.7619047619047619,
        "simple_topology": true,
        "preferred_po_axis": [
          0,
          0,
          1
        ],
        "fluorescence_bucket": "high",
        "absorption_bucket": "heavy"
      },
      "attempt": 1,
      "donor_rows": {
        "instrument": "1191__opxrd_000584__H1_Mg1_O1",
        "chemistry": "0165__rruff_R050171-1__Cl1_O12_Pb5_V3",
        "microstructure": "0389__rruff_R060027-1__O1_Zn1",
        "orientation": "0165__rruff_R050171-1__Cl1_O12_Pb5_V3",
        "background": "0608__rruff_R090045-1__Cd1_S1"
      },
      "donor_rwp_percent": {
        "instrument": 5.159210709102735,
        "chemistry": 21.88162695561263,
        "microstructure": 24.453222087676167,
        "orientation": 21.88162695561263,
        "background": 30.88090151282266
      },
      "donor_peak_window_rwp": {
        "instrument": 5.48784949745101,
        "chemistry": 20.7020729348177,
        "microstructure": 21.08501543119881,
        "orientation": 20.7020729348177,
        "background": 25.6560935570999
      },
      "selected_sample_code": "1191__opxrd_000584__H1_Mg1_O1",
      "selected_peak_window_rwp": 5.48784949745101,
      "selected_peak_window_pearson": 0.9997162154875435,
      "selected_background_fraction": 0.48393093644250923
    },
    "original_sample_dir": "TiPo_SG194",
    "original_cif_path": "phase.cif",
    "original_generated_xy_path": "generated.xy",
    "original_generation_params_json": "generation_params.json",
    "original_generation_quality_json": "generation_quality.json"
  },
  "quality": {
    "note": "These are theory-vs-generated synthetic quality indicators plus donor-template quality provenance. They are not Rietveld fit-to-experiment outputs.",
    "theory_vs_generated": {
      "profile_pearson": 0.8868651253262091,
      "profile_cosine": 0.8247920643249799,
      "rmse": 3.1662067499790427,
      "mae": 2.3231847072681275,
      "background_fraction_generated": 3.03253808789801,
      "top_peak_count_used": 20,
      "top_peak_height_log_mae": 7.577634550886951,
      "top_peak_shift_abs_mean_deg": 0.1575696449279798,
      "peak_window_pearson": 0.887440405690009,
      "peak_window_cosine": 0.8799276857921167
    },
    "donor_template_quality": {
      "selected_sample_code": "1191__opxrd_000584__H1_Mg1_O1",
      "selected_peak_window_rwp": 5.48784949745101,
      "selected_peak_window_pearson": 0.9997162154875435,
      "selected_background_fraction": 0.48393093644250923,
      "donor_rows": {
        "instrument": "1191__opxrd_000584__H1_Mg1_O1",
        "chemistry": "0165__rruff_R050171-1__Cl1_O12_Pb5_V3",
        "microstructure": "0389__rruff_R060027-1__O1_Zn1",
        "orientation": "0165__rruff_R050171-1__Cl1_O12_Pb5_V3",
        "background": "0608__rruff_R090045-1__Cd1_S1"
      },
      "donor_rwp_percent": {
        "instrument": 5.159210709102735,
        "chemistry": 21.88162695561263,
        "microstructure": 24.453222087676167,
        "orientation": 21.88162695561263,
        "background": 30.88090151282266
      },
      "donor_peak_window_rwp": {
        "instrument": 5.48784949745101,
        "chemistry": 20.7020729348177,
        "microstructure": 21.08501543119881,
        "orientation": 20.7020729348177,
        "background": 25.6560935570999
      }
    }
  },
  "generation_tier": "strict_core"
}
