{
  "sample_name": "MgB17O30_86",
  "phase_id": "cod_7715886",
  "formula": "MgB17O30",
  "space_group": 86,
  "space_group_symbol": "P4_2/n",
  "crystal_system": "tetragonal",
  "source_origin": "cod",
  "slot": "profile",
  "formula_group_id": "B17|Mg1|O30::sg::86",
  "descriptor": {
    "phase_id": "cod_7715886",
    "formula": "MgB17O30",
    "crystal_system": "tetragonal",
    "elements": [
      "B",
      "Mg",
      "O"
    ],
    "density_g_cm3": 1.1372468461114067,
    "avg_z": 7.020833333333333,
    "max_z": 12.0,
    "heavy_fraction": 0.0,
    "transition_fraction": 0.0,
    "cell_lengths": [
      14.0492,
      14.0492,
      10.1802
    ],
    "cell_angles": [
      90.0,
      90.0,
      90.0
    ],
    "cell_volume": 2009.3680861193282,
    "cell_anisotropy": 1.38005147246616,
    "anisotropy_index": 0.3800514724661599,
    "theoretical_peak_count": 421,
    "peak_density": 4.952941176470588,
    "median_gap_deg": 0.12646484375,
    "crowded_fraction": 0.8738095238095238,
    "isolated_fraction": 0.014285714285714285,
    "simple_topology": false,
    "preferred_po_axis": [
      0,
      0,
      1
    ],
    "fluorescence_bucket": "none",
    "absorption_bucket": "light"
  },
  "generation": {
    "theta_min": 5.0,
    "theta_max": 90.0,
    "num_points": 8501,
    "template_rwp_percent": 20.538160106639065,
    "template_peak_window_rwp": 17.54785920227529,
    "template_peak_window_pearson": 0.9936370924711724,
    "synth_params": {
      "ka1": 1.5405929,
      "ka2": 1.5444274,
      "use_tch_profile": true,
      "sigma_scale": 0.915935817612402,
      "kb_ratio": 0.01500880233919089,
      "use_fcj_asymmetry": true,
      "detector_nonlinearity": 0.0,
      "use_ka2": true,
      "caglioti_u": 0.031390575609021656,
      "kb": 1.39225,
      "caglioti_w": 0.0018448797995058975,
      "detector_deadtime_coeff": 0.0,
      "axial_s_over_l": 0.0012,
      "sigma_min_deg": 0.008,
      "ka2_ratio": 0.48492173130236843,
      "caglioti_v": 0.007351125729718566,
      "sigma_deg": 0.019353384537189586,
      "use_kbeta": true,
      "beam_sample_ratio": 0.05,
      "fluorescence_level": 0.0,
      "muR": 0.0,
      "trns": 0.0,
      "fluorescence_decay": 3.0,
      "lorentz_z": 4.7216837937356214e-07,
      "strain": 0.0004225934793705173,
      "pseudo_voigt_eta": 0.16216538247320142,
      "lorentz_size": 0.031559312984554284,
      "macro_strain": 0.0006252539263196581,
      "sample_displacement_sr": -0.00035090034639020305,
      "size_nm": 179.94830859385758,
      "delta_deg": -0.004894948164145208,
      "lorentz_strain": 0.009,
      "po_r": 1.0,
      "air_scatter_level": 9.999999999999999e-09,
      "b3": -0.1755067322841092,
      "scatter_sigma_deg": 5.999999999999611,
      "b4": 0.17868298723793835,
      "scatter_level": 1e-08,
      "compton_level": 5.16266515859122e-05,
      "holder_scatter_center_deg": 15.0,
      "a": 1.196117088343281,
      "holder_scatter_level": 1.00000000647159e-08,
      "scatter_center_deg": 14.999999999998556,
      "b5": 0.1394352857747536,
      "poisson_counts_max": 1200.0,
      "air_scatter_floor": 0.05000000000050871,
      "b1": -1.4872622355899847,
      "b0": 3.1830981436792447,
      "b2": 0.8856460116469855,
      "holder_scatter_sigma_deg": 4.000000000000357,
      "po_hkl_axis": [
        0.0,
        1.0,
        0.0
      ],
      "final_normalize": true
    },
    "synth_sampling_meta": {
      "family_name": "profile",
      "slot": "profile",
      "source_family": "opxrd_like",
      "preferred_source_family": "opxrd_like",
      "descriptor": {
        "phase_id": "cod_7715886",
        "formula": "MgB17O30",
        "crystal_system": "tetragonal",
        "elements": [
          "B",
          "Mg",
          "O"
        ],
        "density_g_cm3": 1.1372468461114067,
        "avg_z": 7.020833333333333,
        "max_z": 12.0,
        "heavy_fraction": 0.0,
        "transition_fraction": 0.0,
        "cell_lengths": [
          14.0492,
          14.0492,
          10.1802
        ],
        "cell_angles": [
          90.0,
          90.0,
          90.0
        ],
        "cell_volume": 2009.3680861193282,
        "cell_anisotropy": 1.38005147246616,
        "anisotropy_index": 0.3800514724661599,
        "theoretical_peak_count": 421,
        "peak_density": 4.952941176470588,
        "median_gap_deg": 0.12646484375,
        "crowded_fraction": 0.8738095238095238,
        "isolated_fraction": 0.014285714285714285,
        "simple_topology": false,
        "preferred_po_axis": [
          0,
          0,
          1
        ],
        "fluorescence_bucket": "none",
        "absorption_bucket": "light"
      },
      "attempt": 1,
      "donor_rows": {
        "instrument": "1191__opxrd_000584__H1_Mg1_O1",
        "chemistry": "1191__opxrd_000584__H1_Mg1_O1",
        "microstructure": "0320__rruff_R050501-1__Mo1_O4_Pb1",
        "orientation": "0040__rruff_R040072-1__O2_Sn1",
        "background": "0113__rruff_R050045-1__Ca1_F2"
      },
      "donor_rwp_percent": {
        "instrument": 5.159210709102735,
        "chemistry": 5.159210709102735,
        "microstructure": 28.68148207760901,
        "orientation": 8.949317208747097,
        "background": 10.345769455766266
      },
      "donor_peak_window_rwp": {
        "instrument": 5.48784949745101,
        "chemistry": 5.48784949745101,
        "microstructure": 22.790795125536757,
        "orientation": 10.251782402398721,
        "background": 11.85177861797737
      },
      "selected_sample_code": "1191__opxrd_000584__H1_Mg1_O1",
      "selected_peak_window_rwp": 5.48784949745101,
      "selected_peak_window_pearson": 0.9997162154875435,
      "selected_background_fraction": 0.33176687476325667
    },
    "original_sample_dir": "MgB17O30_SG86",
    "original_cif_path": "phase.cif",
    "original_generated_xy_path": "generated.xy",
    "original_generation_params_json": "generation_params.json",
    "original_generation_quality_json": "generation_quality.json"
  },
  "quality": {
    "note": "These are theory-vs-generated synthetic quality indicators plus donor-template quality provenance. They are not Rietveld fit-to-experiment outputs.",
    "theory_vs_generated": {
      "profile_pearson": 0.8807804823280105,
      "profile_cosine": 0.876965825474024,
      "rmse": 2.0102253376018595,
      "mae": 0.6773310049436072,
      "background_fraction_generated": 2.7515928006070625,
      "top_peak_count_used": 20,
      "top_peak_height_log_mae": 3.6845319425663305,
      "top_peak_shift_abs_mean_deg": 0.09565228652954091,
      "peak_window_pearson": 0.878155582249258,
      "peak_window_cosine": 0.8824843644126839
    },
    "donor_template_quality": {
      "selected_sample_code": "1191__opxrd_000584__H1_Mg1_O1",
      "selected_peak_window_rwp": 5.48784949745101,
      "selected_peak_window_pearson": 0.9997162154875435,
      "selected_background_fraction": 0.33176687476325667,
      "donor_rows": {
        "instrument": "1191__opxrd_000584__H1_Mg1_O1",
        "chemistry": "1191__opxrd_000584__H1_Mg1_O1",
        "microstructure": "0320__rruff_R050501-1__Mo1_O4_Pb1",
        "orientation": "0040__rruff_R040072-1__O2_Sn1",
        "background": "0113__rruff_R050045-1__Ca1_F2"
      },
      "donor_rwp_percent": {
        "instrument": 5.159210709102735,
        "chemistry": 5.159210709102735,
        "microstructure": 28.68148207760901,
        "orientation": 8.949317208747097,
        "background": 10.345769455766266
      },
      "donor_peak_window_rwp": {
        "instrument": 5.48784949745101,
        "chemistry": 5.48784949745101,
        "microstructure": 22.790795125536757,
        "orientation": 10.251782402398721,
        "background": 11.85177861797737
      }
    }
  },
  "generation_tier": "strict_core"
}
