{
  "sample_name": "LiO3_44",
  "phase_id": "mp-1001790",
  "formula": "LiO3",
  "space_group": 44,
  "space_group_symbol": "Imm2",
  "crystal_system": "orthorhombic",
  "source_origin": "materials_project",
  "slot": "anchor",
  "formula_group_id": "Li1|O3::sg::44",
  "descriptor": {
    "phase_id": "mp-1001790",
    "formula": "LiO3",
    "crystal_system": "orthorhombic",
    "elements": [
      "Li",
      "O"
    ],
    "density_g_cm3": 2.1301362175281673,
    "avg_z": 6.75,
    "max_z": 8.0,
    "heavy_fraction": 0.0,
    "transition_fraction": 0.0,
    "cell_lengths": [
      3.163138,
      4.985328,
      5.43178
    ],
    "cell_angles": [
      90.0,
      90.0,
      90.0
    ],
    "cell_volume": 85.6552621043854,
    "cell_anisotropy": 1.7172124643313065,
    "anisotropy_index": 0.7172124643313065,
    "theoretical_peak_count": 28,
    "peak_density": 0.32941176470588235,
    "median_gap_deg": 1.3370513916015625,
    "crowded_fraction": 0.14814814814814814,
    "isolated_fraction": 0.5185185185185185,
    "simple_topology": false,
    "preferred_po_axis": [
      0,
      0,
      1
    ],
    "fluorescence_bucket": "none",
    "absorption_bucket": "light"
  },
  "generation": {
    "theta_min": 5.0,
    "theta_max": 90.0,
    "num_points": 8501,
    "template_rwp_percent": 10.842870596894375,
    "template_peak_window_rwp": 9.019290975003878,
    "template_peak_window_pearson": 0.9923523761905567,
    "synth_params": {
      "ka1": 1.5405929,
      "ka2": 1.5444274,
      "use_tch_profile": true,
      "sigma_scale": 0.7824993435666447,
      "kb_ratio": 0.01497752284659109,
      "use_fcj_asymmetry": true,
      "detector_nonlinearity": 0.0,
      "use_ka2": true,
      "caglioti_u": 0.008614829908327362,
      "kb": 1.39225,
      "caglioti_w": 0.0008075624160144224,
      "detector_deadtime_coeff": 0.0,
      "axial_s_over_l": 0.001200243016170318,
      "sigma_min_deg": 0.008,
      "ka2_ratio": 0.4850974616275803,
      "caglioti_v": -0.005841385250041312,
      "sigma_deg": 0.008978890746779456,
      "use_kbeta": true,
      "beam_sample_ratio": 0.05,
      "fluorescence_level": 0.0,
      "muR": 0.035,
      "trns": 0.0899985047119482,
      "fluorescence_decay": 3.0,
      "lorentz_z": 0.0025615741864937146,
      "strain": 0.00035251942474801733,
      "pseudo_voigt_eta": 0.019998137563054755,
      "lorentz_size": 0.03,
      "macro_strain": 0.0007754606980393147,
      "sample_displacement_sr": -0.0004363673523633122,
      "size_nm": 214.42985623728077,
      "delta_deg": -0.00985351084817813,
      "lorentz_strain": 0.008,
      "po_r": 1.0,
      "air_scatter_level": 5.5000000000000004e-09,
      "b3": -1.429575915200572e-07,
      "scatter_sigma_deg": 6.0,
      "b4": 4.551041246111535e-07,
      "scatter_level": 5.5000000000000004e-09,
      "compton_level": 5.5000000000000004e-09,
      "holder_scatter_center_deg": 15.0,
      "a": 0.639202688928806,
      "holder_scatter_level": 5.5000000000000004e-09,
      "scatter_center_deg": 15.0,
      "b5": 3.9742261840428897e-07,
      "poisson_counts_max": 2204.4,
      "air_scatter_floor": 0.05,
      "b1": -1.3500830629349507,
      "b0": 3.087688618646331,
      "b2": 0.6742610756466367,
      "holder_scatter_sigma_deg": 4.0,
      "po_hkl_axis": [
        0.0,
        0.0,
        1.0
      ],
      "final_normalize": true
    },
    "synth_sampling_meta": {
      "family_name": "anchor",
      "slot": "anchor",
      "source_family": "rruff_like",
      "preferred_source_family": "rruff_like",
      "descriptor": {
        "phase_id": "mp-1001790",
        "formula": "LiO3",
        "crystal_system": "orthorhombic",
        "elements": [
          "Li",
          "O"
        ],
        "density_g_cm3": 2.1301362175281673,
        "avg_z": 6.75,
        "max_z": 8.0,
        "heavy_fraction": 0.0,
        "transition_fraction": 0.0,
        "cell_lengths": [
          3.163138,
          4.985328,
          5.43178
        ],
        "cell_angles": [
          90.0,
          90.0,
          90.0
        ],
        "cell_volume": 85.6552621043854,
        "cell_anisotropy": 1.7172124643313065,
        "anisotropy_index": 0.7172124643313065,
        "theoretical_peak_count": 28,
        "peak_density": 0.32941176470588235,
        "median_gap_deg": 1.3370513916015625,
        "crowded_fraction": 0.14814814814814814,
        "isolated_fraction": 0.5185185185185185,
        "simple_topology": false,
        "preferred_po_axis": [
          0,
          0,
          1
        ],
        "fluorescence_bucket": "none",
        "absorption_bucket": "light"
      },
      "attempt": 1,
      "donor_rows": {
        "instrument": "0034__rruff_R040062-1__Al1_H1_Li1_O5_P1",
        "chemistry": "0114__rruff_R050046-1__Ca1_F2",
        "microstructure": "0249__rruff_R050363-1__O2_Ti1",
        "orientation": "0249__rruff_R050363-1__O2_Ti1",
        "background": "0114__rruff_R050046-1__Ca1_F2"
      },
      "donor_rwp_percent": {
        "instrument": 11.022858425713888,
        "chemistry": 9.726468019402185,
        "microstructure": 14.776303909097866,
        "orientation": 14.776303909097866,
        "background": 9.726468019402185
      },
      "donor_peak_window_rwp": {
        "instrument": 14.643991072056355,
        "chemistry": 13.19345430738523,
        "microstructure": 20.08462830562262,
        "orientation": 20.08462830562262,
        "background": 13.19345430738523
      },
      "selected_sample_code": "0034__rruff_R040062-1__Al1_H1_Li1_O5_P1",
      "selected_peak_window_rwp": 14.643991072056355,
      "selected_peak_window_pearson": 0.9901099662828176,
      "selected_background_fraction": 0.2967336936952244
    },
    "original_sample_dir": "LiO3_SG44",
    "original_cif_path": "phase.cif",
    "original_generated_xy_path": "generated.xy",
    "original_generation_params_json": "generation_params.json",
    "original_generation_quality_json": "generation_quality.json"
  },
  "quality": {
    "note": "These are theory-vs-generated synthetic quality indicators plus donor-template quality provenance. They are not Rietveld fit-to-experiment outputs.",
    "theory_vs_generated": {
      "profile_pearson": 0.9781312429678817,
      "profile_cosine": 0.966853349468207,
      "rmse": 1.1245696655237563,
      "mae": 0.764006414272591,
      "background_fraction_generated": 2.2971254393582945,
      "top_peak_count_used": 20,
      "top_peak_height_log_mae": 2.4707986784475637,
      "top_peak_shift_abs_mean_deg": 0.09786128234863263,
      "peak_window_pearson": 0.9782478318060542,
      "peak_window_cosine": 0.9769458850372924
    },
    "donor_template_quality": {
      "selected_sample_code": "0034__rruff_R040062-1__Al1_H1_Li1_O5_P1",
      "selected_peak_window_rwp": 14.643991072056355,
      "selected_peak_window_pearson": 0.9901099662828176,
      "selected_background_fraction": 0.2967336936952244,
      "donor_rows": {
        "instrument": "0034__rruff_R040062-1__Al1_H1_Li1_O5_P1",
        "chemistry": "0114__rruff_R050046-1__Ca1_F2",
        "microstructure": "0249__rruff_R050363-1__O2_Ti1",
        "orientation": "0249__rruff_R050363-1__O2_Ti1",
        "background": "0114__rruff_R050046-1__Ca1_F2"
      },
      "donor_rwp_percent": {
        "instrument": 11.022858425713888,
        "chemistry": 9.726468019402185,
        "microstructure": 14.776303909097866,
        "orientation": 14.776303909097866,
        "background": 9.726468019402185
      },
      "donor_peak_window_rwp": {
        "instrument": 14.643991072056355,
        "chemistry": 13.19345430738523,
        "microstructure": 20.08462830562262,
        "orientation": 20.08462830562262,
        "background": 13.19345430738523
      }
    }
  },
  "generation_tier": "strict_core"
}
