{
  "sample_name": "P_19",
  "phase_id": "cod_1570230",
  "formula": "P",
  "space_group": 19,
  "space_group_symbol": "P2_12_12_1",
  "crystal_system": "orthorhombic",
  "source_origin": "cod",
  "slot": "profile",
  "formula_group_id": "P1::sg::19",
  "descriptor": {
    "phase_id": "cod_1570230",
    "formula": "P",
    "crystal_system": "orthorhombic",
    "elements": [
      "P"
    ],
    "density_g_cm3": 1.9551210307227989,
    "avg_z": 15.0,
    "max_z": 15.0,
    "heavy_fraction": 0.0,
    "transition_fraction": 0.0,
    "cell_lengths": [
      18.302,
      18.302,
      36.441
    ],
    "cell_angles": [
      90.0,
      90.0,
      90.0
    ],
    "cell_volume": 12206.394116964,
    "cell_anisotropy": 1.9910938695224567,
    "anisotropy_index": 0.9910938695224567,
    "theoretical_peak_count": 2498,
    "peak_density": 29.388235294117646,
    "median_gap_deg": 0.020782470703125,
    "crowded_fraction": 0.9895875050060072,
    "isolated_fraction": 0.00040048057669203043,
    "simple_topology": false,
    "preferred_po_axis": [
      0,
      0,
      1
    ],
    "fluorescence_bucket": "none",
    "absorption_bucket": "light"
  },
  "generation": {
    "theta_min": 5.0,
    "theta_max": 90.0,
    "num_points": 8501,
    "template_rwp_percent": 13.402713244316242,
    "template_peak_window_rwp": 13.36610465902315,
    "template_peak_window_pearson": 0.9814392226643239,
    "synth_params": {
      "ka1": 1.5405929,
      "ka2": 1.5444274,
      "use_tch_profile": true,
      "sigma_scale": 0.915935817612402,
      "kb_ratio": 0.01500880233919089,
      "use_fcj_asymmetry": true,
      "detector_nonlinearity": 0.0,
      "use_ka2": true,
      "caglioti_u": 0.031390575609021656,
      "kb": 1.39225,
      "caglioti_w": 0.0018448797995058975,
      "detector_deadtime_coeff": 0.0,
      "axial_s_over_l": 0.0012,
      "sigma_min_deg": 0.008,
      "ka2_ratio": 0.48492173130236843,
      "caglioti_v": 0.007351125729718566,
      "sigma_deg": 0.019353384537189586,
      "use_kbeta": true,
      "beam_sample_ratio": 0.05,
      "fluorescence_level": 0.0,
      "muR": 0.0,
      "trns": 0.0,
      "fluorescence_decay": 3.0,
      "lorentz_z": 1.5645828633159685e-09,
      "strain": 0.0006171197675349993,
      "pseudo_voigt_eta": -0.02832616942482371,
      "lorentz_size": 0.0041905693505079385,
      "macro_strain": 0.0005323979057762744,
      "sample_displacement_sr": -0.0007285361716417273,
      "size_nm": 180.0,
      "delta_deg": -0.002887374160871701,
      "lorentz_strain": 0.009,
      "po_r": 1.0,
      "air_scatter_level": 1.3367174280242036,
      "b3": 0.1494627138868337,
      "scatter_sigma_deg": 5.984483518472322,
      "b4": 0.31349578968097963,
      "scatter_level": 2.2363762161652336,
      "compton_level": 0.516782818939281,
      "holder_scatter_center_deg": 10.60642250903036,
      "a": 1.0,
      "holder_scatter_level": 1.0577727481551678,
      "scatter_center_deg": 5.426917278715111,
      "b5": -0.06738630997621678,
      "poisson_counts_max": 1601.6999999999998,
      "air_scatter_floor": 0.04082641065526568,
      "b1": 0.013887990559719171,
      "b0": 2.5647520622654447,
      "b2": -1.1971163201166726,
      "holder_scatter_sigma_deg": 6.074065463208637,
      "po_hkl_axis": [
        0.0,
        1.0,
        0.0
      ],
      "final_normalize": true
    },
    "synth_sampling_meta": {
      "family_name": "profile",
      "slot": "profile",
      "source_family": "opxrd_like",
      "preferred_source_family": "opxrd_like",
      "descriptor": {
        "phase_id": "cod_1570230",
        "formula": "P",
        "crystal_system": "orthorhombic",
        "elements": [
          "P"
        ],
        "density_g_cm3": 1.9551210307227989,
        "avg_z": 15.0,
        "max_z": 15.0,
        "heavy_fraction": 0.0,
        "transition_fraction": 0.0,
        "cell_lengths": [
          18.302,
          18.302,
          36.441
        ],
        "cell_angles": [
          90.0,
          90.0,
          90.0
        ],
        "cell_volume": 12206.394116964,
        "cell_anisotropy": 1.9910938695224567,
        "anisotropy_index": 0.9910938695224567,
        "theoretical_peak_count": 2498,
        "peak_density": 29.388235294117646,
        "median_gap_deg": 0.020782470703125,
        "crowded_fraction": 0.9895875050060072,
        "isolated_fraction": 0.00040048057669203043,
        "simple_topology": false,
        "preferred_po_axis": [
          0,
          0,
          1
        ],
        "fluorescence_bucket": "none",
        "absorption_bucket": "light"
      },
      "attempt": 1,
      "donor_rows": {
        "instrument": "1191__opxrd_000584__H1_Mg1_O1",
        "chemistry": "1191__opxrd_000584__H1_Mg1_O1",
        "microstructure": "0391__rruff_R060042-1__As1_Mg1_O8",
        "orientation": "0607__rruff_R090034-1__F6_K1_Na1_Si1",
        "background": "0152__rruff_R050128-1__C1_Ca1_O3"
      },
      "donor_rwp_percent": {
        "instrument": 5.159210709102735,
        "chemistry": 5.159210709102735,
        "microstructure": 18.11520983114812,
        "orientation": 25.289984456519914,
        "background": 10.060210456264361
      },
      "donor_peak_window_rwp": {
        "instrument": 5.48784949745101,
        "chemistry": 5.48784949745101,
        "microstructure": 17.897348265328343,
        "orientation": 24.951723644317994,
        "background": 12.829743047113176
      },
      "selected_sample_code": "1191__opxrd_000584__H1_Mg1_O1",
      "selected_peak_window_rwp": 5.48784949745101,
      "selected_peak_window_pearson": 0.9997162154875435,
      "selected_background_fraction": 0.43711059782680073
    },
    "original_sample_dir": "P_SG19",
    "original_cif_path": "phase.cif",
    "original_generated_xy_path": "generated.xy",
    "original_generation_params_json": "generation_params.json",
    "original_generation_quality_json": "generation_quality.json"
  },
  "quality": {
    "note": "These are theory-vs-generated synthetic quality indicators plus donor-template quality provenance. They are not Rietveld fit-to-experiment outputs.",
    "theory_vs_generated": {
      "profile_pearson": 0.7803623921227657,
      "profile_cosine": 0.7880527459405652,
      "rmse": 2.8265094163227333,
      "mae": 1.0971791156195219,
      "background_fraction_generated": 3.511807635031576,
      "top_peak_count_used": 20,
      "top_peak_height_log_mae": 1.501197444330687,
      "top_peak_shift_abs_mean_deg": 0.08866705322265656,
      "peak_window_pearson": 0.7578493338029932,
      "peak_window_cosine": 0.7865598628138493
    },
    "donor_template_quality": {
      "selected_sample_code": "1191__opxrd_000584__H1_Mg1_O1",
      "selected_peak_window_rwp": 5.48784949745101,
      "selected_peak_window_pearson": 0.9997162154875435,
      "selected_background_fraction": 0.43711059782680073,
      "donor_rows": {
        "instrument": "1191__opxrd_000584__H1_Mg1_O1",
        "chemistry": "1191__opxrd_000584__H1_Mg1_O1",
        "microstructure": "0391__rruff_R060042-1__As1_Mg1_O8",
        "orientation": "0607__rruff_R090034-1__F6_K1_Na1_Si1",
        "background": "0152__rruff_R050128-1__C1_Ca1_O3"
      },
      "donor_rwp_percent": {
        "instrument": 5.159210709102735,
        "chemistry": 5.159210709102735,
        "microstructure": 18.11520983114812,
        "orientation": 25.289984456519914,
        "background": 10.060210456264361
      },
      "donor_peak_window_rwp": {
        "instrument": 5.48784949745101,
        "chemistry": 5.48784949745101,
        "microstructure": 17.897348265328343,
        "orientation": 24.951723644317994,
        "background": 12.829743047113176
      }
    }
  },
  "generation_tier": "strict_core"
}
