{
  "sample_name": "ClO3_9",
  "phase_id": "mp-22869",
  "formula": "ClO3",
  "space_group": 9,
  "space_group_symbol": "Cc",
  "crystal_system": "monoclinic",
  "source_origin": "materials_project",
  "slot": "profile",
  "formula_group_id": "Cl1|O3::sg::9",
  "descriptor": {
    "phase_id": "mp-22869",
    "formula": "ClO3",
    "crystal_system": "monoclinic",
    "elements": [
      "Cl",
      "O"
    ],
    "density_g_cm3": 2.4341444143907944,
    "avg_z": 10.25,
    "max_z": 17.0,
    "heavy_fraction": 0.0,
    "transition_fraction": 0.0,
    "cell_lengths": [
      5.52358489,
      8.5510063,
      9.86943569
    ],
    "cell_angles": [
      90.0,
      102.31213915999999,
      90.0
    ],
    "cell_volume": 455.43387525900187,
    "cell_anisotropy": 1.7867808473203348,
    "anisotropy_index": 0.7867808473203348,
    "theoretical_peak_count": 183,
    "peak_density": 2.152941176470588,
    "median_gap_deg": 0.24951553344726562,
    "crowded_fraction": 0.6098901098901099,
    "isolated_fraction": 0.04945054945054945,
    "simple_topology": false,
    "preferred_po_axis": [
      0,
      0,
      1
    ],
    "fluorescence_bucket": "none",
    "absorption_bucket": "light"
  },
  "generation": {
    "theta_min": 5.0,
    "theta_max": 90.0,
    "num_points": 8501,
    "template_rwp_percent": 11.336277291932815,
    "template_peak_window_rwp": 11.208554719735723,
    "template_peak_window_pearson": 0.9683505557392063,
    "synth_params": {
      "ka1": 1.5405929,
      "ka2": 1.5444274,
      "use_tch_profile": true,
      "sigma_scale": 0.915935817612402,
      "kb_ratio": 0.01500880233919089,
      "use_fcj_asymmetry": true,
      "detector_nonlinearity": 0.0,
      "use_ka2": true,
      "caglioti_u": 0.031390575609021656,
      "kb": 1.39225,
      "caglioti_w": 0.0018448797995058975,
      "detector_deadtime_coeff": 0.0,
      "axial_s_over_l": 0.0012,
      "sigma_min_deg": 0.008,
      "ka2_ratio": 0.48492173130236843,
      "caglioti_v": 0.007351125729718566,
      "sigma_deg": 0.019353384537189586,
      "use_kbeta": true,
      "beam_sample_ratio": 0.05,
      "fluorescence_level": 0.0,
      "muR": 0.012883265076918796,
      "trns": 0.001921343030325408,
      "fluorescence_decay": 3.0,
      "lorentz_z": 1.3862853946024233e-06,
      "strain": 0.0002934407295448529,
      "pseudo_voigt_eta": -0.04662510940643749,
      "lorentz_size": 8.624531467627784e-05,
      "macro_strain": 1.0361206560984368e-07,
      "sample_displacement_sr": 4.184549865288929e-05,
      "size_nm": 180.0,
      "delta_deg": -0.001983896630789596,
      "lorentz_strain": 0.009,
      "po_r": 1.0,
      "air_scatter_level": 1.4000749903627927,
      "b3": 3.2473387258528732e-06,
      "scatter_sigma_deg": 8.360044872847439,
      "b4": 3.405166735757178e-06,
      "scatter_level": 2.7685316919589518,
      "compton_level": 0.38103046324381706,
      "holder_scatter_center_deg": 6.622709143753005,
      "a": 0.7302945183538387,
      "holder_scatter_level": 2.9371850724749726,
      "scatter_center_deg": 23.81583472879523,
      "b5": -1.0087472786809643e-05,
      "poisson_counts_max": 3365.85,
      "air_scatter_floor": 0.023030020772269455,
      "b1": -1.356862511226645,
      "b0": 7.056217690641542,
      "b2": -2.319322747808257,
      "holder_scatter_sigma_deg": 1.3752972403615906,
      "po_hkl_axis": [
        0.0,
        1.0,
        0.0
      ],
      "final_normalize": true
    },
    "synth_sampling_meta": {
      "family_name": "profile",
      "slot": "profile",
      "source_family": "opxrd_like",
      "preferred_source_family": "opxrd_like",
      "descriptor": {
        "phase_id": "mp-22869",
        "formula": "ClO3",
        "crystal_system": "monoclinic",
        "elements": [
          "Cl",
          "O"
        ],
        "density_g_cm3": 2.4341444143907944,
        "avg_z": 10.25,
        "max_z": 17.0,
        "heavy_fraction": 0.0,
        "transition_fraction": 0.0,
        "cell_lengths": [
          5.52358489,
          8.5510063,
          9.86943569
        ],
        "cell_angles": [
          90.0,
          102.31213915999999,
          90.0
        ],
        "cell_volume": 455.43387525900187,
        "cell_anisotropy": 1.7867808473203348,
        "anisotropy_index": 0.7867808473203348,
        "theoretical_peak_count": 183,
        "peak_density": 2.152941176470588,
        "median_gap_deg": 0.24951553344726562,
        "crowded_fraction": 0.6098901098901099,
        "isolated_fraction": 0.04945054945054945,
        "simple_topology": false,
        "preferred_po_axis": [
          0,
          0,
          1
        ],
        "fluorescence_bucket": "none",
        "absorption_bucket": "light"
      },
      "attempt": 1,
      "donor_rows": {
        "instrument": "1191__opxrd_000584__H1_Mg1_O1",
        "chemistry": "0113__rruff_R050045-1__Ca1_F2",
        "microstructure": "0120__rruff_R050060-1__Al2_O7_P1",
        "orientation": "0322__rruff_R050504-1__Al3_H4_Na1_O12_P2",
        "background": "0136__rruff_R050100-1__Al2_O7_P1"
      },
      "donor_rwp_percent": {
        "instrument": 5.159210709102735,
        "chemistry": 10.345769455766266,
        "microstructure": 25.94936797640291,
        "orientation": 11.633403992332628,
        "background": 11.140544664536845
      },
      "donor_peak_window_rwp": {
        "instrument": 5.48784949745101,
        "chemistry": 11.85177861797737,
        "microstructure": 26.285266288040628,
        "orientation": 16.797295087846315,
        "background": 15.446070104443251
      },
      "selected_sample_code": "1191__opxrd_000584__H1_Mg1_O1",
      "selected_peak_window_rwp": 5.48784949745101,
      "selected_peak_window_pearson": 0.9997162154875435,
      "selected_background_fraction": 0.43445209784321753
    },
    "original_sample_dir": "ClO3_SG9",
    "original_cif_path": "phase.cif",
    "original_generated_xy_path": "generated.xy",
    "original_generation_params_json": "generation_params.json",
    "original_generation_quality_json": "generation_quality.json"
  },
  "quality": {
    "note": "These are theory-vs-generated synthetic quality indicators plus donor-template quality provenance. They are not Rietveld fit-to-experiment outputs.",
    "theory_vs_generated": {
      "profile_pearson": 0.971901551702902,
      "profile_cosine": 0.9003850936701873,
      "rmse": 2.395570377689142,
      "mae": 2.1483606678214624,
      "background_fraction_generated": 4.0022178401073,
      "top_peak_count_used": 20,
      "top_peak_height_log_mae": 11.496292250650903,
      "top_peak_shift_abs_mean_deg": 0.20549764251708993,
      "peak_window_pearson": 0.9817447875961031,
      "peak_window_cosine": 0.9619297690127987
    },
    "donor_template_quality": {
      "selected_sample_code": "1191__opxrd_000584__H1_Mg1_O1",
      "selected_peak_window_rwp": 5.48784949745101,
      "selected_peak_window_pearson": 0.9997162154875435,
      "selected_background_fraction": 0.43445209784321753,
      "donor_rows": {
        "instrument": "1191__opxrd_000584__H1_Mg1_O1",
        "chemistry": "0113__rruff_R050045-1__Ca1_F2",
        "microstructure": "0120__rruff_R050060-1__Al2_O7_P1",
        "orientation": "0322__rruff_R050504-1__Al3_H4_Na1_O12_P2",
        "background": "0136__rruff_R050100-1__Al2_O7_P1"
      },
      "donor_rwp_percent": {
        "instrument": 5.159210709102735,
        "chemistry": 10.345769455766266,
        "microstructure": 25.94936797640291,
        "orientation": 11.633403992332628,
        "background": 11.140544664536845
      },
      "donor_peak_window_rwp": {
        "instrument": 5.48784949745101,
        "chemistry": 11.85177861797737,
        "microstructure": 26.285266288040628,
        "orientation": 16.797295087846315,
        "background": 15.446070104443251
      }
    }
  },
  "generation_tier": "strict_core"
}
