{
  "sample_name": "AlF3_155",
  "phase_id": "cod_1010465",
  "formula": "AlF3",
  "space_group": 155,
  "space_group_symbol": "R32",
  "crystal_system": "trigonal",
  "source_origin": "cod",
  "slot": "anchor",
  "formula_group_id": "Al1|F3::sg::155",
  "descriptor": {
    "phase_id": "cod_1010465",
    "formula": "AlF3",
    "crystal_system": "trigonal",
    "elements": [
      "Al",
      "F"
    ],
    "density_g_cm3": 3.2097025630555134,
    "avg_z": 10.0,
    "max_z": 13.0,
    "heavy_fraction": 0.0,
    "transition_fraction": 0.0,
    "cell_lengths": [
      4.916084,
      4.916084,
      12.45447403
    ],
    "cell_angles": [
      90.0,
      90.0,
      120.00000000000001
    ],
    "cell_volume": 260.67213742237107,
    "cell_anisotropy": 2.5334135930142776,
    "anisotropy_index": 1.5334135930142776,
    "theoretical_peak_count": 35,
    "peak_density": 0.4117647058823529,
    "median_gap_deg": 1.0341720581054688,
    "crowded_fraction": 0.08823529411764706,
    "isolated_fraction": 0.4411764705882353,
    "simple_topology": false,
    "preferred_po_axis": [
      0,
      0,
      1
    ],
    "fluorescence_bucket": "none",
    "absorption_bucket": "light"
  },
  "generation": {
    "theta_min": 5.0,
    "theta_max": 90.0,
    "num_points": 8501,
    "template_rwp_percent": 10.499124209338653,
    "template_peak_window_rwp": 14.501948057757202,
    "template_peak_window_pearson": 0.9910612006867483,
    "synth_params": {
      "ka1": 1.5405929,
      "ka2": 1.5444274,
      "use_tch_profile": true,
      "sigma_scale": 0.8805347106198046,
      "kb_ratio": 0.014982047083771436,
      "use_fcj_asymmetry": true,
      "detector_nonlinearity": 0.0,
      "use_ka2": true,
      "caglioti_u": 0.013822224394406626,
      "kb": 1.39225,
      "caglioti_w": 0.000500001708094026,
      "detector_deadtime_coeff": 0.0,
      "axial_s_over_l": 0.0011999999980278867,
      "sigma_min_deg": 0.010876371904527476,
      "ka2_ratio": 0.484876744585052,
      "caglioti_v": -0.007969508602996948,
      "sigma_deg": 0.012504884538093371,
      "use_kbeta": true,
      "beam_sample_ratio": 0.1997843142136801,
      "fluorescence_level": 0.0,
      "muR": 0.035,
      "trns": 0.08999756937291836,
      "fluorescence_decay": 3.0,
      "lorentz_z": 9.318430809310919e-05,
      "strain": 0.0010045100078755105,
      "pseudo_voigt_eta": -0.04963378431564783,
      "lorentz_size": 0.03,
      "macro_strain": 0.0,
      "sample_displacement_sr": -0.0002,
      "size_nm": 206.22549848414644,
      "delta_deg": -0.01,
      "lorentz_strain": 0.000648020609381769,
      "po_r": 1.0,
      "air_scatter_level": 5.5e-09,
      "b3": -0.1755067322841092,
      "scatter_sigma_deg": 5.999999999999611,
      "b4": 0.17868298723793835,
      "scatter_level": 5.5000000000000004e-09,
      "compton_level": 2.8394658372251715e-05,
      "holder_scatter_center_deg": 15.0,
      "a": 1.196117088343281,
      "holder_scatter_level": 5.500000035593745e-09,
      "scatter_center_deg": 14.999999999998556,
      "b5": 0.1394352857747536,
      "poisson_counts_max": 1800.0,
      "air_scatter_floor": 0.05000000000050871,
      "b1": -1.4872622355899847,
      "b0": 3.1830981436792447,
      "b2": 0.8856460116469855,
      "holder_scatter_sigma_deg": 4.000000000000357,
      "po_hkl_axis": [
        0.0,
        1.0,
        0.0
      ],
      "final_normalize": true
    },
    "synth_sampling_meta": {
      "family_name": "anchor",
      "slot": "anchor",
      "source_family": "rruff_like",
      "preferred_source_family": "rruff_like",
      "descriptor": {
        "phase_id": "cod_1010465",
        "formula": "AlF3",
        "crystal_system": "trigonal",
        "elements": [
          "Al",
          "F"
        ],
        "density_g_cm3": 3.2097025630555134,
        "avg_z": 10.0,
        "max_z": 13.0,
        "heavy_fraction": 0.0,
        "transition_fraction": 0.0,
        "cell_lengths": [
          4.916084,
          4.916084,
          12.45447403
        ],
        "cell_angles": [
          90.0,
          90.0,
          120.00000000000001
        ],
        "cell_volume": 260.67213742237107,
        "cell_anisotropy": 2.5334135930142776,
        "anisotropy_index": 1.5334135930142776,
        "theoretical_peak_count": 35,
        "peak_density": 0.4117647058823529,
        "median_gap_deg": 1.0341720581054688,
        "crowded_fraction": 0.08823529411764706,
        "isolated_fraction": 0.4411764705882353,
        "simple_topology": false,
        "preferred_po_axis": [
          0,
          0,
          1
        ],
        "fluorescence_bucket": "none",
        "absorption_bucket": "light"
      },
      "attempt": 1,
      "donor_rows": {
        "instrument": "0415__rruff_R060150-1__Ca13_F10_H12_O34_Si10",
        "chemistry": "0144__rruff_R050115-1__Ca1_F2",
        "microstructure": "0098__rruff_R050009-1__C1_Ca1_O3",
        "orientation": "0152__rruff_R050128-1__C1_Ca1_O3",
        "background": "0113__rruff_R050045-1__Ca1_F2"
      },
      "donor_rwp_percent": {
        "instrument": 8.00315190123515,
        "chemistry": 10.8136128591309,
        "microstructure": 10.473963597060688,
        "orientation": 10.060210456264361,
        "background": 10.345769455766266
      },
      "donor_peak_window_rwp": {
        "instrument": 11.357098944708872,
        "chemistry": 14.273780930421212,
        "microstructure": 13.939634579044661,
        "orientation": 12.829743047113176,
        "background": 11.85177861797737
      },
      "selected_sample_code": "0415__rruff_R060150-1__Ca13_F10_H12_O34_Si10",
      "selected_peak_window_rwp": 11.357098944708872,
      "selected_peak_window_pearson": 0.9958883322196659,
      "selected_background_fraction": 0.33176687476325667
    },
    "original_sample_dir": "AlF3_SG155",
    "original_cif_path": "phase.cif",
    "original_generated_xy_path": "generated.xy",
    "original_generation_params_json": "generation_params.json",
    "original_generation_quality_json": "generation_quality.json"
  },
  "quality": {
    "note": "These are theory-vs-generated synthetic quality indicators plus donor-template quality provenance. They are not Rietveld fit-to-experiment outputs.",
    "theory_vs_generated": {
      "profile_pearson": 0.4260718258270659,
      "profile_cosine": 0.4366487175709339,
      "rmse": 3.9758828069058914,
      "mae": 0.8621974315832801,
      "background_fraction_generated": 2.7459301283940865,
      "top_peak_count_used": 20,
      "top_peak_height_log_mae": 2.812449303294197,
      "top_peak_shift_abs_mean_deg": 0.0772728118896497,
      "peak_window_pearson": 0.7098653494343777,
      "peak_window_cosine": 0.7222754013885047
    },
    "donor_template_quality": {
      "selected_sample_code": "0415__rruff_R060150-1__Ca13_F10_H12_O34_Si10",
      "selected_peak_window_rwp": 11.357098944708872,
      "selected_peak_window_pearson": 0.9958883322196659,
      "selected_background_fraction": 0.33176687476325667,
      "donor_rows": {
        "instrument": "0415__rruff_R060150-1__Ca13_F10_H12_O34_Si10",
        "chemistry": "0144__rruff_R050115-1__Ca1_F2",
        "microstructure": "0098__rruff_R050009-1__C1_Ca1_O3",
        "orientation": "0152__rruff_R050128-1__C1_Ca1_O3",
        "background": "0113__rruff_R050045-1__Ca1_F2"
      },
      "donor_rwp_percent": {
        "instrument": 8.00315190123515,
        "chemistry": 10.8136128591309,
        "microstructure": 10.473963597060688,
        "orientation": 10.060210456264361,
        "background": 10.345769455766266
      },
      "donor_peak_window_rwp": {
        "instrument": 11.357098944708872,
        "chemistry": 14.273780930421212,
        "microstructure": 13.939634579044661,
        "orientation": 12.829743047113176,
        "background": 11.85177861797737
      }
    }
  },
  "generation_tier": "strict_core"
}
