{
  "sample_name": "NaCuO_1",
  "phase_id": "cod_2102687",
  "formula": "NaCuO",
  "space_group": 1,
  "space_group_symbol": "P1",
  "crystal_system": "triclinic",
  "source_origin": "cod",
  "slot": "background",
  "formula_group_id": "Cu1|Na1|O1::sg::1",
  "descriptor": {
    "phase_id": "cod_2102687",
    "formula": "NaCuO",
    "crystal_system": "triclinic",
    "elements": [
      "Cu",
      "Na",
      "O"
    ],
    "density_g_cm3": 1.3987289038174011,
    "avg_z": 16.0,
    "max_z": 29.0,
    "heavy_fraction": 0.0,
    "transition_fraction": 0.3333333333333333,
    "cell_lengths": [
      2.78589,
      5.71687,
      8.08404172
    ],
    "cell_angles": [
      109.01244451999999,
      90.0,
      90.0
    ],
    "cell_volume": 121.7274155578564,
    "cell_anisotropy": 2.901780658963563,
    "anisotropy_index": 1.9017806589635629,
    "theoretical_peak_count": 130,
    "peak_density": 1.5294117647058822,
    "median_gap_deg": 0.29637908935546875,
    "crowded_fraction": 0.5271317829457365,
    "isolated_fraction": 0.06976744186046512,
    "simple_topology": false,
    "preferred_po_axis": [
      0,
      0,
      1
    ],
    "fluorescence_bucket": "moderate",
    "absorption_bucket": "medium"
  },
  "generation": {
    "theta_min": 5.0,
    "theta_max": 90.0,
    "num_points": 8501,
    "template_rwp_percent": 8.53343511482624,
    "template_peak_window_rwp": 10.947597456277766,
    "template_peak_window_pearson": 0.9937093537065375,
    "synth_params": {
      "ka1": 1.5405929,
      "ka2": 1.5444274,
      "use_tch_profile": true,
      "sigma_scale": 0.915935817612402,
      "kb_ratio": 0.01500880233919089,
      "use_fcj_asymmetry": true,
      "detector_nonlinearity": 0.0,
      "use_ka2": true,
      "caglioti_u": 0.031390575609021656,
      "kb": 1.39225,
      "caglioti_w": 0.0018448797995058975,
      "detector_deadtime_coeff": 0.0,
      "axial_s_over_l": 0.0012,
      "sigma_min_deg": 0.008,
      "ka2_ratio": 0.48492173130236843,
      "caglioti_v": 0.007351125729718566,
      "sigma_deg": 0.01878969372542678,
      "use_kbeta": true,
      "beam_sample_ratio": 0.05,
      "fluorescence_level": 1.0,
      "muR": 0.05995239353388751,
      "trns": 0.08,
      "fluorescence_decay": 2.999999996363511,
      "lorentz_z": 0.0019205375737830783,
      "strain": 2.4192625411246928e-05,
      "pseudo_voigt_eta": -0.0048328070189086565,
      "lorentz_size": 0.03,
      "macro_strain": 0.0,
      "sample_displacement_sr": -0.0005954189482388823,
      "size_nm": 180.0,
      "delta_deg": -0.009759073331821494,
      "lorentz_strain": 0.00773370938832805,
      "po_r": 1.0,
      "air_scatter_level": 0.0699409243167614,
      "b3": 0.2867560980286222,
      "scatter_sigma_deg": 2.4032796574175057,
      "b4": 0.0724132652676619,
      "scatter_level": 1.2,
      "compton_level": 0.3373117747484129,
      "holder_scatter_center_deg": 5.59236850449496,
      "a": 1.0,
      "holder_scatter_level": 0.4253962331563511,
      "scatter_center_deg": 12.576372474115276,
      "b5": 0.11107137416839634,
      "poisson_counts_max": 900.0,
      "air_scatter_floor": 0.3489504647724788,
      "b1": -1.0907857618693582,
      "b0": 7.411490744712526,
      "b2": -0.040521856813679515,
      "holder_scatter_sigma_deg": 3.6823886828917276,
      "po_hkl_axis": [
        0.0,
        1.0,
        0.0
      ],
      "final_normalize": true
    },
    "synth_sampling_meta": {
      "family_name": "background",
      "slot": "background",
      "source_family": "opxrd_like",
      "preferred_source_family": "opxrd_like",
      "descriptor": {
        "phase_id": "cod_2102687",
        "formula": "NaCuO",
        "crystal_system": "triclinic",
        "elements": [
          "Cu",
          "Na",
          "O"
        ],
        "density_g_cm3": 1.3987289038174011,
        "avg_z": 16.0,
        "max_z": 29.0,
        "heavy_fraction": 0.0,
        "transition_fraction": 0.3333333333333333,
        "cell_lengths": [
          2.78589,
          5.71687,
          8.08404172
        ],
        "cell_angles": [
          109.01244451999999,
          90.0,
          90.0
        ],
        "cell_volume": 121.7274155578564,
        "cell_anisotropy": 2.901780658963563,
        "anisotropy_index": 1.9017806589635629,
        "theoretical_peak_count": 130,
        "peak_density": 1.5294117647058822,
        "median_gap_deg": 0.29637908935546875,
        "crowded_fraction": 0.5271317829457365,
        "isolated_fraction": 0.06976744186046512,
        "simple_topology": false,
        "preferred_po_axis": [
          0,
          0,
          1
        ],
        "fluorescence_bucket": "moderate",
        "absorption_bucket": "medium"
      },
      "attempt": 1,
      "donor_rows": {
        "instrument": "1191__opxrd_000584__H1_Mg1_O1",
        "chemistry": "0593__rruff_R070576-1__Be2_Na4_O20_Si6_Sn1",
        "microstructure": "0034__rruff_R040062-1__Al1_H1_Li1_O5_P1",
        "orientation": "1191__opxrd_000584__H1_Mg1_O1",
        "background": "0416__rruff_R060151-1__Ca2_Nb2_O7"
      },
      "donor_rwp_percent": {
        "instrument": 5.159210709102735,
        "chemistry": 9.858207442453974,
        "microstructure": 11.022858425713888,
        "orientation": 5.159210709102735,
        "background": 10.768191488948645
      },
      "donor_peak_window_rwp": {
        "instrument": 5.48784949745101,
        "chemistry": 13.521151339036324,
        "microstructure": 14.643991072056355,
        "orientation": 5.48784949745101,
        "background": 15.790698905860124
      },
      "selected_sample_code": "1191__opxrd_000584__H1_Mg1_O1",
      "selected_peak_window_rwp": 5.48784949745101,
      "selected_peak_window_pearson": 0.9997162154875435,
      "selected_background_fraction": 0.5803735966783352
    },
    "original_sample_dir": "NaCuO_SG1",
    "original_cif_path": "phase.cif",
    "original_generated_xy_path": "generated.xy",
    "original_generation_params_json": "generation_params.json",
    "original_generation_quality_json": "generation_quality.json"
  },
  "quality": {
    "note": "These are theory-vs-generated synthetic quality indicators plus donor-template quality provenance. They are not Rietveld fit-to-experiment outputs.",
    "theory_vs_generated": {
      "profile_pearson": 0.7573827622033527,
      "profile_cosine": 0.6961140680973776,
      "rmse": 3.121117806958006,
      "mae": 2.0855490053136783,
      "background_fraction_generated": 3.3473348790396695,
      "top_peak_count_used": 20,
      "top_peak_height_log_mae": 6.278518080987824,
      "top_peak_shift_abs_mean_deg": 0.18897562217712432,
      "peak_window_pearson": 0.7482766971994228,
      "peak_window_cosine": 0.7512605835554823
    },
    "donor_template_quality": {
      "selected_sample_code": "1191__opxrd_000584__H1_Mg1_O1",
      "selected_peak_window_rwp": 5.48784949745101,
      "selected_peak_window_pearson": 0.9997162154875435,
      "selected_background_fraction": 0.5803735966783352,
      "donor_rows": {
        "instrument": "1191__opxrd_000584__H1_Mg1_O1",
        "chemistry": "0593__rruff_R070576-1__Be2_Na4_O20_Si6_Sn1",
        "microstructure": "0034__rruff_R040062-1__Al1_H1_Li1_O5_P1",
        "orientation": "1191__opxrd_000584__H1_Mg1_O1",
        "background": "0416__rruff_R060151-1__Ca2_Nb2_O7"
      },
      "donor_rwp_percent": {
        "instrument": 5.159210709102735,
        "chemistry": 9.858207442453974,
        "microstructure": 11.022858425713888,
        "orientation": 5.159210709102735,
        "background": 10.768191488948645
      },
      "donor_peak_window_rwp": {
        "instrument": 5.48784949745101,
        "chemistry": 13.521151339036324,
        "microstructure": 14.643991072056355,
        "orientation": 5.48784949745101,
        "background": 15.790698905860124
      }
    }
  },
  "generation_tier": "strict_core"
}
