{
  "sample_name": "Li2O_1",
  "phase_id": "mp-1245224",
  "formula": "Li2O",
  "space_group": 1,
  "space_group_symbol": "P1",
  "crystal_system": "triclinic",
  "source_origin": "materials_project",
  "slot": "profile",
  "formula_group_id": "Li2|O1::sg::1",
  "descriptor": {
    "phase_id": "mp-1245224",
    "formula": "Li2O",
    "crystal_system": "triclinic",
    "elements": [
      "Li",
      "O"
    ],
    "density_g_cm3": 1.7178391179790709,
    "avg_z": 4.666666666666667,
    "max_z": 8.0,
    "heavy_fraction": 0.0,
    "transition_fraction": 0.0,
    "cell_lengths": [
      9.71550927,
      10.059025949999999,
      10.11815425
    ],
    "cell_angles": [
      91.51237550000002,
      91.25258599,
      96.37024057
    ],
    "cell_volume": 982.0790986187337,
    "cell_anisotropy": 1.0414435279520864,
    "anisotropy_index": 0.04144352795208639,
    "theoretical_peak_count": 1578,
    "peak_density": 18.564705882352943,
    "median_gap_deg": 0.02683258056640625,
    "crowded_fraction": 0.9873176918199112,
    "isolated_fraction": 0.0019023462270133164,
    "simple_topology": false,
    "preferred_po_axis": [
      0,
      0,
      1
    ],
    "fluorescence_bucket": "none",
    "absorption_bucket": "light"
  },
  "generation": {
    "theta_min": 5.0,
    "theta_max": 90.0,
    "num_points": 8501,
    "template_rwp_percent": 9.386449293533015,
    "template_peak_window_rwp": 12.754118396210337,
    "template_peak_window_pearson": 0.9908575696780731,
    "synth_params": {
      "ka1": 1.5405929,
      "ka2": 1.5444274,
      "use_tch_profile": true,
      "sigma_scale": 0.915935817612402,
      "kb_ratio": 0.01500880233919089,
      "use_fcj_asymmetry": true,
      "detector_nonlinearity": 0.0,
      "use_ka2": true,
      "caglioti_u": 0.031390575609021656,
      "kb": 1.39225,
      "caglioti_w": 0.0018448797995058975,
      "detector_deadtime_coeff": 0.0,
      "axial_s_over_l": 0.0012,
      "sigma_min_deg": 0.008,
      "ka2_ratio": 0.48492173130236843,
      "caglioti_v": 0.007351125729718566,
      "sigma_deg": 0.019353384537189586,
      "use_kbeta": true,
      "beam_sample_ratio": 0.05,
      "fluorescence_level": 0.0,
      "muR": 0.035,
      "trns": 0.08999999999977801,
      "fluorescence_decay": 3.0,
      "lorentz_z": 0.0006354236605504738,
      "strain": 0.0005623481484309537,
      "pseudo_voigt_eta": -0.038100561423341936,
      "lorentz_size": 0.009908334125014644,
      "macro_strain": 0.0,
      "sample_displacement_sr": -0.0006395883059202719,
      "size_nm": 163.18766738680247,
      "delta_deg": -0.009486637070985168,
      "lorentz_strain": 0.009,
      "po_r": 1.0,
      "air_scatter_level": 1e-08,
      "b3": -3.255246552673633e-09,
      "scatter_sigma_deg": 6.0,
      "b4": 1.506681026195854e-09,
      "scatter_level": 1e-08,
      "compton_level": 1e-08,
      "holder_scatter_center_deg": 15.0,
      "a": 0.7714456649539052,
      "holder_scatter_level": 1e-08,
      "scatter_center_deg": 15.0,
      "b5": 3.0872986350067193e-09,
      "poisson_counts_max": 1200.0,
      "air_scatter_floor": 0.05,
      "b1": -1.2769594765821228,
      "b0": 2.7224794695082695,
      "b2": 0.7542535174053153,
      "holder_scatter_sigma_deg": 4.0,
      "po_hkl_axis": [
        0.0,
        1.0,
        0.0
      ],
      "final_normalize": true
    },
    "synth_sampling_meta": {
      "family_name": "profile",
      "slot": "profile",
      "source_family": "opxrd_like",
      "preferred_source_family": "opxrd_like",
      "descriptor": {
        "phase_id": "mp-1245224",
        "formula": "Li2O",
        "crystal_system": "triclinic",
        "elements": [
          "Li",
          "O"
        ],
        "density_g_cm3": 1.7178391179790709,
        "avg_z": 4.666666666666667,
        "max_z": 8.0,
        "heavy_fraction": 0.0,
        "transition_fraction": 0.0,
        "cell_lengths": [
          9.71550927,
          10.059025949999999,
          10.11815425
        ],
        "cell_angles": [
          91.51237550000002,
          91.25258599,
          96.37024057
        ],
        "cell_volume": 982.0790986187337,
        "cell_anisotropy": 1.0414435279520864,
        "anisotropy_index": 0.04144352795208639,
        "theoretical_peak_count": 1578,
        "peak_density": 18.564705882352943,
        "median_gap_deg": 0.02683258056640625,
        "crowded_fraction": 0.9873176918199112,
        "isolated_fraction": 0.0019023462270133164,
        "simple_topology": false,
        "preferred_po_axis": [
          0,
          0,
          1
        ],
        "fluorescence_bucket": "none",
        "absorption_bucket": "light"
      },
      "attempt": 1,
      "donor_rows": {
        "instrument": "1191__opxrd_000584__H1_Mg1_O1",
        "chemistry": "0121__rruff_R050062-1__B5_Ca1_H16_Na1_O17",
        "microstructure": "1191__opxrd_000584__H1_Mg1_O1",
        "orientation": "1191__opxrd_000584__H1_Mg1_O1",
        "background": "0490__rruff_R060548-1__Ca1_F2"
      },
      "donor_rwp_percent": {
        "instrument": 5.159210709102735,
        "chemistry": 9.314628237585282,
        "microstructure": 5.159210709102735,
        "orientation": 5.159210709102735,
        "background": 11.309661106744679
      },
      "donor_peak_window_rwp": {
        "instrument": 5.48784949745101,
        "chemistry": 12.38197012046588,
        "microstructure": 5.48784949745101,
        "orientation": 5.48784949745101,
        "background": 13.746162540852461
      },
      "selected_sample_code": "1191__opxrd_000584__H1_Mg1_O1",
      "selected_peak_window_rwp": 5.48784949745101,
      "selected_peak_window_pearson": 0.9997162154875435,
      "selected_background_fraction": 0.3059909209931564
    },
    "original_sample_dir": "Li2O_SG1",
    "original_cif_path": "phase.cif",
    "original_generated_xy_path": "generated.xy",
    "original_generation_params_json": "generation_params.json",
    "original_generation_quality_json": "generation_quality.json"
  },
  "quality": {
    "note": "These are theory-vs-generated synthetic quality indicators plus donor-template quality provenance. They are not Rietveld fit-to-experiment outputs.",
    "theory_vs_generated": {
      "profile_pearson": 0.848551137215706,
      "profile_cosine": 0.887886863022631,
      "rmse": 4.421496514599863,
      "mae": 2.585791181926582,
      "background_fraction_generated": 0.4176872917911589,
      "top_peak_count_used": 20,
      "top_peak_height_log_mae": 0.2311509339523028,
      "top_peak_shift_abs_mean_deg": 0.14831066513061603,
      "peak_window_pearson": 0.782738880445655,
      "peak_window_cosine": 0.8778402311108039
    },
    "donor_template_quality": {
      "selected_sample_code": "1191__opxrd_000584__H1_Mg1_O1",
      "selected_peak_window_rwp": 5.48784949745101,
      "selected_peak_window_pearson": 0.9997162154875435,
      "selected_background_fraction": 0.3059909209931564,
      "donor_rows": {
        "instrument": "1191__opxrd_000584__H1_Mg1_O1",
        "chemistry": "0121__rruff_R050062-1__B5_Ca1_H16_Na1_O17",
        "microstructure": "1191__opxrd_000584__H1_Mg1_O1",
        "orientation": "1191__opxrd_000584__H1_Mg1_O1",
        "background": "0490__rruff_R060548-1__Ca1_F2"
      },
      "donor_rwp_percent": {
        "instrument": 5.159210709102735,
        "chemistry": 9.314628237585282,
        "microstructure": 5.159210709102735,
        "orientation": 5.159210709102735,
        "background": 11.309661106744679
      },
      "donor_peak_window_rwp": {
        "instrument": 5.48784949745101,
        "chemistry": 12.38197012046588,
        "microstructure": 5.48784949745101,
        "orientation": 5.48784949745101,
        "background": 13.746162540852461
      }
    }
  },
  "generation_tier": "strict_core"
}
