{
  "sample_name": "Er_194",
  "phase_id": "mp-99",
  "formula": "Er",
  "space_group": 194,
  "space_group_symbol": "P6_3/mmc",
  "crystal_system": "hexagonal",
  "source_origin": "materials_project",
  "slot": "background",
  "formula_group_id": "Er1::sg::194",
  "descriptor": {
    "phase_id": "mp-99",
    "formula": "Er",
    "crystal_system": "hexagonal",
    "elements": [
      "Er"
    ],
    "density_g_cm3": 9.044822797693646,
    "avg_z": 68.0,
    "max_z": 68.0,
    "heavy_fraction": 1.0,
    "transition_fraction": 0.0,
    "cell_lengths": [
      3.58849659,
      3.58849659,
      5.50697138
    ],
    "cell_angles": [
      90.0,
      90.0,
      119.99999999999999
    ],
    "cell_volume": 61.41416152438312,
    "cell_anisotropy": 1.5346179777197448,
    "anisotropy_index": 0.5346179777197448,
    "theoretical_peak_count": 16,
    "peak_density": 0.18823529411764706,
    "median_gap_deg": 3.7918624877929688,
    "crowded_fraction": 0.0,
    "isolated_fraction": 0.7333333333333333,
    "simple_topology": true,
    "preferred_po_axis": [
      0,
      0,
      1
    ],
    "fluorescence_bucket": "none",
    "absorption_bucket": "heavy"
  },
  "generation": {
    "theta_min": 5.0,
    "theta_max": 90.0,
    "num_points": 8501,
    "template_rwp_percent": 11.800676499373662,
    "template_peak_window_rwp": 16.67151917078972,
    "template_peak_window_pearson": 0.9867544375397198,
    "synth_params": {
      "ka1": 1.5405929,
      "ka2": 1.5444274,
      "use_tch_profile": true,
      "sigma_scale": 0.915935817612402,
      "kb_ratio": 0.01500880233919089,
      "use_fcj_asymmetry": true,
      "detector_nonlinearity": 0.0,
      "use_ka2": true,
      "caglioti_u": 0.031390575609021656,
      "kb": 1.39225,
      "caglioti_w": 0.0018448797995058975,
      "detector_deadtime_coeff": 0.0,
      "axial_s_over_l": 0.0012,
      "sigma_min_deg": 0.008,
      "ka2_ratio": 0.48492173130236843,
      "caglioti_v": 0.007351125729718566,
      "sigma_deg": 0.01878969372542678,
      "use_kbeta": true,
      "beam_sample_ratio": 0.05,
      "fluorescence_level": 0.0,
      "muR": 0.04,
      "trns": 0.0014311324148828866,
      "fluorescence_decay": 3.0,
      "lorentz_z": 3.956719426823436e-05,
      "strain": 0.0001557288025691439,
      "pseudo_voigt_eta": -0.03389912744399152,
      "lorentz_size": 8.658190621253464e-05,
      "macro_strain": 0.0,
      "sample_displacement_sr": -0.000628231270205669,
      "size_nm": 220.56899101873177,
      "delta_deg": -0.000697539613591028,
      "lorentz_strain": 0.0005159954788297043,
      "po_r": 1.0,
      "air_scatter_level": 2.5713685049682047,
      "b3": 0.131822212950664,
      "scatter_sigma_deg": 8.164588744645966,
      "b4": 0.47136977703259,
      "scatter_level": 1.2,
      "compton_level": 0.9055471748523348,
      "holder_scatter_center_deg": 9.092422351688583,
      "a": 1.5910181007450837,
      "holder_scatter_level": 0.36058021299606424,
      "scatter_center_deg": 5.409510339587221,
      "b5": -0.6213851729507031,
      "poisson_counts_max": 3089.75,
      "air_scatter_floor": 0.10898812675762802,
      "b1": 0.06967746317460986,
      "b0": 9.272668067947018,
      "b2": -1.0419314037805136,
      "holder_scatter_sigma_deg": 7.840182688270039,
      "po_hkl_axis": [
        0.0,
        1.0,
        0.0
      ],
      "final_normalize": true
    },
    "synth_sampling_meta": {
      "family_name": "background",
      "slot": "background",
      "source_family": "opxrd_like",
      "preferred_source_family": "opxrd_like",
      "descriptor": {
        "phase_id": "mp-99",
        "formula": "Er",
        "crystal_system": "hexagonal",
        "elements": [
          "Er"
        ],
        "density_g_cm3": 9.044822797693646,
        "avg_z": 68.0,
        "max_z": 68.0,
        "heavy_fraction": 1.0,
        "transition_fraction": 0.0,
        "cell_lengths": [
          3.58849659,
          3.58849659,
          5.50697138
        ],
        "cell_angles": [
          90.0,
          90.0,
          119.99999999999999
        ],
        "cell_volume": 61.41416152438312,
        "cell_anisotropy": 1.5346179777197448,
        "anisotropy_index": 0.5346179777197448,
        "theoretical_peak_count": 16,
        "peak_density": 0.18823529411764706,
        "median_gap_deg": 3.7918624877929688,
        "crowded_fraction": 0.0,
        "isolated_fraction": 0.7333333333333333,
        "simple_topology": true,
        "preferred_po_axis": [
          0,
          0,
          1
        ],
        "fluorescence_bucket": "none",
        "absorption_bucket": "heavy"
      },
      "attempt": 1,
      "donor_rows": {
        "instrument": "1191__opxrd_000584__H1_Mg1_O1",
        "chemistry": "0456__rruff_R060421-1__Ca5_F1_O12_P3",
        "microstructure": "0212__rruff_R050274-1__Ca5_F1_O12_P3",
        "orientation": "0254__rruff_R050369-1__Ca5_F1_O12_P3",
        "background": "0016__rruff_R040030-1__C2_Ca1_Mg1_O6"
      },
      "donor_rwp_percent": {
        "instrument": 5.159210709102735,
        "chemistry": 15.272610154817642,
        "microstructure": 43.200930586192285,
        "orientation": 13.558574059798776,
        "background": 27.23933763789696
      },
      "donor_peak_window_rwp": {
        "instrument": 5.48784949745101,
        "chemistry": 21.636095490570618,
        "microstructure": 26.895819925468544,
        "orientation": 18.528929065551917,
        "background": 14.145313767601136
      },
      "selected_sample_code": "1191__opxrd_000584__H1_Mg1_O1",
      "selected_peak_window_rwp": 5.48784949745101,
      "selected_peak_window_pearson": 0.9997162154875435,
      "selected_background_fraction": 0.5302922580835425
    },
    "original_sample_dir": "Er_SG194",
    "original_cif_path": "phase.cif",
    "original_generated_xy_path": "generated.xy",
    "original_generation_params_json": "generation_params.json",
    "original_generation_quality_json": "generation_quality.json"
  },
  "quality": {
    "note": "These are theory-vs-generated synthetic quality indicators plus donor-template quality provenance. They are not Rietveld fit-to-experiment outputs.",
    "theory_vs_generated": {
      "profile_pearson": 0.7428635568454983,
      "profile_cosine": 0.7193145041428908,
      "rmse": 3.198100456912264,
      "mae": 1.682073164012933,
      "background_fraction_generated": 8.15695197146252,
      "top_peak_count_used": 16,
      "top_peak_height_log_mae": 11.786319754487085,
      "top_peak_shift_abs_mean_deg": 0.23984558105468845,
      "peak_window_pearson": 0.7124026198852941,
      "peak_window_cosine": 0.753383104327985
    },
    "donor_template_quality": {
      "selected_sample_code": "1191__opxrd_000584__H1_Mg1_O1",
      "selected_peak_window_rwp": 5.48784949745101,
      "selected_peak_window_pearson": 0.9997162154875435,
      "selected_background_fraction": 0.5302922580835425,
      "donor_rows": {
        "instrument": "1191__opxrd_000584__H1_Mg1_O1",
        "chemistry": "0456__rruff_R060421-1__Ca5_F1_O12_P3",
        "microstructure": "0212__rruff_R050274-1__Ca5_F1_O12_P3",
        "orientation": "0254__rruff_R050369-1__Ca5_F1_O12_P3",
        "background": "0016__rruff_R040030-1__C2_Ca1_Mg1_O6"
      },
      "donor_rwp_percent": {
        "instrument": 5.159210709102735,
        "chemistry": 15.272610154817642,
        "microstructure": 43.200930586192285,
        "orientation": 13.558574059798776,
        "background": 27.23933763789696
      },
      "donor_peak_window_rwp": {
        "instrument": 5.48784949745101,
        "chemistry": 21.636095490570618,
        "microstructure": 26.895819925468544,
        "orientation": 18.528929065551917,
        "background": 14.145313767601136
      }
    }
  },
  "generation_tier": "strict_core"
}
