{
  "sample_name": "BHO_14",
  "phase_id": "cod_1100109",
  "formula": "BHO",
  "space_group": 14,
  "space_group_symbol": "P2_1/c",
  "crystal_system": "monoclinic",
  "source_origin": "cod",
  "slot": "profile",
  "formula_group_id": "B1|H1|O1::sg::14",
  "descriptor": {
    "phase_id": "cod_1100109",
    "formula": "BHO",
    "crystal_system": "monoclinic",
    "elements": [
      "B",
      "H",
      "O"
    ],
    "density_g_cm3": 1.9603045451762773,
    "avg_z": 4.666666666666667,
    "max_z": 8.0,
    "heavy_fraction": 0.0,
    "transition_fraction": 0.0,
    "cell_lengths": [
      8.21338,
      8.26806,
      11.68210781
    ],
    "cell_angles": [
      90.0,
      134.52962681,
      90.0
    ],
    "cell_volume": 565.546089452293,
    "cell_anisotropy": 1.422326473388544,
    "anisotropy_index": 0.4223264733885439,
    "theoretical_peak_count": 449,
    "peak_density": 5.2823529411764705,
    "median_gap_deg": 0.06280136108398438,
    "crowded_fraction": 0.921875,
    "isolated_fraction": 0.033482142857142856,
    "simple_topology": false,
    "preferred_po_axis": [
      0,
      0,
      1
    ],
    "fluorescence_bucket": "none",
    "absorption_bucket": "light"
  },
  "generation": {
    "theta_min": 5.0,
    "theta_max": 90.0,
    "num_points": 8501,
    "template_rwp_percent": 11.336277291932815,
    "template_peak_window_rwp": 11.208554719735723,
    "template_peak_window_pearson": 0.9683505557392063,
    "synth_params": {
      "ka1": 1.5405929,
      "ka2": 1.5444274,
      "use_tch_profile": true,
      "sigma_scale": 0.915935817612402,
      "kb_ratio": 0.01500880233919089,
      "use_fcj_asymmetry": true,
      "detector_nonlinearity": 0.0,
      "use_ka2": true,
      "caglioti_u": 0.031390575609021656,
      "kb": 1.39225,
      "caglioti_w": 0.0018448797995058975,
      "detector_deadtime_coeff": 0.0,
      "axial_s_over_l": 0.0012,
      "sigma_min_deg": 0.008,
      "ka2_ratio": 0.48492173130236843,
      "caglioti_v": 0.007351125729718566,
      "sigma_deg": 0.019353384537189586,
      "use_kbeta": true,
      "beam_sample_ratio": 0.05,
      "fluorescence_level": 0.0,
      "muR": 0.0,
      "trns": 0.0,
      "fluorescence_decay": 3.0,
      "lorentz_z": 1e-08,
      "strain": 0.0008066038044366333,
      "pseudo_voigt_eta": 0.02000045420867489,
      "lorentz_size": 7.406080397792745e-06,
      "macro_strain": 3.8941467058979094e-08,
      "sample_displacement_sr": -0.00018118235460065868,
      "size_nm": 180.0,
      "delta_deg": -0.010004323118418248,
      "lorentz_strain": 0.009,
      "po_r": 1.0,
      "air_scatter_level": 0.17648386421963813,
      "b3": 1.3442063835833177e-08,
      "scatter_sigma_deg": 6.745516875079763,
      "b4": -2.5548919808363584e-08,
      "scatter_level": 7.175567240616067,
      "compton_level": 0.3297282266645124,
      "holder_scatter_center_deg": 6.702251591272819,
      "a": 2.153788943583767,
      "holder_scatter_level": 2.760155609512472,
      "scatter_center_deg": 5.377016023437027,
      "b5": -2.4223914256036022e-08,
      "poisson_counts_max": 4314.9,
      "air_scatter_floor": 0.15296218183818666,
      "b1": -4.956923696401883,
      "b0": -2.8144852857215144,
      "b2": 2.6039921031347997,
      "holder_scatter_sigma_deg": 8.020252416654412,
      "po_hkl_axis": [
        0.0,
        1.0,
        0.0
      ],
      "final_normalize": true
    },
    "synth_sampling_meta": {
      "family_name": "profile",
      "slot": "profile",
      "source_family": "opxrd_like",
      "preferred_source_family": "opxrd_like",
      "descriptor": {
        "phase_id": "cod_1100109",
        "formula": "BHO",
        "crystal_system": "monoclinic",
        "elements": [
          "B",
          "H",
          "O"
        ],
        "density_g_cm3": 1.9603045451762773,
        "avg_z": 4.666666666666667,
        "max_z": 8.0,
        "heavy_fraction": 0.0,
        "transition_fraction": 0.0,
        "cell_lengths": [
          8.21338,
          8.26806,
          11.68210781
        ],
        "cell_angles": [
          90.0,
          134.52962681,
          90.0
        ],
        "cell_volume": 565.546089452293,
        "cell_anisotropy": 1.422326473388544,
        "anisotropy_index": 0.4223264733885439,
        "theoretical_peak_count": 449,
        "peak_density": 5.2823529411764705,
        "median_gap_deg": 0.06280136108398438,
        "crowded_fraction": 0.921875,
        "isolated_fraction": 0.033482142857142856,
        "simple_topology": false,
        "preferred_po_axis": [
          0,
          0,
          1
        ],
        "fluorescence_bucket": "none",
        "absorption_bucket": "light"
      },
      "attempt": 1,
      "donor_rows": {
        "instrument": "1191__opxrd_000584__H1_Mg1_O1",
        "chemistry": "1191__opxrd_000584__H1_Mg1_O1",
        "microstructure": "0595__rruff_R070589-1__H8_Mg1_O8_S1",
        "orientation": "0363__rruff_R050638-1__C2_Cu3_H2_O8",
        "background": "0150__rruff_R050126-1__Al3_H4_Na1_O12_P2"
      },
      "donor_rwp_percent": {
        "instrument": 5.159210709102735,
        "chemistry": 5.159210709102735,
        "microstructure": 23.89073423416258,
        "orientation": 11.336277291932815,
        "background": 12.349421546615877
      },
      "donor_peak_window_rwp": {
        "instrument": 5.48784949745101,
        "chemistry": 5.48784949745101,
        "microstructure": 24.378023894358048,
        "orientation": 11.208554719735723,
        "background": 16.546432705173878
      },
      "selected_sample_code": "1191__opxrd_000584__H1_Mg1_O1",
      "selected_peak_window_rwp": 5.48784949745101,
      "selected_peak_window_pearson": 0.9997162154875435,
      "selected_background_fraction": 0.06048028654774604
    },
    "original_sample_dir": "BHO_SG14",
    "original_cif_path": "phase.cif",
    "original_generated_xy_path": "generated.xy",
    "original_generation_params_json": "generation_params.json",
    "original_generation_quality_json": "generation_quality.json"
  },
  "quality": {
    "note": "These are theory-vs-generated synthetic quality indicators plus donor-template quality provenance. They are not Rietveld fit-to-experiment outputs.",
    "theory_vs_generated": {
      "profile_pearson": 0.9844554744815087,
      "profile_cosine": 0.984737384833381,
      "rmse": 1.051013822958727,
      "mae": 0.43732310483662695,
      "background_fraction_generated": -1.312255580603086,
      "top_peak_count_used": 20,
      "top_peak_height_log_mae": 0.18417223325665946,
      "top_peak_shift_abs_mean_deg": 0.07915487098693834,
      "peak_window_pearson": 0.9852363714392879,
      "peak_window_cosine": 0.9864568285626103
    },
    "donor_template_quality": {
      "selected_sample_code": "1191__opxrd_000584__H1_Mg1_O1",
      "selected_peak_window_rwp": 5.48784949745101,
      "selected_peak_window_pearson": 0.9997162154875435,
      "selected_background_fraction": 0.06048028654774604,
      "donor_rows": {
        "instrument": "1191__opxrd_000584__H1_Mg1_O1",
        "chemistry": "1191__opxrd_000584__H1_Mg1_O1",
        "microstructure": "0595__rruff_R070589-1__H8_Mg1_O8_S1",
        "orientation": "0363__rruff_R050638-1__C2_Cu3_H2_O8",
        "background": "0150__rruff_R050126-1__Al3_H4_Na1_O12_P2"
      },
      "donor_rwp_percent": {
        "instrument": 5.159210709102735,
        "chemistry": 5.159210709102735,
        "microstructure": 23.89073423416258,
        "orientation": 11.336277291932815,
        "background": 12.349421546615877
      },
      "donor_peak_window_rwp": {
        "instrument": 5.48784949745101,
        "chemistry": 5.48784949745101,
        "microstructure": 24.378023894358048,
        "orientation": 11.208554719735723,
        "background": 16.546432705173878
      }
    }
  },
  "generation_tier": "strict_core"
}
