{
  "sample_name": "MnAsPt5_123",
  "phase_id": "cod_4003538",
  "formula": "MnAsPt5",
  "space_group": 123,
  "space_group_symbol": "P4/mmm",
  "crystal_system": "tetragonal",
  "source_origin": "cod",
  "slot": "background",
  "formula_group_id": "As1|Mn1|Pt5::sg::123",
  "descriptor": {
    "phase_id": "cod_4003538",
    "formula": "MnAsPt5",
    "crystal_system": "tetragonal",
    "elements": [
      "As",
      "Mn",
      "Pt"
    ],
    "density_g_cm3": 16.749304274665935,
    "avg_z": 64.0,
    "max_z": 78.0,
    "heavy_fraction": 0.7142857142857143,
    "transition_fraction": 0.8571428571428571,
    "cell_lengths": [
      3.9308,
      3.9308,
      7.0919
    ],
    "cell_angles": [
      90.0,
      90.0,
      90.0
    ],
    "cell_volume": 109.578284716016,
    "cell_anisotropy": 1.8041874427597435,
    "anisotropy_index": 0.8041874427597435,
    "theoretical_peak_count": 44,
    "peak_density": 0.5176470588235295,
    "median_gap_deg": 1.3035125732421875,
    "crowded_fraction": 0.0,
    "isolated_fraction": 0.5348837209302325,
    "simple_topology": false,
    "preferred_po_axis": [
      0,
      0,
      1
    ],
    "fluorescence_bucket": "high",
    "absorption_bucket": "heavy"
  },
  "generation": {
    "theta_min": 5.0,
    "theta_max": 90.0,
    "num_points": 8501,
    "template_rwp_percent": 11.310710506171425,
    "template_peak_window_rwp": 13.039616858422296,
    "template_peak_window_pearson": 0.9953688247628263,
    "synth_params": {
      "ka1": 1.5405929,
      "ka2": 1.5444274,
      "use_tch_profile": true,
      "sigma_scale": 0.915935817612402,
      "kb_ratio": 0.01500880233919089,
      "use_fcj_asymmetry": true,
      "detector_nonlinearity": 0.0,
      "use_ka2": true,
      "caglioti_u": 0.031390575609021656,
      "kb": 1.39225,
      "caglioti_w": 0.0018448797995058975,
      "detector_deadtime_coeff": 0.0,
      "axial_s_over_l": 0.0012,
      "sigma_min_deg": 0.008,
      "ka2_ratio": 0.48492173130236843,
      "caglioti_v": 0.007351125729718566,
      "sigma_deg": 0.01878969372542678,
      "use_kbeta": true,
      "beam_sample_ratio": 0.05,
      "fluorescence_level": 2.0,
      "muR": 0.04,
      "trns": 0.03,
      "fluorescence_decay": 2.9998424930612066,
      "lorentz_z": 4.7216837937356214e-07,
      "strain": 0.0004225934793705173,
      "pseudo_voigt_eta": 0.16216538247320142,
      "lorentz_size": 0.031246844539162655,
      "macro_strain": 0.0006252539263196581,
      "sample_displacement_sr": -0.00035090034639020305,
      "size_nm": 179.94830859385758,
      "delta_deg": -0.004894948164145208,
      "lorentz_strain": 0.01,
      "po_r": 1.0,
      "air_scatter_level": 1.1118938816845205,
      "b3": 0.061574463019950613,
      "scatter_sigma_deg": 3.545729087304414,
      "b4": 0.15462000627142322,
      "scatter_level": 5.870702736998436,
      "compton_level": 0.42268815835033685,
      "holder_scatter_center_deg": 15.70409317388836,
      "a": 2.5876808265639037,
      "holder_scatter_level": 0.8252947891079748,
      "scatter_center_deg": 3.7745833471256,
      "b5": -0.10388907325116895,
      "poisson_counts_max": 2572.1,
      "air_scatter_floor": 0.012043913062787324,
      "b1": 0.5536668233346609,
      "b0": 11.31052989965887,
      "b2": -0.9313141826210304,
      "holder_scatter_sigma_deg": 8.542959312483909,
      "po_hkl_axis": [
        0.0,
        1.0,
        0.0
      ],
      "final_normalize": true
    },
    "synth_sampling_meta": {
      "family_name": "background",
      "slot": "background",
      "source_family": "opxrd_like",
      "preferred_source_family": "opxrd_like",
      "descriptor": {
        "phase_id": "cod_4003538",
        "formula": "MnAsPt5",
        "crystal_system": "tetragonal",
        "elements": [
          "As",
          "Mn",
          "Pt"
        ],
        "density_g_cm3": 16.749304274665935,
        "avg_z": 64.0,
        "max_z": 78.0,
        "heavy_fraction": 0.7142857142857143,
        "transition_fraction": 0.8571428571428571,
        "cell_lengths": [
          3.9308,
          3.9308,
          7.0919
        ],
        "cell_angles": [
          90.0,
          90.0,
          90.0
        ],
        "cell_volume": 109.578284716016,
        "cell_anisotropy": 1.8041874427597435,
        "anisotropy_index": 0.8041874427597435,
        "theoretical_peak_count": 44,
        "peak_density": 0.5176470588235295,
        "median_gap_deg": 1.3035125732421875,
        "crowded_fraction": 0.0,
        "isolated_fraction": 0.5348837209302325,
        "simple_topology": false,
        "preferred_po_axis": [
          0,
          0,
          1
        ],
        "fluorescence_bucket": "high",
        "absorption_bucket": "heavy"
      },
      "attempt": 1,
      "donor_rows": {
        "instrument": "1191__opxrd_000584__H1_Mg1_O1",
        "chemistry": "0329__rruff_R050521-1__Cu1_H1_O5_Pb1_V1",
        "microstructure": "0320__rruff_R050501-1__Mo1_O4_Pb1",
        "orientation": "0454__rruff_R060417-1__Ca1_O4_W1",
        "background": "0454__rruff_R060417-1__Ca1_O4_W1"
      },
      "donor_rwp_percent": {
        "instrument": 5.159210709102735,
        "chemistry": 20.765069245060484,
        "microstructure": 28.68148207760901,
        "orientation": 20.538160106639065,
        "background": 20.538160106639065
      },
      "donor_peak_window_rwp": {
        "instrument": 5.48784949745101,
        "chemistry": 20.2588579420501,
        "microstructure": 22.790795125536757,
        "orientation": 17.54785920227529,
        "background": 17.54785920227529
      },
      "selected_sample_code": "1191__opxrd_000584__H1_Mg1_O1",
      "selected_peak_window_rwp": 5.48784949745101,
      "selected_peak_window_pearson": 0.9997162154875435,
      "selected_background_fraction": 0.4063188775866402
    },
    "original_sample_dir": "MnAsPt5_SG123",
    "original_cif_path": "phase.cif",
    "original_generated_xy_path": "generated.xy",
    "original_generation_params_json": "generation_params.json",
    "original_generation_quality_json": "generation_quality.json"
  },
  "quality": {
    "note": "These are theory-vs-generated synthetic quality indicators plus donor-template quality provenance. They are not Rietveld fit-to-experiment outputs.",
    "theory_vs_generated": {
      "profile_pearson": 0.9326332346610127,
      "profile_cosine": 0.8962935831429912,
      "rmse": 2.636502046839528,
      "mae": 1.8247347515311338,
      "background_fraction_generated": 6.292197642284984,
      "top_peak_count_used": 20,
      "top_peak_height_log_mae": 14.666048550443696,
      "top_peak_shift_abs_mean_deg": 0.2460248069763173,
      "peak_window_pearson": 0.9317249835472965,
      "peak_window_cosine": 0.9252032036096957
    },
    "donor_template_quality": {
      "selected_sample_code": "1191__opxrd_000584__H1_Mg1_O1",
      "selected_peak_window_rwp": 5.48784949745101,
      "selected_peak_window_pearson": 0.9997162154875435,
      "selected_background_fraction": 0.4063188775866402,
      "donor_rows": {
        "instrument": "1191__opxrd_000584__H1_Mg1_O1",
        "chemistry": "0329__rruff_R050521-1__Cu1_H1_O5_Pb1_V1",
        "microstructure": "0320__rruff_R050501-1__Mo1_O4_Pb1",
        "orientation": "0454__rruff_R060417-1__Ca1_O4_W1",
        "background": "0454__rruff_R060417-1__Ca1_O4_W1"
      },
      "donor_rwp_percent": {
        "instrument": 5.159210709102735,
        "chemistry": 20.765069245060484,
        "microstructure": 28.68148207760901,
        "orientation": 20.538160106639065,
        "background": 20.538160106639065
      },
      "donor_peak_window_rwp": {
        "instrument": 5.48784949745101,
        "chemistry": 20.2588579420501,
        "microstructure": 22.790795125536757,
        "orientation": 17.54785920227529,
        "background": 17.54785920227529
      }
    }
  },
  "generation_tier": "strict_core"
}
