{
  "sample_name": "O2_227",
  "phase_id": "mp-1057818",
  "formula": "O2",
  "space_group": 227,
  "space_group_symbol": "Fd-3m",
  "crystal_system": "cubic",
  "source_origin": "materials_project",
  "slot": "anchor",
  "formula_group_id": "O1::sg::227",
  "descriptor": {
    "phase_id": "mp-1057818",
    "formula": "O2",
    "crystal_system": "cubic",
    "elements": [
      "O"
    ],
    "density_g_cm3": 2.5969254446261805,
    "avg_z": 8.0,
    "max_z": 8.0,
    "heavy_fraction": 0.0,
    "transition_fraction": 0.0,
    "cell_lengths": [
      4.34171288,
      4.34171288,
      4.34171288
    ],
    "cell_angles": [
      90.0,
      90.0,
      90.0
    ],
    "cell_volume": 81.8433315727413,
    "cell_anisotropy": 1.0,
    "anisotropy_index": 0.0,
    "theoretical_peak_count": 3,
    "peak_density": 0.03529411764705882,
    "median_gap_deg": 18.167926788330078,
    "crowded_fraction": 0.0,
    "isolated_fraction": 1.0,
    "simple_topology": true,
    "preferred_po_axis": [
      0,
      0,
      1
    ],
    "fluorescence_bucket": "none",
    "absorption_bucket": "light"
  },
  "generation": {
    "theta_min": 5.0,
    "theta_max": 90.0,
    "num_points": 8501,
    "template_rwp_percent": 11.309661106744679,
    "template_peak_window_rwp": 13.746162540852461,
    "template_peak_window_pearson": 0.9951391151799386,
    "synth_params": {
      "ka1": 1.5405929,
      "ka2": 1.5444274,
      "use_tch_profile": true,
      "sigma_scale": 0.9440362830576552,
      "kb_ratio": 0.0,
      "use_fcj_asymmetry": true,
      "detector_nonlinearity": 0.0,
      "use_ka2": true,
      "caglioti_u": 0.003279074167112672,
      "kb": 1.39225,
      "caglioti_w": 0.0010019906393954538,
      "detector_deadtime_coeff": 0.0,
      "axial_s_over_l": 0.00119999999999995,
      "sigma_min_deg": 0.008,
      "ka2_ratio": 0.48502655784215637,
      "caglioti_v": -0.005646438125445374,
      "sigma_deg": 0.009060480593718376,
      "use_kbeta": false,
      "beam_sample_ratio": 0.04999999999999995,
      "fluorescence_level": 0.0,
      "muR": 1e-08,
      "trns": 1e-08,
      "fluorescence_decay": 3.0,
      "lorentz_z": 0.009960924454523384,
      "strain": 0.0006853610642039835,
      "pseudo_voigt_eta": 0.019967939291600033,
      "lorentz_size": 0.03,
      "macro_strain": -3.240079984075608e-05,
      "sample_displacement_sr": -0.0004456863208776223,
      "size_nm": 80.0,
      "delta_deg": -0.009806819913045304,
      "lorentz_strain": 0.008,
      "po_r": 1.0,
      "air_scatter_level": 5.500000000000385e-09,
      "b3": 6.3203101563040995e-06,
      "scatter_sigma_deg": 6.0,
      "b4": -2.7325016753084457e-06,
      "scatter_level": 5.499999999998345e-09,
      "compton_level": 5.499999999999996e-09,
      "holder_scatter_center_deg": 15.0,
      "a": 0.977906046144876,
      "holder_scatter_level": 5.500000000002196e-09,
      "scatter_center_deg": 15.0,
      "b5": 1.6491811420758495e-06,
      "poisson_counts_max": 2584.7999999999997,
      "air_scatter_floor": 0.049999999999999996,
      "b1": -1.0621837808842336,
      "b0": 2.7818043743245324,
      "b2": 0.8246859397168971,
      "holder_scatter_sigma_deg": 4.0,
      "po_hkl_axis": [
        0.0,
        1.0,
        0.0
      ],
      "final_normalize": true
    },
    "synth_sampling_meta": {
      "family_name": "anchor",
      "slot": "anchor",
      "source_family": "rruff_like",
      "preferred_source_family": "rruff_like",
      "descriptor": {
        "phase_id": "mp-1057818",
        "formula": "O2",
        "crystal_system": "cubic",
        "elements": [
          "O"
        ],
        "density_g_cm3": 2.5969254446261805,
        "avg_z": 8.0,
        "max_z": 8.0,
        "heavy_fraction": 0.0,
        "transition_fraction": 0.0,
        "cell_lengths": [
          4.34171288,
          4.34171288,
          4.34171288
        ],
        "cell_angles": [
          90.0,
          90.0,
          90.0
        ],
        "cell_volume": 81.8433315727413,
        "cell_anisotropy": 1.0,
        "anisotropy_index": 0.0,
        "theoretical_peak_count": 3,
        "peak_density": 0.03529411764705882,
        "median_gap_deg": 18.167926788330078,
        "crowded_fraction": 0.0,
        "isolated_fraction": 1.0,
        "simple_topology": true,
        "preferred_po_axis": [
          0,
          0,
          1
        ],
        "fluorescence_bucket": "none",
        "absorption_bucket": "light"
      },
      "attempt": 1,
      "donor_rows": {
        "instrument": "0144__rruff_R050115-1__Ca1_F2",
        "chemistry": "0490__rruff_R060548-1__Ca1_F2",
        "microstructure": "0144__rruff_R050115-1__Ca1_F2",
        "orientation": "0113__rruff_R050045-1__Ca1_F2",
        "background": "0144__rruff_R050115-1__Ca1_F2"
      },
      "donor_rwp_percent": {
        "instrument": 10.8136128591309,
        "chemistry": 11.309661106744679,
        "microstructure": 10.8136128591309,
        "orientation": 10.345769455766266,
        "background": 10.8136128591309
      },
      "donor_peak_window_rwp": {
        "instrument": 14.273780930421212,
        "chemistry": 13.746162540852461,
        "microstructure": 14.273780930421212,
        "orientation": 11.85177861797737,
        "background": 14.273780930421212
      },
      "selected_sample_code": "0144__rruff_R050115-1__Ca1_F2",
      "selected_peak_window_rwp": 14.273780930421212,
      "selected_peak_window_pearson": 0.9900974432048891,
      "selected_background_fraction": 0.2583068632884111
    },
    "original_sample_dir": "O2_SG227",
    "original_cif_path": "phase.cif",
    "original_generated_xy_path": "generated.xy",
    "original_generation_params_json": "generation_params.json",
    "original_generation_quality_json": "generation_quality.json"
  },
  "quality": {
    "note": "These are theory-vs-generated synthetic quality indicators plus donor-template quality provenance. They are not Rietveld fit-to-experiment outputs.",
    "theory_vs_generated": {
      "profile_pearson": 0.8686363039154277,
      "profile_cosine": 0.8605054767127276,
      "rmse": 2.5131955395419716,
      "mae": 0.8772009613817612,
      "background_fraction_generated": 2.26333697457187,
      "top_peak_count_used": 3,
      "top_peak_height_log_mae": 0.2172165847831161,
      "top_peak_shift_abs_mean_deg": 0.04163436889648627,
      "peak_window_pearson": 0.8430536051789368,
      "peak_window_cosine": 0.8718730007182471
    },
    "donor_template_quality": {
      "selected_sample_code": "0144__rruff_R050115-1__Ca1_F2",
      "selected_peak_window_rwp": 14.273780930421212,
      "selected_peak_window_pearson": 0.9900974432048891,
      "selected_background_fraction": 0.2583068632884111,
      "donor_rows": {
        "instrument": "0144__rruff_R050115-1__Ca1_F2",
        "chemistry": "0490__rruff_R060548-1__Ca1_F2",
        "microstructure": "0144__rruff_R050115-1__Ca1_F2",
        "orientation": "0113__rruff_R050045-1__Ca1_F2",
        "background": "0144__rruff_R050115-1__Ca1_F2"
      },
      "donor_rwp_percent": {
        "instrument": 10.8136128591309,
        "chemistry": 11.309661106744679,
        "microstructure": 10.8136128591309,
        "orientation": 10.345769455766266,
        "background": 10.8136128591309
      },
      "donor_peak_window_rwp": {
        "instrument": 14.273780930421212,
        "chemistry": 13.746162540852461,
        "microstructure": 14.273780930421212,
        "orientation": 11.85177861797737,
        "background": 14.273780930421212
      }
    }
  },
  "generation_tier": "strict_core"
}
