{
  "sample_name": "ClO6_62",
  "phase_id": "mp-733797",
  "formula": "ClO6",
  "space_group": 62,
  "space_group_symbol": "Pnma",
  "crystal_system": "orthorhombic",
  "source_origin": "materials_project",
  "slot": "profile",
  "formula_group_id": "Cl1|O6::sg::62",
  "descriptor": {
    "phase_id": "mp-733797",
    "formula": "ClO6",
    "crystal_system": "orthorhombic",
    "elements": [
      "Cl",
      "O"
    ],
    "density_g_cm3": 2.0283513836016756,
    "avg_z": 9.285714285714286,
    "max_z": 17.0,
    "heavy_fraction": 0.0,
    "transition_fraction": 0.0,
    "cell_lengths": [
      6.057677,
      10.682122,
      6.652132
    ],
    "cell_angles": [
      90.0,
      90.0,
      90.0
    ],
    "cell_volume": 430.45177684845834,
    "cell_anisotropy": 1.763402373550125,
    "anisotropy_index": 0.763402373550125,
    "theoretical_peak_count": 180,
    "peak_density": 2.1176470588235294,
    "median_gap_deg": 0.26868438720703125,
    "crowded_fraction": 0.6145251396648045,
    "isolated_fraction": 0.05027932960893855,
    "simple_topology": false,
    "preferred_po_axis": [
      0,
      1,
      0
    ],
    "fluorescence_bucket": "none",
    "absorption_bucket": "light"
  },
  "generation": {
    "theta_min": 5.0,
    "theta_max": 90.0,
    "num_points": 8501,
    "template_rwp_percent": 13.402713244316242,
    "template_peak_window_rwp": 13.36610465902315,
    "template_peak_window_pearson": 0.9814392226643239,
    "synth_params": {
      "ka1": 1.5405929,
      "ka2": 1.5444274,
      "use_tch_profile": true,
      "sigma_scale": 0.915935817612402,
      "kb_ratio": 0.01500880233919089,
      "use_fcj_asymmetry": true,
      "detector_nonlinearity": 0.0,
      "use_ka2": true,
      "caglioti_u": 0.031390575609021656,
      "kb": 1.39225,
      "caglioti_w": 0.0018448797995058975,
      "detector_deadtime_coeff": 0.0,
      "axial_s_over_l": 0.0012,
      "sigma_min_deg": 0.008,
      "ka2_ratio": 0.48492173130236843,
      "caglioti_v": 0.007351125729718566,
      "sigma_deg": 0.019353384537189586,
      "use_kbeta": true,
      "beam_sample_ratio": 0.05,
      "fluorescence_level": 0.0,
      "muR": 0.0,
      "trns": 0.0,
      "fluorescence_decay": 3.0,
      "lorentz_z": 1.7913889124090518e-05,
      "strain": 0.0009056359414191878,
      "pseudo_voigt_eta": 0.032291656570964826,
      "lorentz_size": 8.025320392345093e-05,
      "macro_strain": 0.00040465919252302235,
      "sample_displacement_sr": -0.0006861256687989029,
      "size_nm": 180.0,
      "delta_deg": -0.011965266914764993,
      "lorentz_strain": 0.009,
      "po_r": 1.0,
      "air_scatter_level": 0.2750018604119713,
      "b3": 0.7379173670925012,
      "scatter_sigma_deg": 10.836186106093132,
      "b4": 0.5472655579071705,
      "scatter_level": 1.1852698642709403,
      "compton_level": 2.1934444397108424,
      "holder_scatter_center_deg": 5.023353705021647,
      "a": 0.7052404543488482,
      "holder_scatter_level": 4.107431864113892,
      "scatter_center_deg": 14.635716036503347,
      "b5": -0.6684336014039052,
      "poisson_counts_max": 1200.0,
      "air_scatter_floor": 0.02699164710478493,
      "b1": -4.466703566605327,
      "b0": 22.026741256188426,
      "b2": -0.429353988891026,
      "holder_scatter_sigma_deg": 1.5617313898161211,
      "po_hkl_axis": [
        1.0,
        0.0,
        0.0
      ],
      "final_normalize": true
    },
    "synth_sampling_meta": {
      "family_name": "profile",
      "slot": "profile",
      "source_family": "opxrd_like",
      "preferred_source_family": "opxrd_like",
      "descriptor": {
        "phase_id": "mp-733797",
        "formula": "ClO6",
        "crystal_system": "orthorhombic",
        "elements": [
          "Cl",
          "O"
        ],
        "density_g_cm3": 2.0283513836016756,
        "avg_z": 9.285714285714286,
        "max_z": 17.0,
        "heavy_fraction": 0.0,
        "transition_fraction": 0.0,
        "cell_lengths": [
          6.057677,
          10.682122,
          6.652132
        ],
        "cell_angles": [
          90.0,
          90.0,
          90.0
        ],
        "cell_volume": 430.45177684845834,
        "cell_anisotropy": 1.763402373550125,
        "anisotropy_index": 0.763402373550125,
        "theoretical_peak_count": 180,
        "peak_density": 2.1176470588235294,
        "median_gap_deg": 0.26868438720703125,
        "crowded_fraction": 0.6145251396648045,
        "isolated_fraction": 0.05027932960893855,
        "simple_topology": false,
        "preferred_po_axis": [
          0,
          1,
          0
        ],
        "fluorescence_bucket": "none",
        "absorption_bucket": "light"
      },
      "attempt": 1,
      "donor_rows": {
        "instrument": "1191__opxrd_000584__H1_Mg1_O1",
        "chemistry": "1191__opxrd_000584__H1_Mg1_O1",
        "microstructure": "0607__rruff_R090034-1__F6_K1_Na1_Si1",
        "orientation": "0453__rruff_R060409-1__Al1_As1_H4_O6",
        "background": "0453__rruff_R060409-1__Al1_As1_H4_O6"
      },
      "donor_rwp_percent": {
        "instrument": 5.159210709102735,
        "chemistry": 5.159210709102735,
        "microstructure": 25.289984456519914,
        "orientation": 17.010113375270937,
        "background": 17.010113375270937
      },
      "donor_peak_window_rwp": {
        "instrument": 5.48784949745101,
        "chemistry": 5.48784949745101,
        "microstructure": 24.951723644317994,
        "orientation": 16.7700543319154,
        "background": 16.7700543319154
      },
      "selected_sample_code": "1191__opxrd_000584__H1_Mg1_O1",
      "selected_peak_window_rwp": 5.48784949745101,
      "selected_peak_window_pearson": 0.9997162154875435,
      "selected_background_fraction": 0.6150635671141698
    },
    "original_sample_dir": "ClO6_SG62",
    "original_cif_path": "phase.cif",
    "original_generated_xy_path": "generated.xy",
    "original_generation_params_json": "generation_params.json",
    "original_generation_quality_json": "generation_quality.json"
  },
  "quality": {
    "note": "These are theory-vs-generated synthetic quality indicators plus donor-template quality provenance. They are not Rietveld fit-to-experiment outputs.",
    "theory_vs_generated": {
      "profile_pearson": 0.7507418493190703,
      "profile_cosine": 0.6016256574451857,
      "rmse": 5.275506227771081,
      "mae": 4.576174773603915,
      "background_fraction_generated": 4.792368271456015,
      "top_peak_count_used": 20,
      "top_peak_height_log_mae": 15.537271404543764,
      "top_peak_shift_abs_mean_deg": 0.27647043228149426,
      "peak_window_pearson": 0.749944104319958,
      "peak_window_cosine": 0.7499422102455571
    },
    "donor_template_quality": {
      "selected_sample_code": "1191__opxrd_000584__H1_Mg1_O1",
      "selected_peak_window_rwp": 5.48784949745101,
      "selected_peak_window_pearson": 0.9997162154875435,
      "selected_background_fraction": 0.6150635671141698,
      "donor_rows": {
        "instrument": "1191__opxrd_000584__H1_Mg1_O1",
        "chemistry": "1191__opxrd_000584__H1_Mg1_O1",
        "microstructure": "0607__rruff_R090034-1__F6_K1_Na1_Si1",
        "orientation": "0453__rruff_R060409-1__Al1_As1_H4_O6",
        "background": "0453__rruff_R060409-1__Al1_As1_H4_O6"
      },
      "donor_rwp_percent": {
        "instrument": 5.159210709102735,
        "chemistry": 5.159210709102735,
        "microstructure": 25.289984456519914,
        "orientation": 17.010113375270937,
        "background": 17.010113375270937
      },
      "donor_peak_window_rwp": {
        "instrument": 5.48784949745101,
        "chemistry": 5.48784949745101,
        "microstructure": 24.951723644317994,
        "orientation": 16.7700543319154,
        "background": 16.7700543319154
      }
    }
  },
  "generation_tier": "strict_core"
}
