{
  "sample_name": "AsO2_14",
  "phase_id": "mp-1182387",
  "formula": "AsO2",
  "space_group": 14,
  "space_group_symbol": "P2_1/c",
  "crystal_system": "monoclinic",
  "source_origin": "materials_project",
  "slot": "profile",
  "formula_group_id": "As1|O2::sg::14",
  "descriptor": {
    "phase_id": "mp-1182387",
    "formula": "AsO2",
    "crystal_system": "monoclinic",
    "elements": [
      "As",
      "O"
    ],
    "density_g_cm3": 3.710883736173789,
    "avg_z": 16.333333333333332,
    "max_z": 33.0,
    "heavy_fraction": 0.0,
    "transition_fraction": 0.0,
    "cell_lengths": [
      12.42479821,
      4.530507,
      11.419782
    ],
    "cell_angles": [
      90.0,
      116.72947311000001,
      90.0
    ],
    "cell_volume": 574.1344027585748,
    "cell_anisotropy": 2.742474122653381,
    "anisotropy_index": 1.7424741226533809,
    "theoretical_peak_count": 453,
    "peak_density": 5.329411764705882,
    "median_gap_deg": 0.09630775451660156,
    "crowded_fraction": 0.9137168141592921,
    "isolated_fraction": 0.015486725663716814,
    "simple_topology": false,
    "preferred_po_axis": [
      1,
      0,
      0
    ],
    "fluorescence_bucket": "none",
    "absorption_bucket": "medium"
  },
  "generation": {
    "theta_min": 5.0,
    "theta_max": 90.0,
    "num_points": 8501,
    "template_rwp_percent": 11.336277291932815,
    "template_peak_window_rwp": 11.208554719735723,
    "template_peak_window_pearson": 0.9683505557392063,
    "synth_params": {
      "ka1": 1.5405929,
      "ka2": 1.5444274,
      "use_tch_profile": true,
      "sigma_scale": 0.915935817612402,
      "kb_ratio": 0.01500880233919089,
      "use_fcj_asymmetry": true,
      "detector_nonlinearity": 0.0,
      "use_ka2": true,
      "caglioti_u": 0.031390575609021656,
      "kb": 1.39225,
      "caglioti_w": 0.0018448797995058975,
      "detector_deadtime_coeff": 0.0,
      "axial_s_over_l": 0.0012,
      "sigma_min_deg": 0.008,
      "ka2_ratio": 0.48492173130236843,
      "caglioti_v": 0.007351125729718566,
      "sigma_deg": 0.019353384537189586,
      "use_kbeta": true,
      "beam_sample_ratio": 0.05,
      "fluorescence_level": 0.0,
      "muR": 0.01,
      "trns": 1e-08,
      "fluorescence_decay": 3.0,
      "lorentz_z": 1e-08,
      "strain": 0.0010325676213719568,
      "pseudo_voigt_eta": 0.020110358354006107,
      "lorentz_size": 0.032,
      "macro_strain": 0.0004521522997046588,
      "sample_displacement_sr": -0.0013200177097047237,
      "size_nm": 179.35601663975996,
      "delta_deg": -0.008934743762253434,
      "lorentz_strain": 0.009,
      "po_r": 1.0,
      "air_scatter_level": 1.3367174280242036,
      "b3": 0.1494627138868337,
      "scatter_sigma_deg": 5.984483518472322,
      "b4": 0.31349578968097963,
      "scatter_level": 2.2363762161652336,
      "compton_level": 0.516782818939281,
      "holder_scatter_center_deg": 10.60642250903036,
      "a": 1.0,
      "holder_scatter_level": 1.0577727481551678,
      "scatter_center_deg": 5.426917278715111,
      "b5": -0.06738630997621678,
      "poisson_counts_max": 1601.6999999999998,
      "air_scatter_floor": 0.04082641065526568,
      "b1": 0.013887990559719171,
      "b0": 2.5647520622654447,
      "b2": -1.1971163201166726,
      "holder_scatter_sigma_deg": 6.074065463208637,
      "po_hkl_axis": [
        0.0,
        1.0,
        0.0
      ],
      "final_normalize": true
    },
    "synth_sampling_meta": {
      "family_name": "profile",
      "slot": "profile",
      "source_family": "opxrd_like",
      "preferred_source_family": "opxrd_like",
      "descriptor": {
        "phase_id": "mp-1182387",
        "formula": "AsO2",
        "crystal_system": "monoclinic",
        "elements": [
          "As",
          "O"
        ],
        "density_g_cm3": 3.710883736173789,
        "avg_z": 16.333333333333332,
        "max_z": 33.0,
        "heavy_fraction": 0.0,
        "transition_fraction": 0.0,
        "cell_lengths": [
          12.42479821,
          4.530507,
          11.419782
        ],
        "cell_angles": [
          90.0,
          116.72947311000001,
          90.0
        ],
        "cell_volume": 574.1344027585748,
        "cell_anisotropy": 2.742474122653381,
        "anisotropy_index": 1.7424741226533809,
        "theoretical_peak_count": 453,
        "peak_density": 5.329411764705882,
        "median_gap_deg": 0.09630775451660156,
        "crowded_fraction": 0.9137168141592921,
        "isolated_fraction": 0.015486725663716814,
        "simple_topology": false,
        "preferred_po_axis": [
          1,
          0,
          0
        ],
        "fluorescence_bucket": "none",
        "absorption_bucket": "medium"
      },
      "attempt": 1,
      "donor_rows": {
        "instrument": "1191__opxrd_000584__H1_Mg1_O1",
        "chemistry": "0490__rruff_R060548-1__Ca1_F2",
        "microstructure": "0593__rruff_R070576-1__Be2_Na4_O20_Si6_Sn1",
        "orientation": "0136__rruff_R050100-1__Al2_O7_P1",
        "background": "0152__rruff_R050128-1__C1_Ca1_O3"
      },
      "donor_rwp_percent": {
        "instrument": 5.159210709102735,
        "chemistry": 11.309661106744679,
        "microstructure": 9.858207442453974,
        "orientation": 11.140544664536845,
        "background": 10.060210456264361
      },
      "donor_peak_window_rwp": {
        "instrument": 5.48784949745101,
        "chemistry": 13.746162540852461,
        "microstructure": 13.521151339036324,
        "orientation": 15.446070104443251,
        "background": 12.829743047113176
      },
      "selected_sample_code": "1191__opxrd_000584__H1_Mg1_O1",
      "selected_peak_window_rwp": 5.48784949745101,
      "selected_peak_window_pearson": 0.9997162154875435,
      "selected_background_fraction": 0.43711059782680073
    },
    "original_sample_dir": "AsO2_SG14",
    "original_cif_path": "phase.cif",
    "original_generated_xy_path": "generated.xy",
    "original_generation_params_json": "generation_params.json",
    "original_generation_quality_json": "generation_quality.json"
  },
  "quality": {
    "note": "These are theory-vs-generated synthetic quality indicators plus donor-template quality provenance. They are not Rietveld fit-to-experiment outputs.",
    "theory_vs_generated": {
      "profile_pearson": 0.40250942587592436,
      "profile_cosine": 0.47932066219975183,
      "rmse": 7.143651309785767,
      "mae": 3.048409257233442,
      "background_fraction_generated": 1.6221284789778967,
      "top_peak_count_used": 20,
      "top_peak_height_log_mae": 0.30736356436072326,
      "top_peak_shift_abs_mean_deg": 0.15552614784240787,
      "peak_window_pearson": 0.22169096097815905,
      "peak_window_cosine": 0.45873538307055545
    },
    "donor_template_quality": {
      "selected_sample_code": "1191__opxrd_000584__H1_Mg1_O1",
      "selected_peak_window_rwp": 5.48784949745101,
      "selected_peak_window_pearson": 0.9997162154875435,
      "selected_background_fraction": 0.43711059782680073,
      "donor_rows": {
        "instrument": "1191__opxrd_000584__H1_Mg1_O1",
        "chemistry": "0490__rruff_R060548-1__Ca1_F2",
        "microstructure": "0593__rruff_R070576-1__Be2_Na4_O20_Si6_Sn1",
        "orientation": "0136__rruff_R050100-1__Al2_O7_P1",
        "background": "0152__rruff_R050128-1__C1_Ca1_O3"
      },
      "donor_rwp_percent": {
        "instrument": 5.159210709102735,
        "chemistry": 11.309661106744679,
        "microstructure": 9.858207442453974,
        "orientation": 11.140544664536845,
        "background": 10.060210456264361
      },
      "donor_peak_window_rwp": {
        "instrument": 5.48784949745101,
        "chemistry": 13.746162540852461,
        "microstructure": 13.521151339036324,
        "orientation": 15.446070104443251,
        "background": 12.829743047113176
      }
    }
  },
  "generation_tier": "strict_core"
}
