{
  "sample_name": "InS_62",
  "phase_id": "cod_9008787",
  "formula": "InS",
  "space_group": 62,
  "space_group_symbol": "Pnma",
  "crystal_system": "orthorhombic",
  "source_origin": "cod",
  "slot": "background",
  "formula_group_id": "In1|S1::sg::62",
  "descriptor": {
    "phase_id": "cod_9008787",
    "formula": "InS",
    "crystal_system": "orthorhombic",
    "elements": [
      "In",
      "S"
    ],
    "density_g_cm3": 5.238206232203586,
    "avg_z": 32.5,
    "max_z": 49.0,
    "heavy_fraction": 0.5,
    "transition_fraction": 0.0,
    "cell_lengths": [
      10.642,
      3.94,
      4.442
    ],
    "cell_angles": [
      90.0,
      90.0,
      90.0
    ],
    "cell_volume": 186.25075016,
    "cell_anisotropy": 2.701015228426396,
    "anisotropy_index": 1.701015228426396,
    "theoretical_peak_count": 90,
    "peak_density": 1.0588235294117647,
    "median_gap_deg": 0.6051826477050781,
    "crowded_fraction": 0.38202247191011235,
    "isolated_fraction": 0.20224719101123595,
    "simple_topology": false,
    "preferred_po_axis": [
      1,
      0,
      0
    ],
    "fluorescence_bucket": "none",
    "absorption_bucket": "heavy"
  },
  "generation": {
    "theta_min": 5.0,
    "theta_max": 90.0,
    "num_points": 8501,
    "template_rwp_percent": 20.116123150491998,
    "template_peak_window_rwp": 19.059785587552092,
    "template_peak_window_pearson": 0.9853439113269152,
    "synth_params": {
      "ka1": 1.5405929,
      "ka2": 1.5444274,
      "use_tch_profile": true,
      "sigma_scale": 0.915935817612402,
      "kb_ratio": 0.01500880233919089,
      "use_fcj_asymmetry": true,
      "detector_nonlinearity": 0.0,
      "use_ka2": true,
      "caglioti_u": 0.031390575609021656,
      "kb": 1.39225,
      "caglioti_w": 0.0018448797995058975,
      "detector_deadtime_coeff": 0.0,
      "axial_s_over_l": 0.0012,
      "sigma_min_deg": 0.008,
      "ka2_ratio": 0.48492173130236843,
      "caglioti_v": 0.007351125729718566,
      "sigma_deg": 0.01878969372542678,
      "use_kbeta": true,
      "beam_sample_ratio": 0.05,
      "fluorescence_level": 0.0,
      "muR": 0.04,
      "trns": 0.03,
      "fluorescence_decay": 3.0,
      "lorentz_z": 1.0002170777508793e-08,
      "strain": 0.000588556560986462,
      "pseudo_voigt_eta": 0.11756960872265437,
      "lorentz_size": 0.006789155609971859,
      "macro_strain": 0.0004427856416146951,
      "sample_displacement_sr": -0.0008810949796893171,
      "size_nm": 180.0,
      "delta_deg": -0.00016639000612943402,
      "lorentz_strain": 0.008,
      "po_r": 1.0,
      "air_scatter_level": 2.330268081487112,
      "b3": 0.4116872829535968,
      "scatter_sigma_deg": 9.260611907465764,
      "b4": 0.7206392578509205,
      "scatter_level": 3.44835138450369,
      "compton_level": 0.009517294348998808,
      "holder_scatter_center_deg": 13.5689839516084,
      "a": 0.8780553122115068,
      "holder_scatter_level": 0.7929232387534371,
      "scatter_center_deg": 3.291222648442245,
      "b5": -0.2862500326288072,
      "poisson_counts_max": 900.0,
      "air_scatter_floor": 0.08603245317709057,
      "b1": 1.9983830524495958,
      "b0": 14.572839793184654,
      "b2": -3.733559065106686,
      "holder_scatter_sigma_deg": 4.075034159885468,
      "po_hkl_axis": [
        0.0,
        0.0,
        1.0
      ],
      "final_normalize": true
    },
    "synth_sampling_meta": {
      "family_name": "background",
      "slot": "background",
      "source_family": "opxrd_like",
      "preferred_source_family": "opxrd_like",
      "descriptor": {
        "phase_id": "cod_9008787",
        "formula": "InS",
        "crystal_system": "orthorhombic",
        "elements": [
          "In",
          "S"
        ],
        "density_g_cm3": 5.238206232203586,
        "avg_z": 32.5,
        "max_z": 49.0,
        "heavy_fraction": 0.5,
        "transition_fraction": 0.0,
        "cell_lengths": [
          10.642,
          3.94,
          4.442
        ],
        "cell_angles": [
          90.0,
          90.0,
          90.0
        ],
        "cell_volume": 186.25075016,
        "cell_anisotropy": 2.701015228426396,
        "anisotropy_index": 1.701015228426396,
        "theoretical_peak_count": 90,
        "peak_density": 1.0588235294117647,
        "median_gap_deg": 0.6051826477050781,
        "crowded_fraction": 0.38202247191011235,
        "isolated_fraction": 0.20224719101123595,
        "simple_topology": false,
        "preferred_po_axis": [
          1,
          0,
          0
        ],
        "fluorescence_bucket": "none",
        "absorption_bucket": "heavy"
      },
      "attempt": 1,
      "donor_rows": {
        "instrument": "1191__opxrd_000584__H1_Mg1_O1",
        "chemistry": "0453__rruff_R060409-1__Al1_As1_H4_O6",
        "microstructure": "0617__rruff_R200013__Ag1_Te1",
        "orientation": "0391__rruff_R060042-1__As1_Mg1_O8",
        "background": "0041__rruff_R040073-1__Al2_Be1_O4"
      },
      "donor_rwp_percent": {
        "instrument": 5.159210709102735,
        "chemistry": 17.010113375270937,
        "microstructure": 10.842870596894375,
        "orientation": 18.11520983114812,
        "background": 21.50594762145123
      },
      "donor_peak_window_rwp": {
        "instrument": 5.48784949745101,
        "chemistry": 16.7700543319154,
        "microstructure": 9.019290975003878,
        "orientation": 17.897348265328343,
        "background": 21.59440755253815
      },
      "selected_sample_code": "1191__opxrd_000584__H1_Mg1_O1",
      "selected_peak_window_rwp": 5.48784949745101,
      "selected_peak_window_pearson": 0.9997162154875435,
      "selected_background_fraction": 0.5753117609632228
    },
    "original_sample_dir": "InS_SG62",
    "original_cif_path": "phase.cif",
    "original_generated_xy_path": "generated.xy",
    "original_generation_params_json": "generation_params.json",
    "original_generation_quality_json": "generation_quality.json"
  },
  "quality": {
    "note": "These are theory-vs-generated synthetic quality indicators plus donor-template quality provenance. They are not Rietveld fit-to-experiment outputs.",
    "theory_vs_generated": {
      "profile_pearson": 0.6665845879431032,
      "profile_cosine": 0.6383463087574422,
      "rmse": 7.052941033076176,
      "mae": 5.0171294432805835,
      "background_fraction_generated": 3.564187458778405,
      "top_peak_count_used": 20,
      "top_peak_height_log_mae": 7.07338728155452,
      "top_peak_shift_abs_mean_deg": 0.1805903167724617,
      "peak_window_pearson": 0.580928118024445,
      "peak_window_cosine": 0.6934800959495802
    },
    "donor_template_quality": {
      "selected_sample_code": "1191__opxrd_000584__H1_Mg1_O1",
      "selected_peak_window_rwp": 5.48784949745101,
      "selected_peak_window_pearson": 0.9997162154875435,
      "selected_background_fraction": 0.5753117609632228,
      "donor_rows": {
        "instrument": "1191__opxrd_000584__H1_Mg1_O1",
        "chemistry": "0453__rruff_R060409-1__Al1_As1_H4_O6",
        "microstructure": "0617__rruff_R200013__Ag1_Te1",
        "orientation": "0391__rruff_R060042-1__As1_Mg1_O8",
        "background": "0041__rruff_R040073-1__Al2_Be1_O4"
      },
      "donor_rwp_percent": {
        "instrument": 5.159210709102735,
        "chemistry": 17.010113375270937,
        "microstructure": 10.842870596894375,
        "orientation": 18.11520983114812,
        "background": 21.50594762145123
      },
      "donor_peak_window_rwp": {
        "instrument": 5.48784949745101,
        "chemistry": 16.7700543319154,
        "microstructure": 9.019290975003878,
        "orientation": 17.897348265328343,
        "background": 21.59440755253815
      }
    }
  },
  "generation_tier": "strict_core"
}
