{
  "sample_name": "CdWO4_88",
  "phase_id": "cod_1549132",
  "formula": "CdWO4",
  "space_group": 88,
  "space_group_symbol": "I4_1/a",
  "crystal_system": "tetragonal",
  "source_origin": "cod",
  "slot": "background",
  "formula_group_id": "Cd1|O4|W1::sg::88",
  "descriptor": {
    "phase_id": "cod_1549132",
    "formula": "CdWO4",
    "crystal_system": "tetragonal",
    "elements": [
      "Cd",
      "O",
      "W"
    ],
    "density_g_cm3": 8.049446986029762,
    "avg_z": 25.666666666666668,
    "max_z": 74.0,
    "heavy_fraction": 0.3333333333333333,
    "transition_fraction": 0.3333333333333333,
    "cell_lengths": [
      5.159,
      5.159,
      11.169
    ],
    "cell_angles": [
      90.0,
      90.0,
      90.0
    ],
    "cell_volume": 297.266073489,
    "cell_anisotropy": 2.1649544485365384,
    "anisotropy_index": 1.1649544485365384,
    "theoretical_peak_count": 45,
    "peak_density": 0.5294117647058824,
    "median_gap_deg": 1.4398117065429688,
    "crowded_fraction": 0.18181818181818182,
    "isolated_fraction": 0.5909090909090909,
    "simple_topology": false,
    "preferred_po_axis": [
      0,
      0,
      1
    ],
    "fluorescence_bucket": "moderate",
    "absorption_bucket": "heavy"
  },
  "generation": {
    "theta_min": 5.0,
    "theta_max": 90.0,
    "num_points": 8501,
    "template_rwp_percent": 11.310710506171425,
    "template_peak_window_rwp": 13.039616858422296,
    "template_peak_window_pearson": 0.9953688247628263,
    "synth_params": {
      "ka1": 1.5405929,
      "ka2": 1.5444274,
      "use_tch_profile": true,
      "sigma_scale": 0.915935817612402,
      "kb_ratio": 0.01500880233919089,
      "use_fcj_asymmetry": true,
      "detector_nonlinearity": 0.0,
      "use_ka2": true,
      "caglioti_u": 0.031390575609021656,
      "kb": 1.39225,
      "caglioti_w": 0.0018448797995058975,
      "detector_deadtime_coeff": 0.0,
      "axial_s_over_l": 0.0012,
      "sigma_min_deg": 0.008,
      "ka2_ratio": 0.48492173130236843,
      "caglioti_v": 0.007351125729718566,
      "sigma_deg": 0.01878969372542678,
      "use_kbeta": true,
      "beam_sample_ratio": 0.05,
      "fluorescence_level": 1.0,
      "muR": 0.04,
      "trns": 0.03,
      "fluorescence_decay": 8.0,
      "lorentz_z": 4.7216837937356214e-07,
      "strain": 0.0004225934793705173,
      "pseudo_voigt_eta": 0.16216538247320142,
      "lorentz_size": 0.031246844539162655,
      "macro_strain": 0.0006252539263196581,
      "sample_displacement_sr": -0.00035090034639020305,
      "size_nm": 179.94830859385758,
      "delta_deg": -0.004894948164145208,
      "lorentz_strain": 0.01,
      "po_r": 1.0,
      "air_scatter_level": 9.999999978462864e-11,
      "b3": 0.001471243860440414,
      "scatter_sigma_deg": 2.360244073616755,
      "b4": -0.0319266624821608,
      "scatter_level": 8.92603770037726,
      "compton_level": 9.999999978462864e-11,
      "holder_scatter_center_deg": 15.000000000000085,
      "a": 1.0,
      "holder_scatter_level": 9.999999978462864e-11,
      "scatter_center_deg": 5.000000019888014,
      "b5": 0.20294020715221212,
      "poisson_counts_max": 1199.35,
      "air_scatter_floor": 0.04999999999830497,
      "b1": -0.7932098171685746,
      "b0": 3.466954125636448,
      "b2": 0.03820445544773885,
      "holder_scatter_sigma_deg": 3.9999999999981317,
      "po_hkl_axis": [
        1.0,
        0.0,
        0.0
      ],
      "final_normalize": true
    },
    "synth_sampling_meta": {
      "family_name": "background",
      "slot": "background",
      "source_family": "opxrd_like",
      "preferred_source_family": "opxrd_like",
      "descriptor": {
        "phase_id": "cod_1549132",
        "formula": "CdWO4",
        "crystal_system": "tetragonal",
        "elements": [
          "Cd",
          "O",
          "W"
        ],
        "density_g_cm3": 8.049446986029762,
        "avg_z": 25.666666666666668,
        "max_z": 74.0,
        "heavy_fraction": 0.3333333333333333,
        "transition_fraction": 0.3333333333333333,
        "cell_lengths": [
          5.159,
          5.159,
          11.169
        ],
        "cell_angles": [
          90.0,
          90.0,
          90.0
        ],
        "cell_volume": 297.266073489,
        "cell_anisotropy": 2.1649544485365384,
        "anisotropy_index": 1.1649544485365384,
        "theoretical_peak_count": 45,
        "peak_density": 0.5294117647058824,
        "median_gap_deg": 1.4398117065429688,
        "crowded_fraction": 0.18181818181818182,
        "isolated_fraction": 0.5909090909090909,
        "simple_topology": false,
        "preferred_po_axis": [
          0,
          0,
          1
        ],
        "fluorescence_bucket": "moderate",
        "absorption_bucket": "heavy"
      },
      "attempt": 1,
      "donor_rows": {
        "instrument": "1191__opxrd_000584__H1_Mg1_O1",
        "chemistry": "0454__rruff_R060417-1__Ca1_O4_W1",
        "microstructure": "0320__rruff_R050501-1__Mo1_O4_Pb1",
        "orientation": "0010__rruff_R040017-1__O2_Sn1",
        "background": "0010__rruff_R040017-1__O2_Sn1"
      },
      "donor_rwp_percent": {
        "instrument": 5.159210709102735,
        "chemistry": 20.538160106639065,
        "microstructure": 28.68148207760901,
        "orientation": 11.310710506171425,
        "background": 11.310710506171425
      },
      "donor_peak_window_rwp": {
        "instrument": 5.48784949745101,
        "chemistry": 17.54785920227529,
        "microstructure": 22.790795125536757,
        "orientation": 13.039616858422296,
        "background": 13.039616858422296
      },
      "selected_sample_code": "1191__opxrd_000584__H1_Mg1_O1",
      "selected_peak_window_rwp": 5.48784949745101,
      "selected_peak_window_pearson": 0.9997162154875435,
      "selected_background_fraction": 0.25896210377175916
    },
    "original_sample_dir": "CdWO4_SG88",
    "original_cif_path": "phase.cif",
    "original_generated_xy_path": "generated.xy",
    "original_generation_params_json": "generation_params.json",
    "original_generation_quality_json": "generation_quality.json"
  },
  "quality": {
    "note": "These are theory-vs-generated synthetic quality indicators plus donor-template quality provenance. They are not Rietveld fit-to-experiment outputs.",
    "theory_vs_generated": {
      "profile_pearson": 0.9331670794301271,
      "profile_cosine": 0.9144973939328378,
      "rmse": 1.9062018195641652,
      "mae": 1.1067802869280068,
      "background_fraction_generated": 2.482638645309683,
      "top_peak_count_used": 20,
      "top_peak_height_log_mae": 2.601026957851631,
      "top_peak_shift_abs_mean_deg": 0.06911797714233377,
      "peak_window_pearson": 0.9345670342632327,
      "peak_window_cosine": 0.9307238154002098
    },
    "donor_template_quality": {
      "selected_sample_code": "1191__opxrd_000584__H1_Mg1_O1",
      "selected_peak_window_rwp": 5.48784949745101,
      "selected_peak_window_pearson": 0.9997162154875435,
      "selected_background_fraction": 0.25896210377175916,
      "donor_rows": {
        "instrument": "1191__opxrd_000584__H1_Mg1_O1",
        "chemistry": "0454__rruff_R060417-1__Ca1_O4_W1",
        "microstructure": "0320__rruff_R050501-1__Mo1_O4_Pb1",
        "orientation": "0010__rruff_R040017-1__O2_Sn1",
        "background": "0010__rruff_R040017-1__O2_Sn1"
      },
      "donor_rwp_percent": {
        "instrument": 5.159210709102735,
        "chemistry": 20.538160106639065,
        "microstructure": 28.68148207760901,
        "orientation": 11.310710506171425,
        "background": 11.310710506171425
      },
      "donor_peak_window_rwp": {
        "instrument": 5.48784949745101,
        "chemistry": 17.54785920227529,
        "microstructure": 22.790795125536757,
        "orientation": 13.039616858422296,
        "background": 13.039616858422296
      }
    }
  },
  "generation_tier": "strict_core"
}
