{
  "sample_name": "Al23Ru7_57",
  "phase_id": "cod_2105987",
  "formula": "Al23Ru7",
  "space_group": 57,
  "space_group_symbol": "Pbcm",
  "crystal_system": "orthorhombic",
  "source_origin": "cod",
  "slot": "profile",
  "formula_group_id": "Al23|Ru7::sg::57",
  "descriptor": {
    "phase_id": "cod_2105987",
    "formula": "Al23Ru7",
    "crystal_system": "orthorhombic",
    "elements": [
      "Al",
      "Ru"
    ],
    "density_g_cm3": 4.6540138493664465,
    "avg_z": 20.233333333333334,
    "max_z": 44.0,
    "heavy_fraction": 0.23333333333333334,
    "transition_fraction": 0.23333333333333334,
    "cell_lengths": [
      20.0,
      23.4,
      16.2
    ],
    "cell_angles": [
      90.0,
      90.0,
      90.0
    ],
    "cell_volume": 7581.599999999999,
    "cell_anisotropy": 1.4444444444444444,
    "anisotropy_index": 0.4444444444444444,
    "theoretical_peak_count": 2943,
    "peak_density": 34.62352941176471,
    "median_gap_deg": 0.01444244384765625,
    "crowded_fraction": 0.9945615227736234,
    "isolated_fraction": 0.0003399048266485384,
    "simple_topology": false,
    "preferred_po_axis": [
      0,
      1,
      0
    ],
    "fluorescence_bucket": "none",
    "absorption_bucket": "medium"
  },
  "generation": {
    "theta_min": 5.0,
    "theta_max": 90.0,
    "num_points": 8501,
    "template_rwp_percent": 13.402713244316242,
    "template_peak_window_rwp": 13.36610465902315,
    "template_peak_window_pearson": 0.9814392226643239,
    "synth_params": {
      "ka1": 1.5405929,
      "ka2": 1.5444274,
      "use_tch_profile": true,
      "sigma_scale": 0.915935817612402,
      "kb_ratio": 0.01500880233919089,
      "use_fcj_asymmetry": true,
      "detector_nonlinearity": 0.0,
      "use_ka2": true,
      "caglioti_u": 0.031390575609021656,
      "kb": 1.39225,
      "caglioti_w": 0.0018448797995058975,
      "detector_deadtime_coeff": 0.0,
      "axial_s_over_l": 0.0012,
      "sigma_min_deg": 0.008,
      "ka2_ratio": 0.48492173130236843,
      "caglioti_v": 0.007351125729718566,
      "sigma_deg": 0.019353384537189586,
      "use_kbeta": true,
      "beam_sample_ratio": 0.05,
      "fluorescence_level": 0.0,
      "muR": 0.01,
      "trns": 0.0,
      "fluorescence_decay": 3.0,
      "lorentz_z": 1.5645828633159685e-09,
      "strain": 0.0006171197675349993,
      "pseudo_voigt_eta": -0.02832616942482371,
      "lorentz_size": 0.0041905693505079385,
      "macro_strain": 0.0005323979057762744,
      "sample_displacement_sr": -0.0007285361716417273,
      "size_nm": 180.0,
      "delta_deg": -0.002887374160871701,
      "lorentz_strain": 0.009,
      "po_r": 1.0,
      "air_scatter_level": 1.1317157962589088,
      "b3": 0.013441232819228792,
      "scatter_sigma_deg": 3.5230052252758526,
      "b4": 0.021581388592042686,
      "scatter_level": 2.0549269970645523,
      "compton_level": 0.8313766633252982,
      "holder_scatter_center_deg": 5.654287527893903,
      "a": 1.3881807116231781,
      "holder_scatter_level": 1.7052940695239986,
      "scatter_center_deg": 3.7915067716213016,
      "b5": -0.01849730586595701,
      "poisson_counts_max": 1200.0,
      "air_scatter_floor": 0.017449409050414196,
      "b1": -0.33168271270491245,
      "b0": 4.384024098119026,
      "b2": -1.5446800966964673,
      "holder_scatter_sigma_deg": 6.049551488904144,
      "po_hkl_axis": [
        0.0,
        1.0,
        0.0
      ],
      "final_normalize": true
    },
    "synth_sampling_meta": {
      "family_name": "profile",
      "slot": "profile",
      "source_family": "opxrd_like",
      "preferred_source_family": "opxrd_like",
      "descriptor": {
        "phase_id": "cod_2105987",
        "formula": "Al23Ru7",
        "crystal_system": "orthorhombic",
        "elements": [
          "Al",
          "Ru"
        ],
        "density_g_cm3": 4.6540138493664465,
        "avg_z": 20.233333333333334,
        "max_z": 44.0,
        "heavy_fraction": 0.23333333333333334,
        "transition_fraction": 0.23333333333333334,
        "cell_lengths": [
          20.0,
          23.4,
          16.2
        ],
        "cell_angles": [
          90.0,
          90.0,
          90.0
        ],
        "cell_volume": 7581.599999999999,
        "cell_anisotropy": 1.4444444444444444,
        "anisotropy_index": 0.4444444444444444,
        "theoretical_peak_count": 2943,
        "peak_density": 34.62352941176471,
        "median_gap_deg": 0.01444244384765625,
        "crowded_fraction": 0.9945615227736234,
        "isolated_fraction": 0.0003399048266485384,
        "simple_topology": false,
        "preferred_po_axis": [
          0,
          1,
          0
        ],
        "fluorescence_bucket": "none",
        "absorption_bucket": "medium"
      },
      "attempt": 1,
      "donor_rows": {
        "instrument": "1191__opxrd_000584__H1_Mg1_O1",
        "chemistry": "1191__opxrd_000584__H1_Mg1_O1",
        "microstructure": "0391__rruff_R060042-1__As1_Mg1_O8",
        "orientation": "0065__rruff_R040121-1__Al2_F2_O4_Si1",
        "background": "0091__rruff_R040183-1__Na2_O4_S1"
      },
      "donor_rwp_percent": {
        "instrument": 5.159210709102735,
        "chemistry": 5.159210709102735,
        "microstructure": 18.11520983114812,
        "orientation": 28.09848121236161,
        "background": 26.07834482842284
      },
      "donor_peak_window_rwp": {
        "instrument": 5.48784949745101,
        "chemistry": 5.48784949745101,
        "microstructure": 17.897348265328343,
        "orientation": 27.618743974959255,
        "background": 23.02991917058872
      },
      "selected_sample_code": "1191__opxrd_000584__H1_Mg1_O1",
      "selected_peak_window_rwp": 5.48784949745101,
      "selected_peak_window_pearson": 0.9997162154875435,
      "selected_background_fraction": 0.3603517240531443
    },
    "original_sample_dir": "Al23Ru7_SG57",
    "original_cif_path": "phase.cif",
    "original_generated_xy_path": "generated.xy",
    "original_generation_params_json": "generation_params.json",
    "original_generation_quality_json": "generation_quality.json"
  },
  "quality": {
    "note": "These are theory-vs-generated synthetic quality indicators plus donor-template quality provenance. They are not Rietveld fit-to-experiment outputs.",
    "theory_vs_generated": {
      "profile_pearson": 0.8402814903813071,
      "profile_cosine": 0.854140396992519,
      "rmse": 4.902933224741794,
      "mae": 2.2811549688516926,
      "background_fraction_generated": 1.946845840911549,
      "top_peak_count_used": 20,
      "top_peak_height_log_mae": 1.2521300162695117,
      "top_peak_shift_abs_mean_deg": 0.14748503112793004,
      "peak_window_pearson": 0.7670643410494047,
      "peak_window_cosine": 0.856227549249892
    },
    "donor_template_quality": {
      "selected_sample_code": "1191__opxrd_000584__H1_Mg1_O1",
      "selected_peak_window_rwp": 5.48784949745101,
      "selected_peak_window_pearson": 0.9997162154875435,
      "selected_background_fraction": 0.3603517240531443,
      "donor_rows": {
        "instrument": "1191__opxrd_000584__H1_Mg1_O1",
        "chemistry": "1191__opxrd_000584__H1_Mg1_O1",
        "microstructure": "0391__rruff_R060042-1__As1_Mg1_O8",
        "orientation": "0065__rruff_R040121-1__Al2_F2_O4_Si1",
        "background": "0091__rruff_R040183-1__Na2_O4_S1"
      },
      "donor_rwp_percent": {
        "instrument": 5.159210709102735,
        "chemistry": 5.159210709102735,
        "microstructure": 18.11520983114812,
        "orientation": 28.09848121236161,
        "background": 26.07834482842284
      },
      "donor_peak_window_rwp": {
        "instrument": 5.48784949745101,
        "chemistry": 5.48784949745101,
        "microstructure": 17.897348265328343,
        "orientation": 27.618743974959255,
        "background": 23.02991917058872
      }
    }
  },
  "generation_tier": "strict_core"
}
