{
  "sample_name": "ZrO3F5_5",
  "phase_id": "cod_2020172",
  "formula": "ZrO3F5",
  "space_group": 5,
  "space_group_symbol": "C2",
  "crystal_system": "monoclinic",
  "source_origin": "cod",
  "slot": "background",
  "formula_group_id": "F5|O3|Zr1::sg::5",
  "descriptor": {
    "phase_id": "cod_2020172",
    "formula": "ZrO3F5",
    "crystal_system": "monoclinic",
    "elements": [
      "F",
      "O",
      "Zr"
    ],
    "density_g_cm3": 2.6585561288813926,
    "avg_z": 12.11111111111111,
    "max_z": 40.0,
    "heavy_fraction": 0.1111111111111111,
    "transition_fraction": 0.1111111111111111,
    "cell_lengths": [
      10.171,
      6.603,
      18.15109884
    ],
    "cell_angles": [
      90.0,
      106.24780750000001,
      90.0
    ],
    "cell_volume": 1170.3250555875513,
    "cell_anisotropy": 2.7489169831894595,
    "anisotropy_index": 1.7489169831894595,
    "theoretical_peak_count": 489,
    "peak_density": 5.752941176470588,
    "median_gap_deg": 0.028636932373046875,
    "crowded_fraction": 0.8934426229508197,
    "isolated_fraction": 0.018442622950819672,
    "simple_topology": false,
    "preferred_po_axis": [
      0,
      0,
      1
    ],
    "fluorescence_bucket": "moderate",
    "absorption_bucket": "medium"
  },
  "generation": {
    "theta_min": 5.0,
    "theta_max": 90.0,
    "num_points": 8501,
    "template_rwp_percent": 15.143708118394594,
    "template_peak_window_rwp": 18.848401616478842,
    "template_peak_window_pearson": 0.9850067327473799,
    "synth_params": {
      "ka1": 1.5405929,
      "ka2": 1.5444274,
      "use_tch_profile": true,
      "sigma_scale": 0.915935817612402,
      "kb_ratio": 0.01500880233919089,
      "use_fcj_asymmetry": true,
      "detector_nonlinearity": 0.0,
      "use_ka2": true,
      "caglioti_u": 0.031390575609021656,
      "kb": 1.39225,
      "caglioti_w": 0.0018448797995058975,
      "detector_deadtime_coeff": 0.0,
      "axial_s_over_l": 0.0012,
      "sigma_min_deg": 0.008,
      "ka2_ratio": 0.48492173130236843,
      "caglioti_v": 0.007351125729718566,
      "sigma_deg": 0.01878969372542678,
      "use_kbeta": true,
      "beam_sample_ratio": 0.05,
      "fluorescence_level": 1.0,
      "muR": 0.0223946618797319,
      "trns": 0.08,
      "fluorescence_decay": 3.0,
      "lorentz_z": 0.0001526196370376269,
      "strain": 7.906181326773574e-05,
      "pseudo_voigt_eta": -0.008833021323642791,
      "lorentz_size": 0.002953443644027634,
      "macro_strain": 0.00031173845905923365,
      "sample_displacement_sr": -0.0005225417465722805,
      "size_nm": 180.0,
      "delta_deg": -0.005128987452872967,
      "lorentz_strain": 0.004362018995825732,
      "po_r": 1.0,
      "air_scatter_level": 1e-08,
      "b3": -0.1848624278005454,
      "scatter_sigma_deg": 6.0,
      "b4": 0.20595308036552476,
      "scatter_level": 1.2,
      "compton_level": 1e-08,
      "holder_scatter_center_deg": 15.0,
      "a": 2.456521703905162,
      "holder_scatter_level": 1e-08,
      "scatter_center_deg": 15.0,
      "b5": -1.0196444166448001e-06,
      "poisson_counts_max": 3119.5,
      "air_scatter_floor": 0.05,
      "b1": -4.44554467722384,
      "b0": 21.288767814184258,
      "b2": -1.9952642435986017,
      "holder_scatter_sigma_deg": 4.0,
      "po_hkl_axis": [
        0.0,
        1.0,
        0.0
      ],
      "final_normalize": true
    },
    "synth_sampling_meta": {
      "family_name": "background",
      "slot": "background",
      "source_family": "opxrd_like",
      "preferred_source_family": "opxrd_like",
      "descriptor": {
        "phase_id": "cod_2020172",
        "formula": "ZrO3F5",
        "crystal_system": "monoclinic",
        "elements": [
          "F",
          "O",
          "Zr"
        ],
        "density_g_cm3": 2.6585561288813926,
        "avg_z": 12.11111111111111,
        "max_z": 40.0,
        "heavy_fraction": 0.1111111111111111,
        "transition_fraction": 0.1111111111111111,
        "cell_lengths": [
          10.171,
          6.603,
          18.15109884
        ],
        "cell_angles": [
          90.0,
          106.24780750000001,
          90.0
        ],
        "cell_volume": 1170.3250555875513,
        "cell_anisotropy": 2.7489169831894595,
        "anisotropy_index": 1.7489169831894595,
        "theoretical_peak_count": 489,
        "peak_density": 5.752941176470588,
        "median_gap_deg": 0.028636932373046875,
        "crowded_fraction": 0.8934426229508197,
        "isolated_fraction": 0.018442622950819672,
        "simple_topology": false,
        "preferred_po_axis": [
          0,
          0,
          1
        ],
        "fluorescence_bucket": "moderate",
        "absorption_bucket": "medium"
      },
      "attempt": 1,
      "donor_rows": {
        "instrument": "1191__opxrd_000584__H1_Mg1_O1",
        "chemistry": "0574__rruff_R070304-1__As1_Ni1_S1",
        "microstructure": "0363__rruff_R050638-1__C2_Cu3_H2_O8",
        "orientation": "0136__rruff_R050100-1__Al2_O7_P1",
        "background": "1191__opxrd_000584__H1_Mg1_O1"
      },
      "donor_rwp_percent": {
        "instrument": 5.159210709102735,
        "chemistry": 10.288086505008508,
        "microstructure": 11.336277291932815,
        "orientation": 11.140544664536845,
        "background": 5.159210709102735
      },
      "donor_peak_window_rwp": {
        "instrument": 5.48784949745101,
        "chemistry": 11.23083456145956,
        "microstructure": 11.208554719735723,
        "orientation": 15.446070104443251,
        "background": 5.48784949745101
      },
      "selected_sample_code": "1191__opxrd_000584__H1_Mg1_O1",
      "selected_peak_window_rwp": 5.48784949745101,
      "selected_peak_window_pearson": 0.9997162154875435,
      "selected_background_fraction": 0.5127638626915709
    },
    "original_sample_dir": "ZrO3F5_SG5",
    "original_cif_path": "phase.cif",
    "original_generated_xy_path": "generated.xy",
    "original_generation_params_json": "generation_params.json",
    "original_generation_quality_json": "generation_quality.json"
  },
  "quality": {
    "note": "These are theory-vs-generated synthetic quality indicators plus donor-template quality provenance. They are not Rietveld fit-to-experiment outputs.",
    "theory_vs_generated": {
      "profile_pearson": 0.7995031525374838,
      "profile_cosine": 0.7694446416516676,
      "rmse": 2.348629715171511,
      "mae": 1.3260657958405861,
      "background_fraction_generated": 13.13878839938011,
      "top_peak_count_used": 20,
      "top_peak_height_log_mae": 19.372937164613603,
      "top_peak_shift_abs_mean_deg": 0.330017395019531,
      "peak_window_pearson": 0.7832547361265145,
      "peak_window_cosine": 0.80050881890132
    },
    "donor_template_quality": {
      "selected_sample_code": "1191__opxrd_000584__H1_Mg1_O1",
      "selected_peak_window_rwp": 5.48784949745101,
      "selected_peak_window_pearson": 0.9997162154875435,
      "selected_background_fraction": 0.5127638626915709,
      "donor_rows": {
        "instrument": "1191__opxrd_000584__H1_Mg1_O1",
        "chemistry": "0574__rruff_R070304-1__As1_Ni1_S1",
        "microstructure": "0363__rruff_R050638-1__C2_Cu3_H2_O8",
        "orientation": "0136__rruff_R050100-1__Al2_O7_P1",
        "background": "1191__opxrd_000584__H1_Mg1_O1"
      },
      "donor_rwp_percent": {
        "instrument": 5.159210709102735,
        "chemistry": 10.288086505008508,
        "microstructure": 11.336277291932815,
        "orientation": 11.140544664536845,
        "background": 5.159210709102735
      },
      "donor_peak_window_rwp": {
        "instrument": 5.48784949745101,
        "chemistry": 11.23083456145956,
        "microstructure": 11.208554719735723,
        "orientation": 15.446070104443251,
        "background": 5.48784949745101
      }
    }
  },
  "generation_tier": "strict_core"
}
