{
  "sample_name": "AgO2_224",
  "phase_id": "mp-1214896",
  "formula": "AgO2",
  "space_group": 224,
  "space_group_symbol": "Pn-3m",
  "crystal_system": "cubic",
  "source_origin": "materials_project",
  "slot": "background",
  "formula_group_id": "Ag1|O2::sg::224",
  "descriptor": {
    "phase_id": "mp-1214896",
    "formula": "AgO2",
    "crystal_system": "cubic",
    "elements": [
      "Ag",
      "O"
    ],
    "density_g_cm3": 4.736419908864837,
    "avg_z": 21.0,
    "max_z": 47.0,
    "heavy_fraction": 0.3333333333333333,
    "transition_fraction": 0.3333333333333333,
    "cell_lengths": [
      4.611562,
      4.611562,
      4.611562
    ],
    "cell_angles": [
      90.0,
      90.0,
      90.0
    ],
    "cell_volume": 98.07180208745356,
    "cell_anisotropy": 1.0,
    "anisotropy_index": 0.0,
    "theoretical_peak_count": 10,
    "peak_density": 0.11764705882352941,
    "median_gap_deg": 6.493865966796875,
    "crowded_fraction": 0.0,
    "isolated_fraction": 1.0,
    "simple_topology": true,
    "preferred_po_axis": [
      0,
      0,
      1
    ],
    "fluorescence_bucket": "moderate",
    "absorption_bucket": "heavy"
  },
  "generation": {
    "theta_min": 5.0,
    "theta_max": 90.0,
    "num_points": 8501,
    "template_rwp_percent": 10.768191488948645,
    "template_peak_window_rwp": 15.790698905860124,
    "template_peak_window_pearson": 0.9939831093215756,
    "synth_params": {
      "ka1": 1.5405929,
      "ka2": 1.5444274,
      "use_tch_profile": true,
      "sigma_scale": 0.915935817612402,
      "kb_ratio": 0.01500880233919089,
      "use_fcj_asymmetry": true,
      "detector_nonlinearity": 0.0,
      "use_ka2": true,
      "caglioti_u": 0.031390575609021656,
      "kb": 1.39225,
      "caglioti_w": 0.0018448797995058975,
      "detector_deadtime_coeff": 0.0,
      "axial_s_over_l": 0.0012,
      "sigma_min_deg": 0.008,
      "ka2_ratio": 0.48492173130236843,
      "caglioti_v": 0.007351125729718566,
      "sigma_deg": 0.01878969372542678,
      "use_kbeta": true,
      "beam_sample_ratio": 0.05,
      "fluorescence_level": 1.0,
      "muR": 0.04,
      "trns": 0.03,
      "fluorescence_decay": 3.0,
      "lorentz_z": 9.999999829409307e-09,
      "strain": 0.0005809614898364099,
      "pseudo_voigt_eta": 0.007189698416695617,
      "lorentz_size": 0.016822689284781322,
      "macro_strain": 0.0007489040330377537,
      "sample_displacement_sr": -0.0004226304518840752,
      "size_nm": 180.25144705891947,
      "delta_deg": -0.022020475136426687,
      "lorentz_strain": 0.01,
      "po_r": 1.0,
      "air_scatter_level": 1e-08,
      "b3": -0.1848624278005454,
      "scatter_sigma_deg": 6.0,
      "b4": 0.20595308036552476,
      "scatter_level": 1.2,
      "compton_level": 1e-08,
      "holder_scatter_center_deg": 15.0,
      "a": 2.456521703905162,
      "holder_scatter_level": 1e-08,
      "scatter_center_deg": 15.0,
      "b5": -1.0196444166448001e-06,
      "poisson_counts_max": 3119.5,
      "air_scatter_floor": 0.05,
      "b1": -4.44554467722384,
      "b0": 21.288767814184258,
      "b2": -1.9952642435986017,
      "holder_scatter_sigma_deg": 4.0,
      "po_hkl_axis": [
        0.0,
        1.0,
        0.0
      ],
      "final_normalize": true
    },
    "synth_sampling_meta": {
      "family_name": "background",
      "slot": "background",
      "source_family": "opxrd_like",
      "preferred_source_family": "opxrd_like",
      "descriptor": {
        "phase_id": "mp-1214896",
        "formula": "AgO2",
        "crystal_system": "cubic",
        "elements": [
          "Ag",
          "O"
        ],
        "density_g_cm3": 4.736419908864837,
        "avg_z": 21.0,
        "max_z": 47.0,
        "heavy_fraction": 0.3333333333333333,
        "transition_fraction": 0.3333333333333333,
        "cell_lengths": [
          4.611562,
          4.611562,
          4.611562
        ],
        "cell_angles": [
          90.0,
          90.0,
          90.0
        ],
        "cell_volume": 98.07180208745356,
        "cell_anisotropy": 1.0,
        "anisotropy_index": 0.0,
        "theoretical_peak_count": 10,
        "peak_density": 0.11764705882352941,
        "median_gap_deg": 6.493865966796875,
        "crowded_fraction": 0.0,
        "isolated_fraction": 1.0,
        "simple_topology": true,
        "preferred_po_axis": [
          0,
          0,
          1
        ],
        "fluorescence_bucket": "moderate",
        "absorption_bucket": "heavy"
      },
      "attempt": 1,
      "donor_rows": {
        "instrument": "1191__opxrd_000584__H1_Mg1_O1",
        "chemistry": "0454__rruff_R060417-1__Ca1_O4_W1",
        "microstructure": "0574__rruff_R070304-1__As1_Ni1_S1",
        "orientation": "0577__rruff_R070325-1__Pb1_S1",
        "background": "1191__opxrd_000584__H1_Mg1_O1"
      },
      "donor_rwp_percent": {
        "instrument": 5.159210709102735,
        "chemistry": 20.538160106639065,
        "microstructure": 10.288086505008508,
        "orientation": 25.4358314883228,
        "background": 5.159210709102735
      },
      "donor_peak_window_rwp": {
        "instrument": 5.48784949745101,
        "chemistry": 17.54785920227529,
        "microstructure": 11.23083456145956,
        "orientation": 22.725990793938916,
        "background": 5.48784949745101
      },
      "selected_sample_code": "1191__opxrd_000584__H1_Mg1_O1",
      "selected_peak_window_rwp": 5.48784949745101,
      "selected_peak_window_pearson": 0.9997162154875435,
      "selected_background_fraction": 0.5127638626915709
    },
    "original_sample_dir": "AgO2_SG224",
    "original_cif_path": "phase.cif",
    "original_generated_xy_path": "generated.xy",
    "original_generation_params_json": "generation_params.json",
    "original_generation_quality_json": "generation_quality.json"
  },
  "quality": {
    "note": "These are theory-vs-generated synthetic quality indicators plus donor-template quality provenance. They are not Rietveld fit-to-experiment outputs.",
    "theory_vs_generated": {
      "profile_pearson": 0.9567530188914569,
      "profile_cosine": 0.8986272909368151,
      "rmse": 1.995528890378116,
      "mae": 1.6221367584039228,
      "background_fraction_generated": 11.574337464423932,
      "top_peak_count_used": 10,
      "top_peak_height_log_mae": 16.160249811145754,
      "top_peak_shift_abs_mean_deg": 0.2783222732543926,
      "peak_window_pearson": 0.9590095118437786,
      "peak_window_cosine": 0.9487685011398524
    },
    "donor_template_quality": {
      "selected_sample_code": "1191__opxrd_000584__H1_Mg1_O1",
      "selected_peak_window_rwp": 5.48784949745101,
      "selected_peak_window_pearson": 0.9997162154875435,
      "selected_background_fraction": 0.5127638626915709,
      "donor_rows": {
        "instrument": "1191__opxrd_000584__H1_Mg1_O1",
        "chemistry": "0454__rruff_R060417-1__Ca1_O4_W1",
        "microstructure": "0574__rruff_R070304-1__As1_Ni1_S1",
        "orientation": "0577__rruff_R070325-1__Pb1_S1",
        "background": "1191__opxrd_000584__H1_Mg1_O1"
      },
      "donor_rwp_percent": {
        "instrument": 5.159210709102735,
        "chemistry": 20.538160106639065,
        "microstructure": 10.288086505008508,
        "orientation": 25.4358314883228,
        "background": 5.159210709102735
      },
      "donor_peak_window_rwp": {
        "instrument": 5.48784949745101,
        "chemistry": 17.54785920227529,
        "microstructure": 11.23083456145956,
        "orientation": 22.725990793938916,
        "background": 5.48784949745101
      }
    }
  },
  "generation_tier": "strict_core"
}
