{
  "sample_name": "P_129",
  "phase_id": "mp-723897",
  "formula": "P",
  "space_group": 129,
  "space_group_symbol": "P4/nmm",
  "crystal_system": "tetragonal",
  "source_origin": "materials_project",
  "slot": "profile",
  "formula_group_id": "P1::sg::129",
  "descriptor": {
    "phase_id": "mp-723897",
    "formula": "P",
    "crystal_system": "tetragonal",
    "elements": [
      "P"
    ],
    "density_g_cm3": 0.3284699708299039,
    "avg_z": 15.0,
    "max_z": 15.0,
    "heavy_fraction": 0.0,
    "transition_fraction": 0.0,
    "cell_lengths": [
      9.2,
      9.2,
      7.4
    ],
    "cell_angles": [
      90.0,
      90.0,
      90.0
    ],
    "cell_volume": 626.3359999999999,
    "cell_anisotropy": 1.243243243243243,
    "anisotropy_index": 0.24324324324324298,
    "theoretical_peak_count": 131,
    "peak_density": 1.5411764705882354,
    "median_gap_deg": 0.3766975402832031,
    "crowded_fraction": 0.43846153846153846,
    "isolated_fraction": 0.12307692307692308,
    "simple_topology": false,
    "preferred_po_axis": [
      0,
      0,
      1
    ],
    "fluorescence_bucket": "none",
    "absorption_bucket": "light"
  },
  "generation": {
    "theta_min": 5.0,
    "theta_max": 90.0,
    "num_points": 8501,
    "template_rwp_percent": 20.538160106639065,
    "template_peak_window_rwp": 17.54785920227529,
    "template_peak_window_pearson": 0.9936370924711724,
    "synth_params": {
      "ka1": 1.5405929,
      "ka2": 1.5444274,
      "use_tch_profile": true,
      "sigma_scale": 0.915935817612402,
      "kb_ratio": 0.01500880233919089,
      "use_fcj_asymmetry": true,
      "detector_nonlinearity": 0.0,
      "use_ka2": true,
      "caglioti_u": 0.031390575609021656,
      "kb": 1.39225,
      "caglioti_w": 0.0018448797995058975,
      "detector_deadtime_coeff": 0.0,
      "axial_s_over_l": 0.0012,
      "sigma_min_deg": 0.008,
      "ka2_ratio": 0.48492173130236843,
      "caglioti_v": 0.007351125729718566,
      "sigma_deg": 0.019353384537189586,
      "use_kbeta": true,
      "beam_sample_ratio": 0.05,
      "fluorescence_level": 0.0,
      "muR": 0.035,
      "trns": 0.08980818745026542,
      "fluorescence_decay": 3.0,
      "lorentz_z": 1.0000000000002677e-08,
      "strain": 0.0005179660556400223,
      "pseudo_voigt_eta": 0.17999999000010616,
      "lorentz_size": 0.0010546239199070654,
      "macro_strain": -6.1452475216263325e-06,
      "sample_displacement_sr": -0.0004449801257921904,
      "size_nm": 180.0,
      "delta_deg": -0.010485197032807442,
      "lorentz_strain": 0.009,
      "po_r": 1.0,
      "air_scatter_level": 1.0620226493266718,
      "b3": 0.06477202067221789,
      "scatter_sigma_deg": 8.626581882942178,
      "b4": 0.06528002471603768,
      "scatter_level": 4.0960318067685195,
      "compton_level": 0.018260490246119785,
      "holder_scatter_center_deg": 8.733630486426796,
      "a": 2.7860400406715473,
      "holder_scatter_level": 1.748677487426722,
      "scatter_center_deg": 3.8378658127202927,
      "b5": 2.4817244509620853e-06,
      "poisson_counts_max": 2813.9,
      "air_scatter_floor": 0.023676712864369537,
      "b1": -1.9302030990920167,
      "b0": -1.304914537860174,
      "b2": 1.2713466601275605,
      "holder_scatter_sigma_deg": 1.4457971233688056,
      "po_hkl_axis": [
        0.0,
        1.0,
        0.0
      ],
      "final_normalize": true
    },
    "synth_sampling_meta": {
      "family_name": "profile",
      "slot": "profile",
      "source_family": "opxrd_like",
      "preferred_source_family": "opxrd_like",
      "descriptor": {
        "phase_id": "mp-723897",
        "formula": "P",
        "crystal_system": "tetragonal",
        "elements": [
          "P"
        ],
        "density_g_cm3": 0.3284699708299039,
        "avg_z": 15.0,
        "max_z": 15.0,
        "heavy_fraction": 0.0,
        "transition_fraction": 0.0,
        "cell_lengths": [
          9.2,
          9.2,
          7.4
        ],
        "cell_angles": [
          90.0,
          90.0,
          90.0
        ],
        "cell_volume": 626.3359999999999,
        "cell_anisotropy": 1.243243243243243,
        "anisotropy_index": 0.24324324324324298,
        "theoretical_peak_count": 131,
        "peak_density": 1.5411764705882354,
        "median_gap_deg": 0.3766975402832031,
        "crowded_fraction": 0.43846153846153846,
        "isolated_fraction": 0.12307692307692308,
        "simple_topology": false,
        "preferred_po_axis": [
          0,
          0,
          1
        ],
        "fluorescence_bucket": "none",
        "absorption_bucket": "light"
      },
      "attempt": 1,
      "donor_rows": {
        "instrument": "1191__opxrd_000584__H1_Mg1_O1",
        "chemistry": "0415__rruff_R060150-1__Ca13_F10_H12_O34_Si10",
        "microstructure": "0010__rruff_R040017-1__O2_Sn1",
        "orientation": "0040__rruff_R040072-1__O2_Sn1",
        "background": "0415__rruff_R060150-1__Ca13_F10_H12_O34_Si10"
      },
      "donor_rwp_percent": {
        "instrument": 5.159210709102735,
        "chemistry": 8.00315190123515,
        "microstructure": 11.310710506171425,
        "orientation": 8.949317208747097,
        "background": 8.00315190123515
      },
      "donor_peak_window_rwp": {
        "instrument": 5.48784949745101,
        "chemistry": 11.357098944708872,
        "microstructure": 13.039616858422296,
        "orientation": 10.251782402398721,
        "background": 11.357098944708872
      },
      "selected_sample_code": "1191__opxrd_000584__H1_Mg1_O1",
      "selected_peak_window_rwp": 5.48784949745101,
      "selected_peak_window_pearson": 0.9997162154875435,
      "selected_background_fraction": 0.11764110715388022
    },
    "original_sample_dir": "P_SG129",
    "original_cif_path": "phase.cif",
    "original_generated_xy_path": "generated.xy",
    "original_generation_params_json": "generation_params.json",
    "original_generation_quality_json": "generation_quality.json"
  },
  "quality": {
    "note": "These are theory-vs-generated synthetic quality indicators plus donor-template quality provenance. They are not Rietveld fit-to-experiment outputs.",
    "theory_vs_generated": {
      "profile_pearson": 0.8618270205606933,
      "profile_cosine": 0.8652142975129284,
      "rmse": 2.2429617846176915,
      "mae": 0.7093872286867512,
      "background_fraction_generated": 0.8540699330213579,
      "top_peak_count_used": 20,
      "top_peak_height_log_mae": 0.22891694003790136,
      "top_peak_shift_abs_mean_deg": 0.06465754699707142,
      "peak_window_pearson": 0.858330175760935,
      "peak_window_cosine": 0.875303656106762
    },
    "donor_template_quality": {
      "selected_sample_code": "1191__opxrd_000584__H1_Mg1_O1",
      "selected_peak_window_rwp": 5.48784949745101,
      "selected_peak_window_pearson": 0.9997162154875435,
      "selected_background_fraction": 0.11764110715388022,
      "donor_rows": {
        "instrument": "1191__opxrd_000584__H1_Mg1_O1",
        "chemistry": "0415__rruff_R060150-1__Ca13_F10_H12_O34_Si10",
        "microstructure": "0010__rruff_R040017-1__O2_Sn1",
        "orientation": "0040__rruff_R040072-1__O2_Sn1",
        "background": "0415__rruff_R060150-1__Ca13_F10_H12_O34_Si10"
      },
      "donor_rwp_percent": {
        "instrument": 5.159210709102735,
        "chemistry": 8.00315190123515,
        "microstructure": 11.310710506171425,
        "orientation": 8.949317208747097,
        "background": 8.00315190123515
      },
      "donor_peak_window_rwp": {
        "instrument": 5.48784949745101,
        "chemistry": 11.357098944708872,
        "microstructure": 13.039616858422296,
        "orientation": 10.251782402398721,
        "background": 11.357098944708872
      }
    }
  },
  "generation_tier": "strict_core"
}
