{
  "sample_name": "HgS_166",
  "phase_id": "cod_9000004",
  "formula": "HgS",
  "space_group": 166,
  "space_group_symbol": "R-3m",
  "crystal_system": "trigonal",
  "source_origin": "cod",
  "slot": "background",
  "formula_group_id": "Hg1|S1::sg::166",
  "descriptor": {
    "phase_id": "cod_9000004",
    "formula": "HgS",
    "crystal_system": "trigonal",
    "elements": [
      "Hg",
      "S"
    ],
    "density_g_cm3": 8.17100358694289,
    "avg_z": 48.0,
    "max_z": 80.0,
    "heavy_fraction": 0.5,
    "transition_fraction": 0.5,
    "cell_lengths": [
      4.15,
      4.15,
      9.51
    ],
    "cell_angles": [
      90.0,
      90.0,
      119.99999999999999
    ],
    "cell_volume": 141.842815133603,
    "cell_anisotropy": 2.291566265060241,
    "anisotropy_index": 1.2915662650602409,
    "theoretical_peak_count": 21,
    "peak_density": 0.24705882352941178,
    "median_gap_deg": 2.243021011352539,
    "crowded_fraction": 0.1,
    "isolated_fraction": 0.75,
    "simple_topology": true,
    "preferred_po_axis": [
      0,
      0,
      1
    ],
    "fluorescence_bucket": "none",
    "absorption_bucket": "heavy"
  },
  "generation": {
    "theta_min": 5.0,
    "theta_max": 90.0,
    "num_points": 8501,
    "template_rwp_percent": 8.894243026156627,
    "template_peak_window_rwp": 11.562371080606463,
    "template_peak_window_pearson": 0.9970396627337116,
    "synth_params": {
      "ka1": 1.5405929,
      "ka2": 1.5444274,
      "use_tch_profile": true,
      "sigma_scale": 0.915935817612402,
      "kb_ratio": 0.01500880233919089,
      "use_fcj_asymmetry": true,
      "detector_nonlinearity": 0.0,
      "use_ka2": true,
      "caglioti_u": 0.031390575609021656,
      "kb": 1.39225,
      "caglioti_w": 0.0018448797995058975,
      "detector_deadtime_coeff": 0.0,
      "axial_s_over_l": 0.0012,
      "sigma_min_deg": 0.008,
      "ka2_ratio": 0.48492173130236843,
      "caglioti_v": 0.007351125729718566,
      "sigma_deg": 0.01878969372542678,
      "use_kbeta": true,
      "beam_sample_ratio": 0.05,
      "fluorescence_level": 0.0,
      "muR": 0.04,
      "trns": 0.0,
      "fluorescence_decay": 3.0,
      "lorentz_z": 0.0007626903334521539,
      "strain": 8.248832869150249e-06,
      "pseudo_voigt_eta": -0.026137299557931398,
      "lorentz_size": 0.02632542586736965,
      "macro_strain": 0.0,
      "sample_displacement_sr": -0.0002,
      "size_nm": 221.26334001712553,
      "delta_deg": -0.01,
      "lorentz_strain": 0.00984405505400054,
      "po_r": 1.0,
      "air_scatter_level": 1.5043160827637982,
      "b3": 0.10299375283530815,
      "scatter_sigma_deg": 7.699100070281181,
      "b4": 0.31282989258554345,
      "scatter_level": 1.2,
      "compton_level": 0.21821706008330488,
      "holder_scatter_center_deg": 8.452854877903937,
      "a": 2.5764626566355977,
      "holder_scatter_level": 0.17441951742242592,
      "scatter_center_deg": 24.028142905786652,
      "b5": -0.3304254188588024,
      "poisson_counts_max": 5019.25,
      "air_scatter_floor": 0.015831746406588215,
      "b1": -1.117342928390338,
      "b0": 9.41725529385996,
      "b2": -2.190287781237602,
      "holder_scatter_sigma_deg": 4.455131483066237,
      "po_hkl_axis": [
        0.0,
        1.0,
        0.0
      ],
      "final_normalize": true
    },
    "synth_sampling_meta": {
      "family_name": "background",
      "slot": "background",
      "source_family": "opxrd_like",
      "preferred_source_family": "opxrd_like",
      "descriptor": {
        "phase_id": "cod_9000004",
        "formula": "HgS",
        "crystal_system": "trigonal",
        "elements": [
          "Hg",
          "S"
        ],
        "density_g_cm3": 8.17100358694289,
        "avg_z": 48.0,
        "max_z": 80.0,
        "heavy_fraction": 0.5,
        "transition_fraction": 0.5,
        "cell_lengths": [
          4.15,
          4.15,
          9.51
        ],
        "cell_angles": [
          90.0,
          90.0,
          119.99999999999999
        ],
        "cell_volume": 141.842815133603,
        "cell_anisotropy": 2.291566265060241,
        "anisotropy_index": 1.2915662650602409,
        "theoretical_peak_count": 21,
        "peak_density": 0.24705882352941178,
        "median_gap_deg": 2.243021011352539,
        "crowded_fraction": 0.1,
        "isolated_fraction": 0.75,
        "simple_topology": true,
        "preferred_po_axis": [
          0,
          0,
          1
        ],
        "fluorescence_bucket": "none",
        "absorption_bucket": "heavy"
      },
      "attempt": 1,
      "donor_rows": {
        "instrument": "1191__opxrd_000584__H1_Mg1_O1",
        "chemistry": "0152__rruff_R050128-1__C1_Ca1_O3",
        "microstructure": "0152__rruff_R050128-1__C1_Ca1_O3",
        "orientation": "0385__rruff_R060020-1__Al2_O3",
        "background": "0296__rruff_R050443-1__C1_Mg1_O3"
      },
      "donor_rwp_percent": {
        "instrument": 5.159210709102735,
        "chemistry": 10.060210456264361,
        "microstructure": 10.060210456264361,
        "orientation": 26.257958244816827,
        "background": 27.08433368266328
      },
      "donor_peak_window_rwp": {
        "instrument": 5.48784949745101,
        "chemistry": 12.829743047113176,
        "microstructure": 12.829743047113176,
        "orientation": 19.032257431869365,
        "background": 13.745715758604918
      },
      "selected_sample_code": "1191__opxrd_000584__H1_Mg1_O1",
      "selected_peak_window_rwp": 5.48784949745101,
      "selected_peak_window_pearson": 0.9997162154875435,
      "selected_background_fraction": 0.3921797860339511
    },
    "original_sample_dir": "HgS_SG166",
    "original_cif_path": "phase.cif",
    "original_generated_xy_path": "generated.xy",
    "original_generation_params_json": "generation_params.json",
    "original_generation_quality_json": "generation_quality.json"
  },
  "quality": {
    "note": "These are theory-vs-generated synthetic quality indicators plus donor-template quality provenance. They are not Rietveld fit-to-experiment outputs.",
    "theory_vs_generated": {
      "profile_pearson": 0.9581573540497432,
      "profile_cosine": 0.94068239548968,
      "rmse": 1.9861579626816488,
      "mae": 1.3098855705915775,
      "background_fraction_generated": 6.882264056098104,
      "top_peak_count_used": 20,
      "top_peak_height_log_mae": 10.095234601938014,
      "top_peak_shift_abs_mean_deg": 0.16679092025756717,
      "peak_window_pearson": 0.9571757796703441,
      "peak_window_cosine": 0.9536821202897402
    },
    "donor_template_quality": {
      "selected_sample_code": "1191__opxrd_000584__H1_Mg1_O1",
      "selected_peak_window_rwp": 5.48784949745101,
      "selected_peak_window_pearson": 0.9997162154875435,
      "selected_background_fraction": 0.3921797860339511,
      "donor_rows": {
        "instrument": "1191__opxrd_000584__H1_Mg1_O1",
        "chemistry": "0152__rruff_R050128-1__C1_Ca1_O3",
        "microstructure": "0152__rruff_R050128-1__C1_Ca1_O3",
        "orientation": "0385__rruff_R060020-1__Al2_O3",
        "background": "0296__rruff_R050443-1__C1_Mg1_O3"
      },
      "donor_rwp_percent": {
        "instrument": 5.159210709102735,
        "chemistry": 10.060210456264361,
        "microstructure": 10.060210456264361,
        "orientation": 26.257958244816827,
        "background": 27.08433368266328
      },
      "donor_peak_window_rwp": {
        "instrument": 5.48784949745101,
        "chemistry": 12.829743047113176,
        "microstructure": 12.829743047113176,
        "orientation": 19.032257431869365,
        "background": 13.745715758604918
      }
    }
  },
  "generation_tier": "strict_core"
}
