{
  "sample_name": "LaTe2_32",
  "phase_id": "cod_1521989",
  "formula": "LaTe2",
  "space_group": 32,
  "space_group_symbol": "Pba2",
  "crystal_system": "orthorhombic",
  "source_origin": "cod",
  "slot": "background",
  "formula_group_id": "La1|Te2::sg::32",
  "descriptor": {
    "phase_id": "cod_1521989",
    "formula": "LaTe2",
    "crystal_system": "orthorhombic",
    "elements": [
      "La",
      "Te"
    ],
    "density_g_cm3": 6.896891800339833,
    "avg_z": 53.666666666666664,
    "max_z": 57.0,
    "heavy_fraction": 1.0,
    "transition_fraction": 0.0,
    "cell_lengths": [
      9.07,
      9.107,
      9.19
    ],
    "cell_angles": [
      90.0,
      90.0,
      90.0
    ],
    "cell_volume": 759.0985030999999,
    "cell_anisotropy": 1.0132304299889745,
    "anisotropy_index": 0.013230429988974501,
    "theoretical_peak_count": 321,
    "peak_density": 3.776470588235294,
    "median_gap_deg": 0.10478591918945312,
    "crowded_fraction": 0.85625,
    "isolated_fraction": 0.05,
    "simple_topology": false,
    "preferred_po_axis": [
      0,
      0,
      1
    ],
    "fluorescence_bucket": "moderate",
    "absorption_bucket": "heavy"
  },
  "generation": {
    "theta_min": 5.0,
    "theta_max": 90.0,
    "num_points": 8501,
    "template_rwp_percent": 20.116123150491998,
    "template_peak_window_rwp": 19.059785587552092,
    "template_peak_window_pearson": 0.9853439113269152,
    "synth_params": {
      "ka1": 1.5405929,
      "ka2": 1.5444274,
      "use_tch_profile": true,
      "sigma_scale": 0.915935817612402,
      "kb_ratio": 0.01500880233919089,
      "use_fcj_asymmetry": true,
      "detector_nonlinearity": 0.0,
      "use_ka2": true,
      "caglioti_u": 0.031390575609021656,
      "kb": 1.39225,
      "caglioti_w": 0.0018448797995058975,
      "detector_deadtime_coeff": 0.0,
      "axial_s_over_l": 0.0012,
      "sigma_min_deg": 0.008,
      "ka2_ratio": 0.48492173130236843,
      "caglioti_v": 0.007351125729718566,
      "sigma_deg": 0.01878969372542678,
      "use_kbeta": true,
      "beam_sample_ratio": 0.05,
      "fluorescence_level": 1.0,
      "muR": 0.04,
      "trns": 0.03,
      "fluorescence_decay": 2.998655299958081,
      "lorentz_z": 1.0002170777508793e-08,
      "strain": 0.000588556560986462,
      "pseudo_voigt_eta": 0.11756960872265437,
      "lorentz_size": 0.006789155609971859,
      "macro_strain": 0.0004427856416146951,
      "sample_displacement_sr": -0.0008810949796893171,
      "size_nm": 180.0,
      "delta_deg": -0.00016639000612943402,
      "lorentz_strain": 0.008,
      "po_r": 1.0,
      "air_scatter_level": 0.8537949978689361,
      "b3": 0.19290376580926738,
      "scatter_sigma_deg": 2.2418370236202962,
      "b4": 0.17779922589437042,
      "scatter_level": 1.2,
      "compton_level": 0.26510444124745913,
      "holder_scatter_center_deg": 15.841174017736048,
      "a": 1.0,
      "holder_scatter_level": 0.46832647338213257,
      "scatter_center_deg": 10.955705736167504,
      "b5": -0.02901621409209445,
      "poisson_counts_max": 900.0,
      "air_scatter_floor": 0.06327750912811227,
      "b1": 3.2740356419056376,
      "b0": 7.453681905011291,
      "b2": -1.3642277208878186,
      "holder_scatter_sigma_deg": 3.066304778255823,
      "po_hkl_axis": [
        0.0,
        0.0,
        1.0
      ],
      "final_normalize": true
    },
    "synth_sampling_meta": {
      "family_name": "background",
      "slot": "background",
      "source_family": "opxrd_like",
      "preferred_source_family": "opxrd_like",
      "descriptor": {
        "phase_id": "cod_1521989",
        "formula": "LaTe2",
        "crystal_system": "orthorhombic",
        "elements": [
          "La",
          "Te"
        ],
        "density_g_cm3": 6.896891800339833,
        "avg_z": 53.666666666666664,
        "max_z": 57.0,
        "heavy_fraction": 1.0,
        "transition_fraction": 0.0,
        "cell_lengths": [
          9.07,
          9.107,
          9.19
        ],
        "cell_angles": [
          90.0,
          90.0,
          90.0
        ],
        "cell_volume": 759.0985030999999,
        "cell_anisotropy": 1.0132304299889745,
        "anisotropy_index": 0.013230429988974501,
        "theoretical_peak_count": 321,
        "peak_density": 3.776470588235294,
        "median_gap_deg": 0.10478591918945312,
        "crowded_fraction": 0.85625,
        "isolated_fraction": 0.05,
        "simple_topology": false,
        "preferred_po_axis": [
          0,
          0,
          1
        ],
        "fluorescence_bucket": "moderate",
        "absorption_bucket": "heavy"
      },
      "attempt": 1,
      "donor_rows": {
        "instrument": "1191__opxrd_000584__H1_Mg1_O1",
        "chemistry": "0038__rruff_R040069-1__C1_O3_Pb1",
        "microstructure": "0617__rruff_R200013__Ag1_Te1",
        "orientation": "0038__rruff_R040069-1__C1_O3_Pb1",
        "background": "0221__rruff_R050298-1__C1_O3_Pb1"
      },
      "donor_rwp_percent": {
        "instrument": 5.159210709102735,
        "chemistry": 23.642420999995124,
        "microstructure": 10.842870596894375,
        "orientation": 23.642420999995124,
        "background": 30.007645267328996
      },
      "donor_peak_window_rwp": {
        "instrument": 5.48784949745101,
        "chemistry": 20.94158511319581,
        "microstructure": 9.019290975003878,
        "orientation": 20.94158511319581,
        "background": 26.49219113316751
      },
      "selected_sample_code": "1191__opxrd_000584__H1_Mg1_O1",
      "selected_peak_window_rwp": 5.48784949745101,
      "selected_peak_window_pearson": 0.9997162154875435,
      "selected_background_fraction": 0.5262134662983965
    },
    "original_sample_dir": "LaTe2_SG32",
    "original_cif_path": "phase.cif",
    "original_generated_xy_path": "generated.xy",
    "original_generation_params_json": "generation_params.json",
    "original_generation_quality_json": "generation_quality.json"
  },
  "quality": {
    "note": "These are theory-vs-generated synthetic quality indicators plus donor-template quality provenance. They are not Rietveld fit-to-experiment outputs.",
    "theory_vs_generated": {
      "profile_pearson": 0.7221886865529307,
      "profile_cosine": 0.719533072693266,
      "rmse": 4.907910300445787,
      "mae": 2.5259379275112397,
      "background_fraction_generated": 3.128378821920541,
      "top_peak_count_used": 20,
      "top_peak_height_log_mae": 1.5293132053652738,
      "top_peak_shift_abs_mean_deg": 0.14042866897583028,
      "peak_window_pearson": 0.6286566453611091,
      "peak_window_cosine": 0.7377934546482453
    },
    "donor_template_quality": {
      "selected_sample_code": "1191__opxrd_000584__H1_Mg1_O1",
      "selected_peak_window_rwp": 5.48784949745101,
      "selected_peak_window_pearson": 0.9997162154875435,
      "selected_background_fraction": 0.5262134662983965,
      "donor_rows": {
        "instrument": "1191__opxrd_000584__H1_Mg1_O1",
        "chemistry": "0038__rruff_R040069-1__C1_O3_Pb1",
        "microstructure": "0617__rruff_R200013__Ag1_Te1",
        "orientation": "0038__rruff_R040069-1__C1_O3_Pb1",
        "background": "0221__rruff_R050298-1__C1_O3_Pb1"
      },
      "donor_rwp_percent": {
        "instrument": 5.159210709102735,
        "chemistry": 23.642420999995124,
        "microstructure": 10.842870596894375,
        "orientation": 23.642420999995124,
        "background": 30.007645267328996
      },
      "donor_peak_window_rwp": {
        "instrument": 5.48784949745101,
        "chemistry": 20.94158511319581,
        "microstructure": 9.019290975003878,
        "orientation": 20.94158511319581,
        "background": 26.49219113316751
      }
    }
  },
  "generation_tier": "strict_core"
}
