{
  "sample_name": "AlB2_191",
  "phase_id": "mp-944",
  "formula": "AlB2",
  "space_group": 191,
  "space_group_symbol": "P6/mmm",
  "crystal_system": "hexagonal",
  "source_origin": "materials_project",
  "slot": "anchor",
  "formula_group_id": "Al1|B2::sg::191",
  "descriptor": {
    "phase_id": "mp-944",
    "formula": "AlB2",
    "crystal_system": "hexagonal",
    "elements": [
      "Al",
      "B"
    ],
    "density_g_cm3": 3.192131549407133,
    "avg_z": 7.666666666666667,
    "max_z": 13.0,
    "heavy_fraction": 0.0,
    "transition_fraction": 0.0,
    "cell_lengths": [
      2.99140213,
      2.99140213,
      3.262541
    ],
    "cell_angles": [
      90.0,
      90.0,
      119.99999999999999
    ],
    "cell_volume": 25.283442578690398,
    "cell_anisotropy": 1.0906393919028199,
    "anisotropy_index": 0.09063939190281989,
    "theoretical_peak_count": 10,
    "peak_density": 0.11764705882352941,
    "median_gap_deg": 6.588043212890625,
    "crowded_fraction": 0.0,
    "isolated_fraction": 0.8888888888888888,
    "simple_topology": true,
    "preferred_po_axis": [
      0,
      0,
      1
    ],
    "fluorescence_bucket": "none",
    "absorption_bucket": "light"
  },
  "generation": {
    "theta_min": 5.0,
    "theta_max": 90.0,
    "num_points": 8501,
    "template_rwp_percent": 12.230971149753874,
    "template_peak_window_rwp": 16.61381662608072,
    "template_peak_window_pearson": 0.9948239611051984,
    "synth_params": {
      "ka1": 1.5405929,
      "ka2": 1.5444274,
      "use_tch_profile": true,
      "sigma_scale": 0.6,
      "kb_ratio": 0.0,
      "use_fcj_asymmetry": true,
      "detector_nonlinearity": 0.0,
      "use_ka2": true,
      "caglioti_u": 0.015993668366388946,
      "kb": 1.39225,
      "caglioti_w": 0.0012299207136324394,
      "detector_deadtime_coeff": 0.0,
      "axial_s_over_l": 0.0011999999996109912,
      "sigma_min_deg": 0.008,
      "ka2_ratio": 0.5014994769818425,
      "caglioti_v": -0.01611273624252125,
      "sigma_deg": 0.011182542556369897,
      "use_kbeta": false,
      "beam_sample_ratio": 0.04999999999979615,
      "fluorescence_level": 0.0,
      "muR": 0.035,
      "trns": 0.08999756937291836,
      "fluorescence_decay": 3.0,
      "lorentz_z": 0.00011692124277869222,
      "strain": 2.0890460626993178e-05,
      "pseudo_voigt_eta": -0.005038350347928382,
      "lorentz_size": 0.03,
      "macro_strain": 0.0,
      "sample_displacement_sr": -0.000335218198833255,
      "size_nm": 198.3215592988922,
      "delta_deg": -0.009437018111748793,
      "lorentz_strain": 0.0002876675853948984,
      "po_r": 1.0,
      "air_scatter_level": 0.26203301810657803,
      "b3": -0.09320202288567812,
      "scatter_sigma_deg": 6.861360821250649,
      "b4": -0.03490414165197571,
      "scatter_level": 3.0705933008416113,
      "compton_level": 0.49973343484086646,
      "holder_scatter_center_deg": 8.212579859871136,
      "a": 1.0,
      "holder_scatter_level": 0.792175486545053,
      "scatter_center_deg": 3.452258572760644,
      "b5": -0.044860503430340926,
      "poisson_counts_max": 1800.0,
      "air_scatter_floor": 0.06661516766349153,
      "b1": -1.1606445984387748,
      "b0": 2.8169520271335307,
      "b2": 0.1558328305148366,
      "holder_scatter_sigma_deg": 7.19055060530885,
      "po_hkl_axis": [
        0.0,
        1.0,
        0.0
      ],
      "final_normalize": true
    },
    "synth_sampling_meta": {
      "family_name": "anchor",
      "slot": "anchor",
      "source_family": "rruff_like",
      "preferred_source_family": "rruff_like",
      "descriptor": {
        "phase_id": "mp-944",
        "formula": "AlB2",
        "crystal_system": "hexagonal",
        "elements": [
          "Al",
          "B"
        ],
        "density_g_cm3": 3.192131549407133,
        "avg_z": 7.666666666666667,
        "max_z": 13.0,
        "heavy_fraction": 0.0,
        "transition_fraction": 0.0,
        "cell_lengths": [
          2.99140213,
          2.99140213,
          3.262541
        ],
        "cell_angles": [
          90.0,
          90.0,
          119.99999999999999
        ],
        "cell_volume": 25.283442578690398,
        "cell_anisotropy": 1.0906393919028199,
        "anisotropy_index": 0.09063939190281989,
        "theoretical_peak_count": 10,
        "peak_density": 0.11764705882352941,
        "median_gap_deg": 6.588043212890625,
        "crowded_fraction": 0.0,
        "isolated_fraction": 0.8888888888888888,
        "simple_topology": true,
        "preferred_po_axis": [
          0,
          0,
          1
        ],
        "fluorescence_bucket": "none",
        "absorption_bucket": "light"
      },
      "attempt": 1,
      "donor_rows": {
        "instrument": "0113__rruff_R050045-1__Ca1_F2",
        "chemistry": "0144__rruff_R050115-1__Ca1_F2",
        "microstructure": "0254__rruff_R050369-1__Ca5_F1_O12_P3",
        "orientation": "0148__rruff_R050121-1__Al2_Be3_O18_Si6",
        "background": "0057__rruff_R040098-1__Ca5_F1_O12_P3"
      },
      "donor_rwp_percent": {
        "instrument": 10.345769455766266,
        "chemistry": 10.8136128591309,
        "microstructure": 13.558574059798776,
        "orientation": 11.800676499373662,
        "background": 13.722656894319407
      },
      "donor_peak_window_rwp": {
        "instrument": 11.85177861797737,
        "chemistry": 14.273780930421212,
        "microstructure": 18.528929065551917,
        "orientation": 16.67151917078972,
        "background": 18.779898403060326
      },
      "selected_sample_code": "0113__rruff_R050045-1__Ca1_F2",
      "selected_peak_window_rwp": 11.85177861797737,
      "selected_peak_window_pearson": 0.9964628749980051,
      "selected_background_fraction": 0.3653624216969415
    },
    "original_sample_dir": "AlB2_SG191",
    "original_cif_path": "phase.cif",
    "original_generated_xy_path": "generated.xy",
    "original_generation_params_json": "generation_params.json",
    "original_generation_quality_json": "generation_quality.json"
  },
  "quality": {
    "note": "These are theory-vs-generated synthetic quality indicators plus donor-template quality provenance. They are not Rietveld fit-to-experiment outputs.",
    "theory_vs_generated": {
      "profile_pearson": 0.9343278347386659,
      "profile_cosine": 0.9248229559689892,
      "rmse": 1.4670053412711543,
      "mae": 0.694857959015896,
      "background_fraction_generated": 4.059669555855377,
      "top_peak_count_used": 10,
      "top_peak_height_log_mae": 2.329055144565437,
      "top_peak_shift_abs_mean_deg": 0.05110150146484358,
      "peak_window_pearson": 0.9282466621735961,
      "peak_window_cosine": 0.9373633130152978
    },
    "donor_template_quality": {
      "selected_sample_code": "0113__rruff_R050045-1__Ca1_F2",
      "selected_peak_window_rwp": 11.85177861797737,
      "selected_peak_window_pearson": 0.9964628749980051,
      "selected_background_fraction": 0.3653624216969415,
      "donor_rows": {
        "instrument": "0113__rruff_R050045-1__Ca1_F2",
        "chemistry": "0144__rruff_R050115-1__Ca1_F2",
        "microstructure": "0254__rruff_R050369-1__Ca5_F1_O12_P3",
        "orientation": "0148__rruff_R050121-1__Al2_Be3_O18_Si6",
        "background": "0057__rruff_R040098-1__Ca5_F1_O12_P3"
      },
      "donor_rwp_percent": {
        "instrument": 10.345769455766266,
        "chemistry": 10.8136128591309,
        "microstructure": 13.558574059798776,
        "orientation": 11.800676499373662,
        "background": 13.722656894319407
      },
      "donor_peak_window_rwp": {
        "instrument": 11.85177861797737,
        "chemistry": 14.273780930421212,
        "microstructure": 18.528929065551917,
        "orientation": 16.67151917078972,
        "background": 18.779898403060326
      }
    }
  },
  "generation_tier": "strict_core"
}
