{
  "sample_name": "Al11(PO4)12_167",
  "phase_id": "mp-1183021",
  "formula": "Al11(PO4)12",
  "space_group": 167,
  "space_group_symbol": "R-3c",
  "crystal_system": "trigonal",
  "source_origin": "materials_project",
  "slot": "profile",
  "formula_group_id": "Al11|O48|P12::sg::167",
  "descriptor": {
    "phase_id": "mp-1183021",
    "formula": "Al11(PO4)12",
    "crystal_system": "trigonal",
    "elements": [
      "Al",
      "O",
      "P"
    ],
    "density_g_cm3": 1.90986529939967,
    "avg_z": 9.95774647887324,
    "max_z": 15.0,
    "heavy_fraction": 0.0,
    "transition_fraction": 0.0,
    "cell_lengths": [
      16.44286953,
      16.442803060000003,
      16.44280304
    ],
    "cell_angles": [
      51.28121641000001,
      51.28093071999999,
      51.28093094999999
    ],
    "cell_volume": 2497.8586436833043,
    "cell_anisotropy": 1.0000040437144346,
    "anisotropy_index": 4.0437144346316956e-06,
    "theoretical_peak_count": 1586,
    "peak_density": 18.658823529411766,
    "median_gap_deg": 0.00023651123046875,
    "crowded_fraction": 0.9589905362776026,
    "isolated_fraction": 0.0037854889589905363,
    "simple_topology": false,
    "preferred_po_axis": [
      0,
      0,
      1
    ],
    "fluorescence_bucket": "none",
    "absorption_bucket": "light"
  },
  "generation": {
    "theta_min": 5.0,
    "theta_max": 90.0,
    "num_points": 8501,
    "template_rwp_percent": 27.08433368266328,
    "template_peak_window_rwp": 13.745715758604918,
    "template_peak_window_pearson": 0.9972437717636932,
    "synth_params": {
      "ka1": 1.5405929,
      "ka2": 1.5444274,
      "use_tch_profile": true,
      "sigma_scale": 0.915935817612402,
      "kb_ratio": 0.01500880233919089,
      "use_fcj_asymmetry": true,
      "detector_nonlinearity": 0.0,
      "use_ka2": true,
      "caglioti_u": 0.031390575609021656,
      "kb": 1.39225,
      "caglioti_w": 0.0018448797995058975,
      "detector_deadtime_coeff": 0.0,
      "axial_s_over_l": 0.0012,
      "sigma_min_deg": 0.008,
      "ka2_ratio": 0.48492173130236843,
      "caglioti_v": 0.007351125729718566,
      "sigma_deg": 0.019353384537189586,
      "use_kbeta": true,
      "beam_sample_ratio": 0.05,
      "fluorescence_level": 0.0,
      "muR": 0.00022390686283040742,
      "trns": 0.18,
      "fluorescence_decay": 3.0,
      "lorentz_z": 0.0007626903334521539,
      "strain": 8.248832869150249e-06,
      "pseudo_voigt_eta": -0.026137299557931398,
      "lorentz_size": 0.02658868012604335,
      "macro_strain": 0.0,
      "sample_displacement_sr": -0.0002,
      "size_nm": 180.0,
      "delta_deg": -0.01,
      "lorentz_strain": 0.009,
      "po_r": 1.0,
      "air_scatter_level": 1e-08,
      "b3": -0.1848624278005454,
      "scatter_sigma_deg": 6.0,
      "b4": 0.20595308036552476,
      "scatter_level": 1e-08,
      "compton_level": 1e-08,
      "holder_scatter_center_deg": 15.0,
      "a": 2.456521703905162,
      "holder_scatter_level": 1e-08,
      "scatter_center_deg": 15.0,
      "b5": -1.0196444166448001e-06,
      "poisson_counts_max": 3486.5,
      "air_scatter_floor": 0.05,
      "b1": -4.44554467722384,
      "b0": 21.288767814184258,
      "b2": -1.9952642435986017,
      "holder_scatter_sigma_deg": 4.0,
      "po_hkl_axis": [
        0.0,
        1.0,
        0.0
      ],
      "final_normalize": true
    },
    "synth_sampling_meta": {
      "family_name": "profile",
      "slot": "profile",
      "source_family": "opxrd_like",
      "preferred_source_family": "opxrd_like",
      "descriptor": {
        "phase_id": "mp-1183021",
        "formula": "Al11(PO4)12",
        "crystal_system": "trigonal",
        "elements": [
          "Al",
          "O",
          "P"
        ],
        "density_g_cm3": 1.90986529939967,
        "avg_z": 9.95774647887324,
        "max_z": 15.0,
        "heavy_fraction": 0.0,
        "transition_fraction": 0.0,
        "cell_lengths": [
          16.44286953,
          16.442803060000003,
          16.44280304
        ],
        "cell_angles": [
          51.28121641000001,
          51.28093071999999,
          51.28093094999999
        ],
        "cell_volume": 2497.8586436833043,
        "cell_anisotropy": 1.0000040437144346,
        "anisotropy_index": 4.0437144346316956e-06,
        "theoretical_peak_count": 1586,
        "peak_density": 18.658823529411766,
        "median_gap_deg": 0.00023651123046875,
        "crowded_fraction": 0.9589905362776026,
        "isolated_fraction": 0.0037854889589905363,
        "simple_topology": false,
        "preferred_po_axis": [
          0,
          0,
          1
        ],
        "fluorescence_bucket": "none",
        "absorption_bucket": "light"
      },
      "attempt": 1,
      "donor_rows": {
        "instrument": "1191__opxrd_000584__H1_Mg1_O1",
        "chemistry": "0016__rruff_R040030-1__C2_Ca1_Mg1_O6",
        "microstructure": "0152__rruff_R050128-1__C1_Ca1_O3",
        "orientation": "0415__rruff_R060150-1__Ca13_F10_H12_O34_Si10",
        "background": "1191__opxrd_000584__H1_Mg1_O1"
      },
      "donor_rwp_percent": {
        "instrument": 5.159210709102735,
        "chemistry": 27.23933763789696,
        "microstructure": 10.060210456264361,
        "orientation": 8.00315190123515,
        "background": 5.159210709102735
      },
      "donor_peak_window_rwp": {
        "instrument": 5.48784949745101,
        "chemistry": 14.145313767601136,
        "microstructure": 12.829743047113176,
        "orientation": 11.357098944708872,
        "background": 5.48784949745101
      },
      "selected_sample_code": "1191__opxrd_000584__H1_Mg1_O1",
      "selected_peak_window_rwp": 5.48784949745101,
      "selected_peak_window_pearson": 0.9997162154875435,
      "selected_background_fraction": 0.5127638626915709
    },
    "original_sample_dir": "Al11(PO4)12_SG167",
    "original_cif_path": "phase.cif",
    "original_generated_xy_path": "generated.xy",
    "original_generation_params_json": "generation_params.json",
    "original_generation_quality_json": "generation_quality.json"
  },
  "quality": {
    "note": "These are theory-vs-generated synthetic quality indicators plus donor-template quality provenance. They are not Rietveld fit-to-experiment outputs.",
    "theory_vs_generated": {
      "profile_pearson": 0.9687467274380025,
      "profile_cosine": 0.9462065988950631,
      "rmse": 1.3807766572506919,
      "mae": 1.0003397003135515,
      "background_fraction_generated": 13.57345957971715,
      "top_peak_count_used": 20,
      "top_peak_height_log_mae": 12.261636099386369,
      "top_peak_shift_abs_mean_deg": 0.19460390281677187,
      "peak_window_pearson": 0.9738214578840723,
      "peak_window_cosine": 0.9647793987726228
    },
    "donor_template_quality": {
      "selected_sample_code": "1191__opxrd_000584__H1_Mg1_O1",
      "selected_peak_window_rwp": 5.48784949745101,
      "selected_peak_window_pearson": 0.9997162154875435,
      "selected_background_fraction": 0.5127638626915709,
      "donor_rows": {
        "instrument": "1191__opxrd_000584__H1_Mg1_O1",
        "chemistry": "0016__rruff_R040030-1__C2_Ca1_Mg1_O6",
        "microstructure": "0152__rruff_R050128-1__C1_Ca1_O3",
        "orientation": "0415__rruff_R060150-1__Ca13_F10_H12_O34_Si10",
        "background": "1191__opxrd_000584__H1_Mg1_O1"
      },
      "donor_rwp_percent": {
        "instrument": 5.159210709102735,
        "chemistry": 27.23933763789696,
        "microstructure": 10.060210456264361,
        "orientation": 8.00315190123515,
        "background": 5.159210709102735
      },
      "donor_peak_window_rwp": {
        "instrument": 5.48784949745101,
        "chemistry": 14.145313767601136,
        "microstructure": 12.829743047113176,
        "orientation": 11.357098944708872,
        "background": 5.48784949745101
      }
    }
  },
  "generation_tier": "strict_core"
}
