{
  "sample_name": "Br_221",
  "phase_id": "mp-1062055",
  "formula": "Br",
  "space_group": 221,
  "space_group_symbol": "Pm-3m",
  "crystal_system": "cubic",
  "source_origin": "materials_project",
  "slot": "anchor",
  "formula_group_id": "Br1::sg::221",
  "descriptor": {
    "phase_id": "mp-1062055",
    "formula": "Br",
    "crystal_system": "cubic",
    "elements": [
      "Br"
    ],
    "density_g_cm3": 4.0957541324666895,
    "avg_z": 35.0,
    "max_z": 35.0,
    "heavy_fraction": 0.0,
    "transition_fraction": 0.0,
    "cell_lengths": [
      4.59764038,
      4.59764038,
      4.59764038
    ],
    "cell_angles": [
      90.0,
      90.0,
      90.0
    ],
    "cell_volume": 97.18628814499237,
    "cell_anisotropy": 1.0,
    "anisotropy_index": 0.0,
    "theoretical_peak_count": 15,
    "peak_density": 0.17647058823529413,
    "median_gap_deg": 4.119258880615234,
    "crowded_fraction": 0.0,
    "isolated_fraction": 1.0,
    "simple_topology": true,
    "preferred_po_axis": [
      0,
      0,
      1
    ],
    "fluorescence_bucket": "none",
    "absorption_bucket": "medium"
  },
  "generation": {
    "theta_min": 5.0,
    "theta_max": 90.0,
    "num_points": 8501,
    "template_rwp_percent": 11.309661106744679,
    "template_peak_window_rwp": 13.746162540852461,
    "template_peak_window_pearson": 0.9951391151799386,
    "synth_params": {
      "ka1": 1.5405929,
      "ka2": 1.5444274,
      "use_tch_profile": true,
      "sigma_scale": 0.6,
      "kb_ratio": 0.0,
      "use_fcj_asymmetry": true,
      "detector_nonlinearity": 0.0,
      "use_ka2": true,
      "caglioti_u": 0.015993668366388946,
      "kb": 1.39225,
      "caglioti_w": 0.0012299207136324394,
      "detector_deadtime_coeff": 0.0,
      "axial_s_over_l": 0.0011999999996109912,
      "sigma_min_deg": 0.008,
      "ka2_ratio": 0.5014994769818425,
      "caglioti_v": -0.01611273624252125,
      "sigma_deg": 0.011182542556369897,
      "use_kbeta": false,
      "beam_sample_ratio": 0.04999999999979615,
      "fluorescence_level": 0.0,
      "muR": 0.01,
      "trns": 1e-08,
      "fluorescence_decay": 3.0,
      "lorentz_z": 0.009960924454523384,
      "strain": 0.0006853610642039835,
      "pseudo_voigt_eta": 0.019967939291600033,
      "lorentz_size": 0.03,
      "macro_strain": -3.240079984075608e-05,
      "sample_displacement_sr": -0.0004456863208776223,
      "size_nm": 80.0,
      "delta_deg": -0.009806819913045304,
      "lorentz_strain": 0.008,
      "po_r": 1.0,
      "air_scatter_level": 1.3871991191352946,
      "b3": -0.11011846318646826,
      "scatter_sigma_deg": 1.7318643418809865,
      "b4": 0.13584267541290085,
      "scatter_level": 2.6331393606221596,
      "compton_level": 0.37888105362685665,
      "holder_scatter_center_deg": 12.306286451391118,
      "a": 1.0,
      "holder_scatter_level": 0.3069160632889231,
      "scatter_center_deg": 5.965671800010935,
      "b5": 0.07232709549420176,
      "poisson_counts_max": 1800.0,
      "air_scatter_floor": 0.06475696702926664,
      "b1": 2.309197678145057,
      "b0": 0.07582181325113085,
      "b2": 0.058267271286842476,
      "holder_scatter_sigma_deg": 6.052542152933813,
      "po_hkl_axis": [
        0.0,
        1.0,
        0.0
      ],
      "final_normalize": true
    },
    "synth_sampling_meta": {
      "family_name": "anchor",
      "slot": "anchor",
      "source_family": "rruff_like",
      "preferred_source_family": "rruff_like",
      "descriptor": {
        "phase_id": "mp-1062055",
        "formula": "Br",
        "crystal_system": "cubic",
        "elements": [
          "Br"
        ],
        "density_g_cm3": 4.0957541324666895,
        "avg_z": 35.0,
        "max_z": 35.0,
        "heavy_fraction": 0.0,
        "transition_fraction": 0.0,
        "cell_lengths": [
          4.59764038,
          4.59764038,
          4.59764038
        ],
        "cell_angles": [
          90.0,
          90.0,
          90.0
        ],
        "cell_volume": 97.18628814499237,
        "cell_anisotropy": 1.0,
        "anisotropy_index": 0.0,
        "theoretical_peak_count": 15,
        "peak_density": 0.17647058823529413,
        "median_gap_deg": 4.119258880615234,
        "crowded_fraction": 0.0,
        "isolated_fraction": 1.0,
        "simple_topology": true,
        "preferred_po_axis": [
          0,
          0,
          1
        ],
        "fluorescence_bucket": "none",
        "absorption_bucket": "medium"
      },
      "attempt": 1,
      "donor_rows": {
        "instrument": "0113__rruff_R050045-1__Ca1_F2",
        "chemistry": "0490__rruff_R060548-1__Ca1_F2",
        "microstructure": "0144__rruff_R050115-1__Ca1_F2",
        "orientation": "0490__rruff_R060548-1__Ca1_F2",
        "background": "0473__rruff_R060452-1__Al2_Ca3_O12_Si3"
      },
      "donor_rwp_percent": {
        "instrument": 10.345769455766266,
        "chemistry": 11.309661106744679,
        "microstructure": 10.8136128591309,
        "orientation": 11.309661106744679,
        "background": 13.92963543966282
      },
      "donor_peak_window_rwp": {
        "instrument": 11.85177861797737,
        "chemistry": 13.746162540852461,
        "microstructure": 14.273780930421212,
        "orientation": 13.746162540852461,
        "background": 18.602466410635316
      },
      "selected_sample_code": "0113__rruff_R050045-1__Ca1_F2",
      "selected_peak_window_rwp": 11.85177861797737,
      "selected_peak_window_pearson": 0.9964628749980051,
      "selected_background_fraction": 0.47737151362371655
    },
    "original_sample_dir": "Br_SG221",
    "original_cif_path": "phase.cif",
    "original_generated_xy_path": "generated.xy",
    "original_generation_params_json": "generation_params.json",
    "original_generation_quality_json": "generation_quality.json"
  },
  "quality": {
    "note": "These are theory-vs-generated synthetic quality indicators plus donor-template quality provenance. They are not Rietveld fit-to-experiment outputs.",
    "theory_vs_generated": {
      "profile_pearson": 0.8606913798586431,
      "profile_cosine": 0.8497169540782042,
      "rmse": 3.129008908810283,
      "mae": 1.4256416743513474,
      "background_fraction_generated": 1.7270533898566498,
      "top_peak_count_used": 15,
      "top_peak_height_log_mae": 1.9213516467306404,
      "top_peak_shift_abs_mean_deg": 0.06915183512369888,
      "peak_window_pearson": 0.8483973101312108,
      "peak_window_cosine": 0.8642632331453013
    },
    "donor_template_quality": {
      "selected_sample_code": "0113__rruff_R050045-1__Ca1_F2",
      "selected_peak_window_rwp": 11.85177861797737,
      "selected_peak_window_pearson": 0.9964628749980051,
      "selected_background_fraction": 0.47737151362371655,
      "donor_rows": {
        "instrument": "0113__rruff_R050045-1__Ca1_F2",
        "chemistry": "0490__rruff_R060548-1__Ca1_F2",
        "microstructure": "0144__rruff_R050115-1__Ca1_F2",
        "orientation": "0490__rruff_R060548-1__Ca1_F2",
        "background": "0473__rruff_R060452-1__Al2_Ca3_O12_Si3"
      },
      "donor_rwp_percent": {
        "instrument": 10.345769455766266,
        "chemistry": 11.309661106744679,
        "microstructure": 10.8136128591309,
        "orientation": 11.309661106744679,
        "background": 13.92963543966282
      },
      "donor_peak_window_rwp": {
        "instrument": 11.85177861797737,
        "chemistry": 13.746162540852461,
        "microstructure": 14.273780930421212,
        "orientation": 13.746162540852461,
        "background": 18.602466410635316
      }
    }
  },
  "generation_tier": "strict_core"
}
