{
  "sample_name": "Hg_64",
  "phase_id": "mp-1546032",
  "formula": "Hg",
  "space_group": 64,
  "space_group_symbol": "Cmce",
  "crystal_system": "orthorhombic",
  "source_origin": "materials_project",
  "slot": "background",
  "formula_group_id": "Hg1::sg::64",
  "descriptor": {
    "phase_id": "mp-1546032",
    "formula": "Hg",
    "crystal_system": "orthorhombic",
    "elements": [
      "Hg"
    ],
    "density_g_cm3": 19.45187588146668,
    "avg_z": 80.0,
    "max_z": 80.0,
    "heavy_fraction": 1.0,
    "transition_fraction": 1.0,
    "cell_lengths": [
      5.81853383,
      5.728725360000001,
      5.89002808
    ],
    "cell_angles": [
      90.0,
      90.0,
      119.28660278000001
    ],
    "cell_volume": 171.2367145792973,
    "cell_anisotropy": 1.0281568254478164,
    "anisotropy_index": 0.02815682544781639,
    "theoretical_peak_count": 134,
    "peak_density": 1.576470588235294,
    "median_gap_deg": 0.15399932861328125,
    "crowded_fraction": 0.6917293233082706,
    "isolated_fraction": 0.11278195488721804,
    "simple_topology": false,
    "preferred_po_axis": [
      0,
      0,
      1
    ],
    "fluorescence_bucket": "none",
    "absorption_bucket": "heavy"
  },
  "generation": {
    "theta_min": 5.0,
    "theta_max": 90.0,
    "num_points": 8501,
    "template_rwp_percent": 20.116123150491998,
    "template_peak_window_rwp": 19.059785587552092,
    "template_peak_window_pearson": 0.9853439113269152,
    "synth_params": {
      "ka1": 1.5405929,
      "ka2": 1.5444274,
      "use_tch_profile": true,
      "sigma_scale": 0.915935817612402,
      "kb_ratio": 0.01500880233919089,
      "use_fcj_asymmetry": true,
      "detector_nonlinearity": 0.0,
      "use_ka2": true,
      "caglioti_u": 0.031390575609021656,
      "kb": 1.39225,
      "caglioti_w": 0.0018448797995058975,
      "detector_deadtime_coeff": 0.0,
      "axial_s_over_l": 0.0012,
      "sigma_min_deg": 0.008,
      "ka2_ratio": 0.48492173130236843,
      "caglioti_v": 0.007351125729718566,
      "sigma_deg": 0.01878969372542678,
      "use_kbeta": true,
      "beam_sample_ratio": 0.05,
      "fluorescence_level": 0.0,
      "muR": 0.04,
      "trns": 0.0,
      "fluorescence_decay": 3.0,
      "lorentz_z": 1.7913889124090518e-05,
      "strain": 0.0009056359414191878,
      "pseudo_voigt_eta": 0.032291656570964826,
      "lorentz_size": 7.945861774599101e-05,
      "macro_strain": 0.00040465919252302235,
      "sample_displacement_sr": -0.0006861256687989029,
      "size_nm": 180.0,
      "delta_deg": -0.011965266914764993,
      "lorentz_strain": 0.008,
      "po_r": 1.0,
      "air_scatter_level": 0.7139792594063386,
      "b3": -0.04872237433107281,
      "scatter_sigma_deg": 2.2583688487306652,
      "b4": 0.1364423749623873,
      "scatter_level": 3.695504108803273,
      "compton_level": 0.23360799296820364,
      "holder_scatter_center_deg": 5.78036605717369,
      "a": 1.0,
      "holder_scatter_level": 1.5985748797994401,
      "scatter_center_deg": 5.302464669838223,
      "b5": -0.12461092533998804,
      "poisson_counts_max": 900.0,
      "air_scatter_floor": 0.06516165473752253,
      "b1": -1.5511849383985776,
      "b0": 11.17226668388641,
      "b2": -1.4459711918921787,
      "holder_scatter_sigma_deg": 5.814464224457437,
      "po_hkl_axis": [
        0.0,
        1.0,
        0.0
      ],
      "final_normalize": true
    },
    "synth_sampling_meta": {
      "family_name": "background",
      "slot": "background",
      "source_family": "opxrd_like",
      "preferred_source_family": "opxrd_like",
      "descriptor": {
        "phase_id": "mp-1546032",
        "formula": "Hg",
        "crystal_system": "orthorhombic",
        "elements": [
          "Hg"
        ],
        "density_g_cm3": 19.45187588146668,
        "avg_z": 80.0,
        "max_z": 80.0,
        "heavy_fraction": 1.0,
        "transition_fraction": 1.0,
        "cell_lengths": [
          5.81853383,
          5.728725360000001,
          5.89002808
        ],
        "cell_angles": [
          90.0,
          90.0,
          119.28660278000001
        ],
        "cell_volume": 171.2367145792973,
        "cell_anisotropy": 1.0281568254478164,
        "anisotropy_index": 0.02815682544781639,
        "theoretical_peak_count": 134,
        "peak_density": 1.576470588235294,
        "median_gap_deg": 0.15399932861328125,
        "crowded_fraction": 0.6917293233082706,
        "isolated_fraction": 0.11278195488721804,
        "simple_topology": false,
        "preferred_po_axis": [
          0,
          0,
          1
        ],
        "fluorescence_bucket": "none",
        "absorption_bucket": "heavy"
      },
      "attempt": 1,
      "donor_rows": {
        "instrument": "1191__opxrd_000584__H1_Mg1_O1",
        "chemistry": "1191__opxrd_000584__H1_Mg1_O1",
        "microstructure": "0607__rruff_R090034-1__F6_K1_Na1_Si1",
        "orientation": "0005__rruff_R040007-1__O4_S1_Sr1",
        "background": "0088__rruff_R040178-1__Na2_O4_S1"
      },
      "donor_rwp_percent": {
        "instrument": 5.159210709102735,
        "chemistry": 5.159210709102735,
        "microstructure": 25.289984456519914,
        "orientation": 20.116123150491998,
        "background": 28.76319790374425
      },
      "donor_peak_window_rwp": {
        "instrument": 5.48784949745101,
        "chemistry": 5.48784949745101,
        "microstructure": 24.951723644317994,
        "orientation": 19.059785587552092,
        "background": 23.51930657976824
      },
      "selected_sample_code": "1191__opxrd_000584__H1_Mg1_O1",
      "selected_peak_window_rwp": 5.48784949745101,
      "selected_peak_window_pearson": 0.9997162154875435,
      "selected_background_fraction": 0.5419498921769835
    },
    "original_sample_dir": "Hg_SG64",
    "original_cif_path": "phase.cif",
    "original_generated_xy_path": "generated.xy",
    "original_generation_params_json": "generation_params.json",
    "original_generation_quality_json": "generation_quality.json"
  },
  "quality": {
    "note": "These are theory-vs-generated synthetic quality indicators plus donor-template quality provenance. They are not Rietveld fit-to-experiment outputs.",
    "theory_vs_generated": {
      "profile_pearson": 0.8837506019427125,
      "profile_cosine": 0.8595090384911726,
      "rmse": 2.8075383225787496,
      "mae": 1.75736669360683,
      "background_fraction_generated": 5.683363860545357,
      "top_peak_count_used": 20,
      "top_peak_height_log_mae": 9.873849548414189,
      "top_peak_shift_abs_mean_deg": 0.19120163726806555,
      "peak_window_pearson": 0.8697478441201048,
      "peak_window_cosine": 0.8870605703843608
    },
    "donor_template_quality": {
      "selected_sample_code": "1191__opxrd_000584__H1_Mg1_O1",
      "selected_peak_window_rwp": 5.48784949745101,
      "selected_peak_window_pearson": 0.9997162154875435,
      "selected_background_fraction": 0.5419498921769835,
      "donor_rows": {
        "instrument": "1191__opxrd_000584__H1_Mg1_O1",
        "chemistry": "1191__opxrd_000584__H1_Mg1_O1",
        "microstructure": "0607__rruff_R090034-1__F6_K1_Na1_Si1",
        "orientation": "0005__rruff_R040007-1__O4_S1_Sr1",
        "background": "0088__rruff_R040178-1__Na2_O4_S1"
      },
      "donor_rwp_percent": {
        "instrument": 5.159210709102735,
        "chemistry": 5.159210709102735,
        "microstructure": 25.289984456519914,
        "orientation": 20.116123150491998,
        "background": 28.76319790374425
      },
      "donor_peak_window_rwp": {
        "instrument": 5.48784949745101,
        "chemistry": 5.48784949745101,
        "microstructure": 24.951723644317994,
        "orientation": 19.059785587552092,
        "background": 23.51930657976824
      }
    }
  },
  "generation_tier": "strict_core"
}
