{
  "sample_name": "N2O_152",
  "phase_id": "mp-1180215",
  "formula": "N2O",
  "space_group": 152,
  "space_group_symbol": "P3_121",
  "crystal_system": "trigonal",
  "source_origin": "materials_project",
  "slot": "anchor",
  "formula_group_id": "N2|O1::sg::152",
  "descriptor": {
    "phase_id": "mp-1180215",
    "formula": "N2O",
    "crystal_system": "trigonal",
    "elements": [
      "N",
      "O"
    ],
    "density_g_cm3": 1.0795152580979608,
    "avg_z": 7.333333333333333,
    "max_z": 8.0,
    "heavy_fraction": 0.0,
    "transition_fraction": 0.0,
    "cell_lengths": [
      4.68546549,
      4.68546549,
      10.682784
    ],
    "cell_angles": [
      90.0,
      90.0,
      119.99999999999999
    ],
    "cell_volume": 203.1049771209349,
    "cell_anisotropy": 2.2799834985018745,
    "anisotropy_index": 1.2799834985018745,
    "theoretical_peak_count": 51,
    "peak_density": 0.6,
    "median_gap_deg": 1.0325984954833984,
    "crowded_fraction": 0.2,
    "isolated_fraction": 0.44,
    "simple_topology": false,
    "preferred_po_axis": [
      0,
      0,
      1
    ],
    "fluorescence_bucket": "none",
    "absorption_bucket": "light"
  },
  "generation": {
    "theta_min": 5.0,
    "theta_max": 90.0,
    "num_points": 8501,
    "template_rwp_percent": 10.499124209338653,
    "template_peak_window_rwp": 14.501948057757202,
    "template_peak_window_pearson": 0.9910612006867483,
    "synth_params": {
      "ka1": 1.5405929,
      "ka2": 1.5444274,
      "use_tch_profile": true,
      "sigma_scale": 1.216617965083533,
      "kb_ratio": 0.015,
      "use_fcj_asymmetry": true,
      "detector_nonlinearity": 0.0,
      "use_ka2": true,
      "caglioti_u": 0.009868270667840904,
      "kb": 1.39225,
      "caglioti_w": 0.001852496847987292,
      "detector_deadtime_coeff": 0.0,
      "axial_s_over_l": 0.0012,
      "sigma_min_deg": 0.0190719205013069,
      "ka2_ratio": 0.485,
      "caglioti_v": -0.00020712228196883794,
      "sigma_deg": 0.02204270077196036,
      "use_kbeta": true,
      "beam_sample_ratio": 0.05,
      "fluorescence_level": 0.0,
      "muR": 0.0,
      "trns": 0.0,
      "fluorescence_decay": 3.0,
      "lorentz_z": 1.0000020488460978e-08,
      "strain": 0.0016456182328376003,
      "pseudo_voigt_eta": -0.049724575069716774,
      "lorentz_size": 0.03,
      "macro_strain": 0.0,
      "sample_displacement_sr": -0.00020002518436043824,
      "size_nm": 311.11333019661475,
      "delta_deg": -0.009998810027760914,
      "lorentz_strain": 0.0025055106126041908,
      "po_r": 1.0,
      "air_scatter_level": 5.500000000000385e-09,
      "b3": 6.3203101563040995e-06,
      "scatter_sigma_deg": 6.0,
      "b4": -2.7325016753084457e-06,
      "scatter_level": 5.499999999998345e-09,
      "compton_level": 5.499999999999996e-09,
      "holder_scatter_center_deg": 15.0,
      "a": 0.977906046144876,
      "holder_scatter_level": 5.500000000002196e-09,
      "scatter_center_deg": 15.0,
      "b5": 1.6491811420758495e-06,
      "poisson_counts_max": 2584.7999999999997,
      "air_scatter_floor": 0.049999999999999996,
      "b1": -1.0621837808842336,
      "b0": 2.7818043743245324,
      "b2": 0.8246859397168971,
      "holder_scatter_sigma_deg": 4.0,
      "po_hkl_axis": [
        0.0,
        1.0,
        0.0
      ],
      "final_normalize": true
    },
    "synth_sampling_meta": {
      "family_name": "anchor",
      "slot": "anchor",
      "source_family": "rruff_like",
      "preferred_source_family": "rruff_like",
      "descriptor": {
        "phase_id": "mp-1180215",
        "formula": "N2O",
        "crystal_system": "trigonal",
        "elements": [
          "N",
          "O"
        ],
        "density_g_cm3": 1.0795152580979608,
        "avg_z": 7.333333333333333,
        "max_z": 8.0,
        "heavy_fraction": 0.0,
        "transition_fraction": 0.0,
        "cell_lengths": [
          4.68546549,
          4.68546549,
          10.682784
        ],
        "cell_angles": [
          90.0,
          90.0,
          119.99999999999999
        ],
        "cell_volume": 203.1049771209349,
        "cell_anisotropy": 2.2799834985018745,
        "anisotropy_index": 1.2799834985018745,
        "theoretical_peak_count": 51,
        "peak_density": 0.6,
        "median_gap_deg": 1.0325984954833984,
        "crowded_fraction": 0.2,
        "isolated_fraction": 0.44,
        "simple_topology": false,
        "preferred_po_axis": [
          0,
          0,
          1
        ],
        "fluorescence_bucket": "none",
        "absorption_bucket": "light"
      },
      "attempt": 1,
      "donor_rows": {
        "instrument": "0098__rruff_R050009-1__C1_Ca1_O3",
        "chemistry": "0154__rruff_R050130-1__C1_Ca1_O3",
        "microstructure": "0066__rruff_R040126-1__C4_Ca1_Mg3_O12",
        "orientation": "0415__rruff_R060150-1__Ca13_F10_H12_O34_Si10",
        "background": "0144__rruff_R050115-1__Ca1_F2"
      },
      "donor_rwp_percent": {
        "instrument": 10.473963597060688,
        "chemistry": 10.499124209338653,
        "microstructure": 8.894243026156627,
        "orientation": 8.00315190123515,
        "background": 10.8136128591309
      },
      "donor_peak_window_rwp": {
        "instrument": 13.939634579044661,
        "chemistry": 14.501948057757202,
        "microstructure": 11.562371080606463,
        "orientation": 11.357098944708872,
        "background": 14.273780930421212
      },
      "selected_sample_code": "0098__rruff_R050009-1__C1_Ca1_O3",
      "selected_peak_window_rwp": 13.939634579044661,
      "selected_peak_window_pearson": 0.9951380622079978,
      "selected_background_fraction": 0.2583068632884111
    },
    "original_sample_dir": "N2O_SG152",
    "original_cif_path": "phase.cif",
    "original_generated_xy_path": "generated.xy",
    "original_generation_params_json": "generation_params.json",
    "original_generation_quality_json": "generation_quality.json"
  },
  "quality": {
    "note": "These are theory-vs-generated synthetic quality indicators plus donor-template quality provenance. They are not Rietveld fit-to-experiment outputs.",
    "theory_vs_generated": {
      "profile_pearson": 0.9499189977552283,
      "profile_cosine": 0.9433855564519112,
      "rmse": 1.5176108743836667,
      "mae": 0.6287701939073513,
      "background_fraction_generated": 2.6514584756401116,
      "top_peak_count_used": 20,
      "top_peak_height_log_mae": 5.42578296253396,
      "top_peak_shift_abs_mean_deg": 0.12304240036010708,
      "peak_window_pearson": 0.9499202734007479,
      "peak_window_cosine": 0.9489464893646502
    },
    "donor_template_quality": {
      "selected_sample_code": "0098__rruff_R050009-1__C1_Ca1_O3",
      "selected_peak_window_rwp": 13.939634579044661,
      "selected_peak_window_pearson": 0.9951380622079978,
      "selected_background_fraction": 0.2583068632884111,
      "donor_rows": {
        "instrument": "0098__rruff_R050009-1__C1_Ca1_O3",
        "chemistry": "0154__rruff_R050130-1__C1_Ca1_O3",
        "microstructure": "0066__rruff_R040126-1__C4_Ca1_Mg3_O12",
        "orientation": "0415__rruff_R060150-1__Ca13_F10_H12_O34_Si10",
        "background": "0144__rruff_R050115-1__Ca1_F2"
      },
      "donor_rwp_percent": {
        "instrument": 10.473963597060688,
        "chemistry": 10.499124209338653,
        "microstructure": 8.894243026156627,
        "orientation": 8.00315190123515,
        "background": 10.8136128591309
      },
      "donor_peak_window_rwp": {
        "instrument": 13.939634579044661,
        "chemistry": 14.501948057757202,
        "microstructure": 11.562371080606463,
        "orientation": 11.357098944708872,
        "background": 14.273780930421212
      }
    }
  },
  "generation_tier": "strict_core"
}
