{
  "sample_name": "Ge_194",
  "phase_id": "mp-1091415",
  "formula": "Ge",
  "space_group": 194,
  "space_group_symbol": "P6_3/mmc",
  "crystal_system": "hexagonal",
  "source_origin": "materials_project",
  "slot": "anchor",
  "formula_group_id": "Ge1::sg::194",
  "descriptor": {
    "phase_id": "mp-1091415",
    "formula": "Ge",
    "crystal_system": "hexagonal",
    "elements": [
      "Ge"
    ],
    "density_g_cm3": 5.284948583017038,
    "avg_z": 32.0,
    "max_z": 32.0,
    "heavy_fraction": 0.0,
    "transition_fraction": 0.0,
    "cell_lengths": [
      4.00311588,
      4.00311588,
      13.15670686
    ],
    "cell_angles": [
      90.0,
      90.0,
      119.99999999999999
    ],
    "cell_volume": 182.5888083058535,
    "cell_anisotropy": 3.28661653931437,
    "anisotropy_index": 2.28661653931437,
    "theoretical_peak_count": 41,
    "peak_density": 0.4823529411764706,
    "median_gap_deg": 1.5119590759277344,
    "crowded_fraction": 0.075,
    "isolated_fraction": 0.575,
    "simple_topology": false,
    "preferred_po_axis": [
      0,
      0,
      1
    ],
    "fluorescence_bucket": "none",
    "absorption_bucket": "medium"
  },
  "generation": {
    "theta_min": 5.0,
    "theta_max": 90.0,
    "num_points": 8501,
    "template_rwp_percent": 12.230971149753874,
    "template_peak_window_rwp": 16.61381662608072,
    "template_peak_window_pearson": 0.9948239611051984,
    "synth_params": {
      "ka1": 1.5405929,
      "ka2": 1.5444274,
      "use_tch_profile": true,
      "sigma_scale": 0.9440362830576552,
      "kb_ratio": 0.015008100559655416,
      "use_fcj_asymmetry": true,
      "detector_nonlinearity": 0.0,
      "use_ka2": true,
      "caglioti_u": 0.003279074167112672,
      "kb": 1.39225,
      "caglioti_w": 0.0010019906393954538,
      "detector_deadtime_coeff": 0.0,
      "axial_s_over_l": 0.00119999999999995,
      "sigma_min_deg": 0.008,
      "ka2_ratio": 0.48502655784215637,
      "caglioti_v": -0.005646438125445374,
      "sigma_deg": 0.009060480593718376,
      "use_kbeta": true,
      "beam_sample_ratio": 0.04999999999999995,
      "fluorescence_level": 0.0,
      "muR": 0.01,
      "trns": 0.0,
      "fluorescence_decay": 3.0,
      "lorentz_z": 0.00011692124277869222,
      "strain": 2.0890460626993178e-05,
      "pseudo_voigt_eta": -0.005038350347928382,
      "lorentz_size": 0.03,
      "macro_strain": 0.0,
      "sample_displacement_sr": -0.000335218198833255,
      "size_nm": 198.3215592988922,
      "delta_deg": -0.009437018111748793,
      "lorentz_strain": 0.0002876675853948984,
      "po_r": 1.0,
      "air_scatter_level": 0.26203301810657803,
      "b3": -0.09320202288567812,
      "scatter_sigma_deg": 6.861360821250649,
      "b4": -0.03490414165197571,
      "scatter_level": 3.0705933008416113,
      "compton_level": 0.49973343484086646,
      "holder_scatter_center_deg": 8.212579859871136,
      "a": 1.0,
      "holder_scatter_level": 0.792175486545053,
      "scatter_center_deg": 3.452258572760644,
      "b5": -0.044860503430340926,
      "poisson_counts_max": 1800.0,
      "air_scatter_floor": 0.06661516766349153,
      "b1": -1.1606445984387748,
      "b0": 2.8169520271335307,
      "b2": 0.1558328305148366,
      "holder_scatter_sigma_deg": 7.19055060530885,
      "po_hkl_axis": [
        0.0,
        1.0,
        0.0
      ],
      "final_normalize": true
    },
    "synth_sampling_meta": {
      "family_name": "anchor",
      "slot": "anchor",
      "source_family": "rruff_like",
      "preferred_source_family": "rruff_like",
      "descriptor": {
        "phase_id": "mp-1091415",
        "formula": "Ge",
        "crystal_system": "hexagonal",
        "elements": [
          "Ge"
        ],
        "density_g_cm3": 5.284948583017038,
        "avg_z": 32.0,
        "max_z": 32.0,
        "heavy_fraction": 0.0,
        "transition_fraction": 0.0,
        "cell_lengths": [
          4.00311588,
          4.00311588,
          13.15670686
        ],
        "cell_angles": [
          90.0,
          90.0,
          119.99999999999999
        ],
        "cell_volume": 182.5888083058535,
        "cell_anisotropy": 3.28661653931437,
        "anisotropy_index": 2.28661653931437,
        "theoretical_peak_count": 41,
        "peak_density": 0.4823529411764706,
        "median_gap_deg": 1.5119590759277344,
        "crowded_fraction": 0.075,
        "isolated_fraction": 0.575,
        "simple_topology": false,
        "preferred_po_axis": [
          0,
          0,
          1
        ],
        "fluorescence_bucket": "none",
        "absorption_bucket": "medium"
      },
      "attempt": 1,
      "donor_rows": {
        "instrument": "0144__rruff_R050115-1__Ca1_F2",
        "chemistry": "0057__rruff_R040098-1__Ca5_F1_O12_P3",
        "microstructure": "0254__rruff_R050369-1__Ca5_F1_O12_P3",
        "orientation": "0254__rruff_R050369-1__Ca5_F1_O12_P3",
        "background": "0057__rruff_R040098-1__Ca5_F1_O12_P3"
      },
      "donor_rwp_percent": {
        "instrument": 10.8136128591309,
        "chemistry": 13.722656894319407,
        "microstructure": 13.558574059798776,
        "orientation": 13.558574059798776,
        "background": 13.722656894319407
      },
      "donor_peak_window_rwp": {
        "instrument": 14.273780930421212,
        "chemistry": 18.779898403060326,
        "microstructure": 18.528929065551917,
        "orientation": 18.528929065551917,
        "background": 18.779898403060326
      },
      "selected_sample_code": "0144__rruff_R050115-1__Ca1_F2",
      "selected_peak_window_rwp": 14.273780930421212,
      "selected_peak_window_pearson": 0.9900974432048891,
      "selected_background_fraction": 0.3653624216969415
    },
    "original_sample_dir": "Ge_SG194",
    "original_cif_path": "phase.cif",
    "original_generated_xy_path": "generated.xy",
    "original_generation_params_json": "generation_params.json",
    "original_generation_quality_json": "generation_quality.json"
  },
  "quality": {
    "note": "These are theory-vs-generated synthetic quality indicators plus donor-template quality provenance. They are not Rietveld fit-to-experiment outputs.",
    "theory_vs_generated": {
      "profile_pearson": 0.9237694499560682,
      "profile_cosine": 0.9217517884863053,
      "rmse": 2.3304559642725815,
      "mae": 0.9657101269792844,
      "background_fraction_generated": 2.3718642522876627,
      "top_peak_count_used": 20,
      "top_peak_height_log_mae": 1.3462913589042824,
      "top_peak_shift_abs_mean_deg": 0.05323057174682742,
      "peak_window_pearson": 0.9098119836968317,
      "peak_window_cosine": 0.9263345310255452
    },
    "donor_template_quality": {
      "selected_sample_code": "0144__rruff_R050115-1__Ca1_F2",
      "selected_peak_window_rwp": 14.273780930421212,
      "selected_peak_window_pearson": 0.9900974432048891,
      "selected_background_fraction": 0.3653624216969415,
      "donor_rows": {
        "instrument": "0144__rruff_R050115-1__Ca1_F2",
        "chemistry": "0057__rruff_R040098-1__Ca5_F1_O12_P3",
        "microstructure": "0254__rruff_R050369-1__Ca5_F1_O12_P3",
        "orientation": "0254__rruff_R050369-1__Ca5_F1_O12_P3",
        "background": "0057__rruff_R040098-1__Ca5_F1_O12_P3"
      },
      "donor_rwp_percent": {
        "instrument": 10.8136128591309,
        "chemistry": 13.722656894319407,
        "microstructure": 13.558574059798776,
        "orientation": 13.558574059798776,
        "background": 13.722656894319407
      },
      "donor_peak_window_rwp": {
        "instrument": 14.273780930421212,
        "chemistry": 18.779898403060326,
        "microstructure": 18.528929065551917,
        "orientation": 18.528929065551917,
        "background": 18.779898403060326
      }
    }
  },
  "generation_tier": "strict_core"
}
