{
  "sample_name": "Cu_139",
  "phase_id": "mp-1010136",
  "formula": "Cu",
  "space_group": 139,
  "space_group_symbol": "I4/mmm",
  "crystal_system": "tetragonal",
  "source_origin": "materials_project",
  "slot": "background",
  "formula_group_id": "Cu1::sg::139",
  "descriptor": {
    "phase_id": "mp-1010136",
    "formula": "Cu",
    "crystal_system": "tetragonal",
    "elements": [
      "Cu"
    ],
    "density_g_cm3": 9.201400952914076,
    "avg_z": 29.0,
    "max_z": 29.0,
    "heavy_fraction": 0.0,
    "transition_fraction": 1.0,
    "cell_lengths": [
      2.90145622,
      2.90145622,
      2.7244655
    ],
    "cell_angles": [
      90.0,
      90.0,
      90.0
    ],
    "cell_volume": 22.935771675110406,
    "cell_anisotropy": 1.0649634653109024,
    "anisotropy_index": 0.06496346531090236,
    "theoretical_peak_count": 6,
    "peak_density": 0.07058823529411765,
    "median_gap_deg": 4.732460021972656,
    "crowded_fraction": 0.0,
    "isolated_fraction": 1.0,
    "simple_topology": true,
    "preferred_po_axis": [
      0,
      0,
      1
    ],
    "fluorescence_bucket": "moderate",
    "absorption_bucket": "heavy"
  },
  "generation": {
    "theta_min": 5.0,
    "theta_max": 90.0,
    "num_points": 8501,
    "template_rwp_percent": 11.310710506171425,
    "template_peak_window_rwp": 13.039616858422296,
    "template_peak_window_pearson": 0.9953688247628263,
    "synth_params": {
      "ka1": 1.5405929,
      "ka2": 1.5444274,
      "use_tch_profile": true,
      "sigma_scale": 0.915935817612402,
      "kb_ratio": 0.01500880233919089,
      "use_fcj_asymmetry": true,
      "detector_nonlinearity": 0.0,
      "use_ka2": true,
      "caglioti_u": 0.031390575609021656,
      "kb": 1.39225,
      "caglioti_w": 0.0018448797995058975,
      "detector_deadtime_coeff": 0.0,
      "axial_s_over_l": 0.0012,
      "sigma_min_deg": 0.008,
      "ka2_ratio": 0.48492173130236843,
      "caglioti_v": 0.007351125729718566,
      "sigma_deg": 0.01878969372542678,
      "use_kbeta": true,
      "beam_sample_ratio": 0.05,
      "fluorescence_level": 1.0,
      "muR": 0.04,
      "trns": 0.03,
      "fluorescence_decay": 2.9998424930612066,
      "lorentz_z": 1e-08,
      "strain": 2.104457632986106e-05,
      "pseudo_voigt_eta": 0.18239417630671903,
      "lorentz_size": 0.0018767860557139064,
      "macro_strain": 0.0003245765120281523,
      "sample_displacement_sr": -0.0003459797654655709,
      "size_nm": 155.31676640618235,
      "delta_deg": -0.0025679986639565206,
      "lorentz_strain": 0.008267180606150105,
      "po_r": 1.0,
      "air_scatter_level": 1.1118938816845205,
      "b3": 0.061574463019950613,
      "scatter_sigma_deg": 3.545729087304414,
      "b4": 0.15462000627142322,
      "scatter_level": 5.870702736998436,
      "compton_level": 0.42268815835033685,
      "holder_scatter_center_deg": 15.70409317388836,
      "a": 2.5876808265639037,
      "holder_scatter_level": 0.8252947891079748,
      "scatter_center_deg": 3.7745833471256,
      "b5": -0.10388907325116895,
      "poisson_counts_max": 2572.1,
      "air_scatter_floor": 0.012043913062787324,
      "b1": 0.5536668233346609,
      "b0": 11.31052989965887,
      "b2": -0.9313141826210304,
      "holder_scatter_sigma_deg": 8.542959312483909,
      "po_hkl_axis": [
        0.0,
        1.0,
        0.0
      ],
      "final_normalize": true
    },
    "synth_sampling_meta": {
      "family_name": "background",
      "slot": "background",
      "source_family": "opxrd_like",
      "preferred_source_family": "opxrd_like",
      "descriptor": {
        "phase_id": "mp-1010136",
        "formula": "Cu",
        "crystal_system": "tetragonal",
        "elements": [
          "Cu"
        ],
        "density_g_cm3": 9.201400952914076,
        "avg_z": 29.0,
        "max_z": 29.0,
        "heavy_fraction": 0.0,
        "transition_fraction": 1.0,
        "cell_lengths": [
          2.90145622,
          2.90145622,
          2.7244655
        ],
        "cell_angles": [
          90.0,
          90.0,
          90.0
        ],
        "cell_volume": 22.935771675110406,
        "cell_anisotropy": 1.0649634653109024,
        "anisotropy_index": 0.06496346531090236,
        "theoretical_peak_count": 6,
        "peak_density": 0.07058823529411765,
        "median_gap_deg": 4.732460021972656,
        "crowded_fraction": 0.0,
        "isolated_fraction": 1.0,
        "simple_topology": true,
        "preferred_po_axis": [
          0,
          0,
          1
        ],
        "fluorescence_bucket": "moderate",
        "absorption_bucket": "heavy"
      },
      "attempt": 1,
      "donor_rows": {
        "instrument": "1191__opxrd_000584__H1_Mg1_O1",
        "chemistry": "0454__rruff_R060417-1__Ca1_O4_W1",
        "microstructure": "0454__rruff_R060417-1__Ca1_O4_W1",
        "orientation": "0454__rruff_R060417-1__Ca1_O4_W1",
        "background": "0454__rruff_R060417-1__Ca1_O4_W1"
      },
      "donor_rwp_percent": {
        "instrument": 5.159210709102735,
        "chemistry": 20.538160106639065,
        "microstructure": 20.538160106639065,
        "orientation": 20.538160106639065,
        "background": 20.538160106639065
      },
      "donor_peak_window_rwp": {
        "instrument": 5.48784949745101,
        "chemistry": 17.54785920227529,
        "microstructure": 17.54785920227529,
        "orientation": 17.54785920227529,
        "background": 17.54785920227529
      },
      "selected_sample_code": "1191__opxrd_000584__H1_Mg1_O1",
      "selected_peak_window_rwp": 5.48784949745101,
      "selected_peak_window_pearson": 0.9997162154875435,
      "selected_background_fraction": 0.4063188775866402
    },
    "original_sample_dir": "Cu_SG139",
    "original_cif_path": "phase.cif",
    "original_generated_xy_path": "generated.xy",
    "original_generation_params_json": "generation_params.json",
    "original_generation_quality_json": "generation_quality.json"
  },
  "quality": {
    "note": "These are theory-vs-generated synthetic quality indicators plus donor-template quality provenance. They are not Rietveld fit-to-experiment outputs.",
    "theory_vs_generated": {
      "profile_pearson": 0.93480274337045,
      "profile_cosine": 0.9088410572890859,
      "rmse": 2.2775363948307206,
      "mae": 1.401354878621545,
      "background_fraction_generated": 8.438738073998127,
      "top_peak_count_used": 6,
      "top_peak_height_log_mae": 7.595763395314523,
      "top_peak_shift_abs_mean_deg": 0.127598241170246,
      "peak_window_pearson": 0.928344904489715,
      "peak_window_cosine": 0.9336762399988149
    },
    "donor_template_quality": {
      "selected_sample_code": "1191__opxrd_000584__H1_Mg1_O1",
      "selected_peak_window_rwp": 5.48784949745101,
      "selected_peak_window_pearson": 0.9997162154875435,
      "selected_background_fraction": 0.4063188775866402,
      "donor_rows": {
        "instrument": "1191__opxrd_000584__H1_Mg1_O1",
        "chemistry": "0454__rruff_R060417-1__Ca1_O4_W1",
        "microstructure": "0454__rruff_R060417-1__Ca1_O4_W1",
        "orientation": "0454__rruff_R060417-1__Ca1_O4_W1",
        "background": "0454__rruff_R060417-1__Ca1_O4_W1"
      },
      "donor_rwp_percent": {
        "instrument": 5.159210709102735,
        "chemistry": 20.538160106639065,
        "microstructure": 20.538160106639065,
        "orientation": 20.538160106639065,
        "background": 20.538160106639065
      },
      "donor_peak_window_rwp": {
        "instrument": 5.48784949745101,
        "chemistry": 17.54785920227529,
        "microstructure": 17.54785920227529,
        "orientation": 17.54785920227529,
        "background": 17.54785920227529
      }
    }
  },
  "generation_tier": "strict_core"
}
