{
  "sample_name": "Fe_191",
  "phase_id": "mp-1096950",
  "formula": "Fe",
  "space_group": 191,
  "space_group_symbol": "P6/mmm",
  "crystal_system": "hexagonal",
  "source_origin": "materials_project",
  "slot": "background",
  "formula_group_id": "Fe1::sg::191",
  "descriptor": {
    "phase_id": "mp-1096950",
    "formula": "Fe",
    "crystal_system": "hexagonal",
    "elements": [
      "Fe"
    ],
    "density_g_cm3": 7.230888881942776,
    "avg_z": 26.0,
    "max_z": 26.0,
    "heavy_fraction": 0.0,
    "transition_fraction": 1.0,
    "cell_lengths": [
      2.48900384,
      2.48900384,
      2.39034144
    ],
    "cell_angles": [
      90.0,
      90.0,
      120.00000000000001
    ],
    "cell_volume": 12.824537317315569,
    "cell_anisotropy": 1.0412754422230157,
    "anisotropy_index": 0.04127544222301571,
    "theoretical_peak_count": 6,
    "peak_density": 0.07058823529411765,
    "median_gap_deg": 8.260063171386719,
    "crowded_fraction": 0.0,
    "isolated_fraction": 1.0,
    "simple_topology": true,
    "preferred_po_axis": [
      0,
      0,
      1
    ],
    "fluorescence_bucket": "high",
    "absorption_bucket": "heavy"
  },
  "generation": {
    "theta_min": 5.0,
    "theta_max": 90.0,
    "num_points": 8501,
    "template_rwp_percent": 11.800676499373662,
    "template_peak_window_rwp": 16.67151917078972,
    "template_peak_window_pearson": 0.9867544375397198,
    "synth_params": {
      "ka1": 1.5405929,
      "ka2": 1.5444274,
      "use_tch_profile": true,
      "sigma_scale": 0.915935817612402,
      "kb_ratio": 0.01500880233919089,
      "use_fcj_asymmetry": true,
      "detector_nonlinearity": 0.0,
      "use_ka2": true,
      "caglioti_u": 0.031390575609021656,
      "kb": 1.39225,
      "caglioti_w": 0.0018448797995058975,
      "detector_deadtime_coeff": 0.0,
      "axial_s_over_l": 0.0012,
      "sigma_min_deg": 0.008,
      "ka2_ratio": 0.48492173130236843,
      "caglioti_v": 0.007351125729718566,
      "sigma_deg": 0.01878969372542678,
      "use_kbeta": true,
      "beam_sample_ratio": 0.05,
      "fluorescence_level": 2.0,
      "muR": 0.059999998674095646,
      "trns": 0.03,
      "fluorescence_decay": 2.9999999999989373,
      "lorentz_z": 0.0008092244694276425,
      "strain": 0.0008042135713188451,
      "pseudo_voigt_eta": 0.020010774191156322,
      "lorentz_size": 0.04,
      "macro_strain": -7.437150512546847e-08,
      "sample_displacement_sr": -0.00034450329987056254,
      "size_nm": 120.000000012,
      "delta_deg": -0.009912964306431212,
      "lorentz_strain": 0.01,
      "po_r": 1.0,
      "air_scatter_level": 0.1461015222355223,
      "b3": 0.0432420691277842,
      "scatter_sigma_deg": 8.71000011924601,
      "b4": 0.3214869132598108,
      "scatter_level": 1.2,
      "compton_level": 0.2379320599815969,
      "holder_scatter_center_deg": 5.668605970710705,
      "a": 0.698381173657362,
      "holder_scatter_level": 5.923627884824065,
      "scatter_center_deg": 19.321862660732773,
      "b5": -0.2926304449468966,
      "poisson_counts_max": 900.0,
      "air_scatter_floor": 0.08443665695996877,
      "b1": 0.11315698679682548,
      "b0": 11.368279039168328,
      "b2": -1.270661533294901,
      "holder_scatter_sigma_deg": 1.0004947738810661,
      "po_hkl_axis": [
        0.0,
        1.0,
        0.0
      ],
      "final_normalize": true
    },
    "synth_sampling_meta": {
      "family_name": "background",
      "slot": "background",
      "source_family": "opxrd_like",
      "preferred_source_family": "opxrd_like",
      "descriptor": {
        "phase_id": "mp-1096950",
        "formula": "Fe",
        "crystal_system": "hexagonal",
        "elements": [
          "Fe"
        ],
        "density_g_cm3": 7.230888881942776,
        "avg_z": 26.0,
        "max_z": 26.0,
        "heavy_fraction": 0.0,
        "transition_fraction": 1.0,
        "cell_lengths": [
          2.48900384,
          2.48900384,
          2.39034144
        ],
        "cell_angles": [
          90.0,
          90.0,
          120.00000000000001
        ],
        "cell_volume": 12.824537317315569,
        "cell_anisotropy": 1.0412754422230157,
        "anisotropy_index": 0.04127544222301571,
        "theoretical_peak_count": 6,
        "peak_density": 0.07058823529411765,
        "median_gap_deg": 8.260063171386719,
        "crowded_fraction": 0.0,
        "isolated_fraction": 1.0,
        "simple_topology": true,
        "preferred_po_axis": [
          0,
          0,
          1
        ],
        "fluorescence_bucket": "high",
        "absorption_bucket": "heavy"
      },
      "attempt": 1,
      "donor_rows": {
        "instrument": "1191__opxrd_000584__H1_Mg1_O1",
        "chemistry": "0610__rruff_R100002-1__C1_Mn1_O3",
        "microstructure": "0389__rruff_R060027-1__O1_Zn1",
        "orientation": "0456__rruff_R060421-1__Ca5_F1_O12_P3",
        "background": "0165__rruff_R050171-1__Cl1_O12_Pb5_V3"
      },
      "donor_rwp_percent": {
        "instrument": 5.159210709102735,
        "chemistry": 6.261299785075936,
        "microstructure": 24.453222087676167,
        "orientation": 15.272610154817642,
        "background": 21.88162695561263
      },
      "donor_peak_window_rwp": {
        "instrument": 5.48784949745101,
        "chemistry": 8.688202112182273,
        "microstructure": 21.08501543119881,
        "orientation": 21.636095490570618,
        "background": 20.7020729348177
      },
      "selected_sample_code": "1191__opxrd_000584__H1_Mg1_O1",
      "selected_peak_window_rwp": 5.48784949745101,
      "selected_peak_window_pearson": 0.9997162154875435,
      "selected_background_fraction": 0.4877952821040645
    },
    "original_sample_dir": "Fe_SG191",
    "original_cif_path": "phase.cif",
    "original_generated_xy_path": "generated.xy",
    "original_generation_params_json": "generation_params.json",
    "original_generation_quality_json": "generation_quality.json"
  },
  "quality": {
    "note": "These are theory-vs-generated synthetic quality indicators plus donor-template quality provenance. They are not Rietveld fit-to-experiment outputs.",
    "theory_vs_generated": {
      "profile_pearson": 0.8718015419138839,
      "profile_cosine": 0.7104162838765643,
      "rmse": 5.593087766649007,
      "mae": 4.830447217919413,
      "background_fraction_generated": 2.5252764523279,
      "top_peak_count_used": 6,
      "top_peak_height_log_mae": 3.8784303679120775,
      "top_peak_shift_abs_mean_deg": 0.11611475626627528,
      "peak_window_pearson": 0.8609467027348091,
      "peak_window_cosine": 0.8647207028863315
    },
    "donor_template_quality": {
      "selected_sample_code": "1191__opxrd_000584__H1_Mg1_O1",
      "selected_peak_window_rwp": 5.48784949745101,
      "selected_peak_window_pearson": 0.9997162154875435,
      "selected_background_fraction": 0.4877952821040645,
      "donor_rows": {
        "instrument": "1191__opxrd_000584__H1_Mg1_O1",
        "chemistry": "0610__rruff_R100002-1__C1_Mn1_O3",
        "microstructure": "0389__rruff_R060027-1__O1_Zn1",
        "orientation": "0456__rruff_R060421-1__Ca5_F1_O12_P3",
        "background": "0165__rruff_R050171-1__Cl1_O12_Pb5_V3"
      },
      "donor_rwp_percent": {
        "instrument": 5.159210709102735,
        "chemistry": 6.261299785075936,
        "microstructure": 24.453222087676167,
        "orientation": 15.272610154817642,
        "background": 21.88162695561263
      },
      "donor_peak_window_rwp": {
        "instrument": 5.48784949745101,
        "chemistry": 8.688202112182273,
        "microstructure": 21.08501543119881,
        "orientation": 21.636095490570618,
        "background": 20.7020729348177
      }
    }
  },
  "generation_tier": "strict_core"
}
