{
  "sample_name": "U4O21_29",
  "phase_id": "cod_9004444",
  "formula": "U4O21",
  "space_group": 29,
  "space_group_symbol": "Pca2_1",
  "crystal_system": "orthorhombic",
  "source_origin": "cod",
  "slot": "background",
  "formula_group_id": "O21|U4::sg::29",
  "descriptor": {
    "phase_id": "cod_9004444",
    "formula": "U4O21",
    "crystal_system": "orthorhombic",
    "elements": [
      "O",
      "U"
    ],
    "density_g_cm3": 4.818967113605072,
    "avg_z": 21.44,
    "max_z": 92.0,
    "heavy_fraction": 0.0,
    "transition_fraction": 0.0,
    "cell_lengths": [
      14.731,
      16.813,
      14.337
    ],
    "cell_angles": [
      90.0,
      90.0,
      90.0
    ],
    "cell_volume": 3550.8778081109995,
    "cell_anisotropy": 1.1727000069749598,
    "anisotropy_index": 0.1727000069749598,
    "theoretical_peak_count": 1272,
    "peak_density": 14.964705882352941,
    "median_gap_deg": 0.03619384765625,
    "crowded_fraction": 0.985051140833989,
    "isolated_fraction": 0.0023603461841070024,
    "simple_topology": false,
    "preferred_po_axis": [
      0,
      1,
      0
    ],
    "fluorescence_bucket": "none",
    "absorption_bucket": "heavy"
  },
  "generation": {
    "theta_min": 5.0,
    "theta_max": 90.0,
    "num_points": 8501,
    "template_rwp_percent": 20.116123150491998,
    "template_peak_window_rwp": 19.059785587552092,
    "template_peak_window_pearson": 0.9853439113269152,
    "synth_params": {
      "ka1": 1.5405929,
      "ka2": 1.5444274,
      "use_tch_profile": true,
      "sigma_scale": 0.915935817612402,
      "kb_ratio": 0.01500880233919089,
      "use_fcj_asymmetry": true,
      "detector_nonlinearity": 0.0,
      "use_ka2": true,
      "caglioti_u": 0.031390575609021656,
      "kb": 1.39225,
      "caglioti_w": 0.0018448797995058975,
      "detector_deadtime_coeff": 0.0,
      "axial_s_over_l": 0.0012,
      "sigma_min_deg": 0.008,
      "ka2_ratio": 0.48492173130236843,
      "caglioti_v": 0.007351125729718566,
      "sigma_deg": 0.01878969372542678,
      "use_kbeta": true,
      "beam_sample_ratio": 0.05,
      "fluorescence_level": 0.0,
      "muR": 0.04,
      "trns": 0.014574492475008654,
      "fluorescence_decay": 3.0,
      "lorentz_z": 4.374300440560386e-06,
      "strain": 1.5045518550967324e-08,
      "pseudo_voigt_eta": 0.1441946515399219,
      "lorentz_size": 0.0034112829804262778,
      "macro_strain": 0.00043048822320357604,
      "sample_displacement_sr": -0.0005919258371962724,
      "size_nm": 180.0,
      "delta_deg": -0.0030216092547030193,
      "lorentz_strain": 0.008,
      "po_r": 1.0,
      "air_scatter_level": 1.3367174280242036,
      "b3": 0.1494627138868337,
      "scatter_sigma_deg": 5.984483518472322,
      "b4": 0.31349578968097963,
      "scatter_level": 2.2363762161652336,
      "compton_level": 0.516782818939281,
      "holder_scatter_center_deg": 10.60642250903036,
      "a": 1.0,
      "holder_scatter_level": 1.0577727481551678,
      "scatter_center_deg": 5.426917278715111,
      "b5": -0.06738630997621678,
      "poisson_counts_max": 1433.1,
      "air_scatter_floor": 0.04082641065526568,
      "b1": 0.013887990559719171,
      "b0": 2.5647520622654447,
      "b2": -1.1971163201166726,
      "holder_scatter_sigma_deg": 6.074065463208637,
      "po_hkl_axis": [
        0.0,
        1.0,
        0.0
      ],
      "final_normalize": true
    },
    "synth_sampling_meta": {
      "family_name": "background",
      "slot": "background",
      "source_family": "opxrd_like",
      "preferred_source_family": "opxrd_like",
      "descriptor": {
        "phase_id": "cod_9004444",
        "formula": "U4O21",
        "crystal_system": "orthorhombic",
        "elements": [
          "O",
          "U"
        ],
        "density_g_cm3": 4.818967113605072,
        "avg_z": 21.44,
        "max_z": 92.0,
        "heavy_fraction": 0.0,
        "transition_fraction": 0.0,
        "cell_lengths": [
          14.731,
          16.813,
          14.337
        ],
        "cell_angles": [
          90.0,
          90.0,
          90.0
        ],
        "cell_volume": 3550.8778081109995,
        "cell_anisotropy": 1.1727000069749598,
        "anisotropy_index": 0.1727000069749598,
        "theoretical_peak_count": 1272,
        "peak_density": 14.964705882352941,
        "median_gap_deg": 0.03619384765625,
        "crowded_fraction": 0.985051140833989,
        "isolated_fraction": 0.0023603461841070024,
        "simple_topology": false,
        "preferred_po_axis": [
          0,
          1,
          0
        ],
        "fluorescence_bucket": "none",
        "absorption_bucket": "heavy"
      },
      "attempt": 1,
      "donor_rows": {
        "instrument": "1191__opxrd_000584__H1_Mg1_O1",
        "chemistry": "0607__rruff_R090034-1__F6_K1_Na1_Si1",
        "microstructure": "0041__rruff_R040073-1__Al2_Be1_O4",
        "orientation": "0607__rruff_R090034-1__F6_K1_Na1_Si1",
        "background": "0152__rruff_R050128-1__C1_Ca1_O3"
      },
      "donor_rwp_percent": {
        "instrument": 5.159210709102735,
        "chemistry": 25.289984456519914,
        "microstructure": 21.50594762145123,
        "orientation": 25.289984456519914,
        "background": 10.060210456264361
      },
      "donor_peak_window_rwp": {
        "instrument": 5.48784949745101,
        "chemistry": 24.951723644317994,
        "microstructure": 21.59440755253815,
        "orientation": 24.951723644317994,
        "background": 12.829743047113176
      },
      "selected_sample_code": "1191__opxrd_000584__H1_Mg1_O1",
      "selected_peak_window_rwp": 5.48784949745101,
      "selected_peak_window_pearson": 0.9997162154875435,
      "selected_background_fraction": 0.43711059782680073
    },
    "original_sample_dir": "U4O21_SG29",
    "original_cif_path": "phase.cif",
    "original_generated_xy_path": "generated.xy",
    "original_generation_params_json": "generation_params.json",
    "original_generation_quality_json": "generation_quality.json"
  },
  "quality": {
    "note": "These are theory-vs-generated synthetic quality indicators plus donor-template quality provenance. They are not Rietveld fit-to-experiment outputs.",
    "theory_vs_generated": {
      "profile_pearson": 0.7328216422646989,
      "profile_cosine": 0.7291737948272938,
      "rmse": 3.2751056548765023,
      "mae": 1.556801331653984,
      "background_fraction_generated": 3.006741034517302,
      "top_peak_count_used": 20,
      "top_peak_height_log_mae": 2.7491373275570714,
      "top_peak_shift_abs_mean_deg": 0.13935134506225638,
      "peak_window_pearson": 0.6932942762170724,
      "peak_window_cosine": 0.7447534290812449
    },
    "donor_template_quality": {
      "selected_sample_code": "1191__opxrd_000584__H1_Mg1_O1",
      "selected_peak_window_rwp": 5.48784949745101,
      "selected_peak_window_pearson": 0.9997162154875435,
      "selected_background_fraction": 0.43711059782680073,
      "donor_rows": {
        "instrument": "1191__opxrd_000584__H1_Mg1_O1",
        "chemistry": "0607__rruff_R090034-1__F6_K1_Na1_Si1",
        "microstructure": "0041__rruff_R040073-1__Al2_Be1_O4",
        "orientation": "0607__rruff_R090034-1__F6_K1_Na1_Si1",
        "background": "0152__rruff_R050128-1__C1_Ca1_O3"
      },
      "donor_rwp_percent": {
        "instrument": 5.159210709102735,
        "chemistry": 25.289984456519914,
        "microstructure": 21.50594762145123,
        "orientation": 25.289984456519914,
        "background": 10.060210456264361
      },
      "donor_peak_window_rwp": {
        "instrument": 5.48784949745101,
        "chemistry": 24.951723644317994,
        "microstructure": 21.59440755253815,
        "orientation": 24.951723644317994,
        "background": 12.829743047113176
      }
    }
  },
  "generation_tier": "strict_core"
}
