{
  "sample_name": "Al3P2O17_33",
  "phase_id": "cod_1541747",
  "formula": "Al3P2O17",
  "space_group": 33,
  "space_group_symbol": "Pna2_1",
  "crystal_system": "orthorhombic",
  "source_origin": "cod",
  "slot": "profile",
  "formula_group_id": "Al3|O17|P2::sg::33",
  "descriptor": {
    "phase_id": "cod_1541747",
    "formula": "Al3P2O17",
    "crystal_system": "orthorhombic",
    "elements": [
      "Al",
      "O",
      "P"
    ],
    "density_g_cm3": 2.3846253467643557,
    "avg_z": 9.318181818181818,
    "max_z": 15.0,
    "heavy_fraction": 0.0,
    "transition_fraction": 0.0,
    "cell_lengths": [
      6.98,
      9.57,
      17.3
    ],
    "cell_angles": [
      90.0,
      90.0,
      90.0
    ],
    "cell_volume": 1155.61578,
    "cell_anisotropy": 2.4785100286532953,
    "anisotropy_index": 1.4785100286532953,
    "theoretical_peak_count": 492,
    "peak_density": 5.788235294117647,
    "median_gap_deg": 0.08745574951171875,
    "crowded_fraction": 0.9083503054989817,
    "isolated_fraction": 0.008146639511201629,
    "simple_topology": false,
    "preferred_po_axis": [
      0,
      0,
      1
    ],
    "fluorescence_bucket": "none",
    "absorption_bucket": "light"
  },
  "generation": {
    "theta_min": 5.0,
    "theta_max": 90.0,
    "num_points": 8501,
    "template_rwp_percent": 13.402713244316242,
    "template_peak_window_rwp": 13.36610465902315,
    "template_peak_window_pearson": 0.9814392226643239,
    "synth_params": {
      "ka1": 1.5405929,
      "ka2": 1.5444274,
      "use_tch_profile": true,
      "sigma_scale": 0.915935817612402,
      "kb_ratio": 0.01500880233919089,
      "use_fcj_asymmetry": true,
      "detector_nonlinearity": 0.0,
      "use_ka2": true,
      "caglioti_u": 0.031390575609021656,
      "kb": 1.39225,
      "caglioti_w": 0.0018448797995058975,
      "detector_deadtime_coeff": 0.0,
      "axial_s_over_l": 0.0012,
      "sigma_min_deg": 0.008,
      "ka2_ratio": 0.48492173130236843,
      "caglioti_v": 0.007351125729718566,
      "sigma_deg": 0.019353384537189586,
      "use_kbeta": true,
      "beam_sample_ratio": 0.05,
      "fluorescence_level": 0.0,
      "muR": 0.0,
      "trns": 0.0,
      "fluorescence_decay": 3.0,
      "lorentz_z": 0.0003494793788265509,
      "strain": 0.001755533258727417,
      "pseudo_voigt_eta": 0.24288310120542217,
      "lorentz_size": 0.019069637230009522,
      "macro_strain": 0.0002712868795529252,
      "sample_displacement_sr": -0.0006055468525743351,
      "size_nm": 180.0,
      "delta_deg": -0.016335066137269483,
      "lorentz_strain": 0.009,
      "po_r": 1.0,
      "air_scatter_level": 1.1317157962589088,
      "b3": 0.013441232819228792,
      "scatter_sigma_deg": 3.5230052252758526,
      "b4": 0.021581388592042686,
      "scatter_level": 2.0549269970645523,
      "compton_level": 0.8313766633252982,
      "holder_scatter_center_deg": 5.654287527893903,
      "a": 1.3881807116231781,
      "holder_scatter_level": 1.7052940695239986,
      "scatter_center_deg": 3.7915067716213016,
      "b5": -0.01849730586595701,
      "poisson_counts_max": 1200.0,
      "air_scatter_floor": 0.017449409050414196,
      "b1": -0.33168271270491245,
      "b0": 4.384024098119026,
      "b2": -1.5446800966964673,
      "holder_scatter_sigma_deg": 6.049551488904144,
      "po_hkl_axis": [
        1.0,
        0.0,
        0.0
      ],
      "final_normalize": true
    },
    "synth_sampling_meta": {
      "family_name": "profile",
      "slot": "profile",
      "source_family": "opxrd_like",
      "preferred_source_family": "opxrd_like",
      "descriptor": {
        "phase_id": "cod_1541747",
        "formula": "Al3P2O17",
        "crystal_system": "orthorhombic",
        "elements": [
          "Al",
          "O",
          "P"
        ],
        "density_g_cm3": 2.3846253467643557,
        "avg_z": 9.318181818181818,
        "max_z": 15.0,
        "heavy_fraction": 0.0,
        "transition_fraction": 0.0,
        "cell_lengths": [
          6.98,
          9.57,
          17.3
        ],
        "cell_angles": [
          90.0,
          90.0,
          90.0
        ],
        "cell_volume": 1155.61578,
        "cell_anisotropy": 2.4785100286532953,
        "anisotropy_index": 1.4785100286532953,
        "theoretical_peak_count": 492,
        "peak_density": 5.788235294117647,
        "median_gap_deg": 0.08745574951171875,
        "crowded_fraction": 0.9083503054989817,
        "isolated_fraction": 0.008146639511201629,
        "simple_topology": false,
        "preferred_po_axis": [
          0,
          0,
          1
        ],
        "fluorescence_bucket": "none",
        "absorption_bucket": "light"
      },
      "attempt": 1,
      "donor_rows": {
        "instrument": "1191__opxrd_000584__H1_Mg1_O1",
        "chemistry": "1191__opxrd_000584__H1_Mg1_O1",
        "microstructure": "0005__rruff_R040007-1__O4_S1_Sr1",
        "orientation": "0453__rruff_R060409-1__Al1_As1_H4_O6",
        "background": "0091__rruff_R040183-1__Na2_O4_S1"
      },
      "donor_rwp_percent": {
        "instrument": 5.159210709102735,
        "chemistry": 5.159210709102735,
        "microstructure": 20.116123150491998,
        "orientation": 17.010113375270937,
        "background": 26.07834482842284
      },
      "donor_peak_window_rwp": {
        "instrument": 5.48784949745101,
        "chemistry": 5.48784949745101,
        "microstructure": 19.059785587552092,
        "orientation": 16.7700543319154,
        "background": 23.02991917058872
      },
      "selected_sample_code": "1191__opxrd_000584__H1_Mg1_O1",
      "selected_peak_window_rwp": 5.48784949745101,
      "selected_peak_window_pearson": 0.9997162154875435,
      "selected_background_fraction": 0.3603517240531443
    },
    "original_sample_dir": "Al3P2O17_SG33",
    "original_cif_path": "phase.cif",
    "original_generated_xy_path": "generated.xy",
    "original_generation_params_json": "generation_params.json",
    "original_generation_quality_json": "generation_quality.json"
  },
  "quality": {
    "note": "These are theory-vs-generated synthetic quality indicators plus donor-template quality provenance. They are not Rietveld fit-to-experiment outputs.",
    "theory_vs_generated": {
      "profile_pearson": 0.8023177464496521,
      "profile_cosine": 0.8068341456568741,
      "rmse": 5.791123980517494,
      "mae": 3.245724181794847,
      "background_fraction_generated": 1.5875262803991717,
      "top_peak_count_used": 20,
      "top_peak_height_log_mae": 0.5376673492868436,
      "top_peak_shift_abs_mean_deg": 0.07690506744384731,
      "peak_window_pearson": 0.7700733194362815,
      "peak_window_cosine": 0.8162214369311257
    },
    "donor_template_quality": {
      "selected_sample_code": "1191__opxrd_000584__H1_Mg1_O1",
      "selected_peak_window_rwp": 5.48784949745101,
      "selected_peak_window_pearson": 0.9997162154875435,
      "selected_background_fraction": 0.3603517240531443,
      "donor_rows": {
        "instrument": "1191__opxrd_000584__H1_Mg1_O1",
        "chemistry": "1191__opxrd_000584__H1_Mg1_O1",
        "microstructure": "0005__rruff_R040007-1__O4_S1_Sr1",
        "orientation": "0453__rruff_R060409-1__Al1_As1_H4_O6",
        "background": "0091__rruff_R040183-1__Na2_O4_S1"
      },
      "donor_rwp_percent": {
        "instrument": 5.159210709102735,
        "chemistry": 5.159210709102735,
        "microstructure": 20.116123150491998,
        "orientation": 17.010113375270937,
        "background": 26.07834482842284
      },
      "donor_peak_window_rwp": {
        "instrument": 5.48784949745101,
        "chemistry": 5.48784949745101,
        "microstructure": 19.059785587552092,
        "orientation": 16.7700543319154,
        "background": 23.02991917058872
      }
    }
  },
  "generation_tier": "strict_core"
}
