{
  "sample_name": "Ca_229",
  "phase_id": "mp-21",
  "formula": "Ca",
  "space_group": 229,
  "space_group_symbol": "Im-3m",
  "crystal_system": "cubic",
  "source_origin": "materials_project",
  "slot": "profile",
  "formula_group_id": "Ca1::sg::229",
  "descriptor": {
    "phase_id": "mp-21",
    "formula": "Ca",
    "crystal_system": "cubic",
    "elements": [
      "Ca"
    ],
    "density_g_cm3": 1.5579095887811787,
    "avg_z": 20.0,
    "max_z": 20.0,
    "heavy_fraction": 0.0,
    "transition_fraction": 0.0,
    "cell_lengths": [
      3.81485366,
      3.81485366,
      3.81371823
    ],
    "cell_angles": [
      109.359848,
      109.35984723000001,
      109.70620608
    ],
    "cell_volume": 42.718194485369075,
    "cell_anisotropy": 1.0002977225719163,
    "anisotropy_index": 0.00029772257191629237,
    "theoretical_peak_count": 26,
    "peak_density": 0.3058823529411765,
    "median_gap_deg": 0.10036849975585938,
    "crowded_fraction": 0.68,
    "isolated_fraction": 0.28,
    "simple_topology": false,
    "preferred_po_axis": [
      0,
      0,
      1
    ],
    "fluorescence_bucket": "none",
    "absorption_bucket": "medium"
  },
  "generation": {
    "theta_min": 5.0,
    "theta_max": 90.0,
    "num_points": 8501,
    "template_rwp_percent": 10.288086505008508,
    "template_peak_window_rwp": 11.23083456145956,
    "template_peak_window_pearson": 0.9846983723286876,
    "synth_params": {
      "ka1": 1.5405929,
      "ka2": 1.5444274,
      "use_tch_profile": true,
      "sigma_scale": 0.915935817612402,
      "kb_ratio": 0.01500880233919089,
      "use_fcj_asymmetry": true,
      "detector_nonlinearity": 0.0,
      "use_ka2": true,
      "caglioti_u": 0.031390575609021656,
      "kb": 1.39225,
      "caglioti_w": 0.0018448797995058975,
      "detector_deadtime_coeff": 0.0,
      "axial_s_over_l": 0.0012,
      "sigma_min_deg": 0.008,
      "ka2_ratio": 0.48492173130236843,
      "caglioti_v": 0.007351125729718566,
      "sigma_deg": 0.019353384537189586,
      "use_kbeta": true,
      "beam_sample_ratio": 0.05,
      "fluorescence_level": 0.0,
      "muR": 0.01,
      "trns": 0.08,
      "fluorescence_decay": 3.0,
      "lorentz_z": 9.999183092597127e-09,
      "strain": 0.0019532790185677255,
      "pseudo_voigt_eta": 0.3469797754382459,
      "lorentz_size": 9.63029680966903e-05,
      "macro_strain": 0.00046701964471467736,
      "sample_displacement_sr": -0.00024604722032811214,
      "size_nm": 180.0,
      "delta_deg": -0.011596472898346758,
      "lorentz_strain": 0.009,
      "po_r": 1.0,
      "air_scatter_level": 1.5907038977871186,
      "b3": 0.02283175349618308,
      "scatter_sigma_deg": 5.156430802775118,
      "b4": 0.32860030236424476,
      "scatter_level": 3.1759909709444933,
      "compton_level": 0.4800825260672018,
      "holder_scatter_center_deg": 11.91413576601708,
      "a": 1.0,
      "holder_scatter_level": 0.6919050589280804,
      "scatter_center_deg": 8.146391564318778,
      "b5": -0.20459406095561344,
      "poisson_counts_max": 1251.1499999999999,
      "air_scatter_floor": 0.09672719916061455,
      "b1": 1.2222283252149024,
      "b0": 0.27781991930384115,
      "b2": -0.6422657954948048,
      "holder_scatter_sigma_deg": 8.413581288058332,
      "po_hkl_axis": [
        0.0,
        1.0,
        0.0
      ],
      "final_normalize": true
    },
    "synth_sampling_meta": {
      "family_name": "profile",
      "slot": "profile",
      "source_family": "opxrd_like",
      "preferred_source_family": "opxrd_like",
      "descriptor": {
        "phase_id": "mp-21",
        "formula": "Ca",
        "crystal_system": "cubic",
        "elements": [
          "Ca"
        ],
        "density_g_cm3": 1.5579095887811787,
        "avg_z": 20.0,
        "max_z": 20.0,
        "heavy_fraction": 0.0,
        "transition_fraction": 0.0,
        "cell_lengths": [
          3.81485366,
          3.81485366,
          3.81371823
        ],
        "cell_angles": [
          109.359848,
          109.35984723000001,
          109.70620608
        ],
        "cell_volume": 42.718194485369075,
        "cell_anisotropy": 1.0002977225719163,
        "anisotropy_index": 0.00029772257191629237,
        "theoretical_peak_count": 26,
        "peak_density": 0.3058823529411765,
        "median_gap_deg": 0.10036849975585938,
        "crowded_fraction": 0.68,
        "isolated_fraction": 0.28,
        "simple_topology": false,
        "preferred_po_axis": [
          0,
          0,
          1
        ],
        "fluorescence_bucket": "none",
        "absorption_bucket": "medium"
      },
      "attempt": 1,
      "donor_rows": {
        "instrument": "1191__opxrd_000584__H1_Mg1_O1",
        "chemistry": "0035__rruff_R040065-1__Al2_Ca3_O12_Si3",
        "microstructure": "0263__rruff_R050383-1__As2_O3",
        "orientation": "0113__rruff_R050045-1__Ca1_F2",
        "background": "0098__rruff_R050009-1__C1_Ca1_O3"
      },
      "donor_rwp_percent": {
        "instrument": 5.159210709102735,
        "chemistry": 22.622475049937155,
        "microstructure": 17.41046189245676,
        "orientation": 10.345769455766266,
        "background": 10.473963597060688
      },
      "donor_peak_window_rwp": {
        "instrument": 5.48784949745101,
        "chemistry": 21.833382787012113,
        "microstructure": 12.218284496370515,
        "orientation": 11.85177861797737,
        "background": 13.939634579044661
      },
      "selected_sample_code": "1191__opxrd_000584__H1_Mg1_O1",
      "selected_peak_window_rwp": 5.48784949745101,
      "selected_peak_window_pearson": 0.9997162154875435,
      "selected_background_fraction": 0.33789056758532876
    },
    "original_sample_dir": "Ca_SG229",
    "original_cif_path": "phase.cif",
    "original_generated_xy_path": "generated.xy",
    "original_generation_params_json": "generation_params.json",
    "original_generation_quality_json": "generation_quality.json"
  },
  "quality": {
    "note": "These are theory-vs-generated synthetic quality indicators plus donor-template quality provenance. They are not Rietveld fit-to-experiment outputs.",
    "theory_vs_generated": {
      "profile_pearson": 0.9381520148320759,
      "profile_cosine": 0.9254354353320845,
      "rmse": 1.8867453773872078,
      "mae": 0.9197795979269842,
      "background_fraction_generated": 3.6232482923633413,
      "top_peak_count_used": 20,
      "top_peak_height_log_mae": 0.34473576445756343,
      "top_peak_shift_abs_mean_deg": 0.08766577911377098,
      "peak_window_pearson": 0.939881347068745,
      "peak_window_cosine": 0.9405113062874578
    },
    "donor_template_quality": {
      "selected_sample_code": "1191__opxrd_000584__H1_Mg1_O1",
      "selected_peak_window_rwp": 5.48784949745101,
      "selected_peak_window_pearson": 0.9997162154875435,
      "selected_background_fraction": 0.33789056758532876,
      "donor_rows": {
        "instrument": "1191__opxrd_000584__H1_Mg1_O1",
        "chemistry": "0035__rruff_R040065-1__Al2_Ca3_O12_Si3",
        "microstructure": "0263__rruff_R050383-1__As2_O3",
        "orientation": "0113__rruff_R050045-1__Ca1_F2",
        "background": "0098__rruff_R050009-1__C1_Ca1_O3"
      },
      "donor_rwp_percent": {
        "instrument": 5.159210709102735,
        "chemistry": 22.622475049937155,
        "microstructure": 17.41046189245676,
        "orientation": 10.345769455766266,
        "background": 10.473963597060688
      },
      "donor_peak_window_rwp": {
        "instrument": 5.48784949745101,
        "chemistry": 21.833382787012113,
        "microstructure": 12.218284496370515,
        "orientation": 11.85177861797737,
        "background": 13.939634579044661
      }
    }
  },
  "generation_tier": "strict_core"
}
