{
  "sample_name": "TlF_69",
  "phase_id": "cod_1010462",
  "formula": "TlF",
  "space_group": 69,
  "space_group_symbol": "Fmmm",
  "crystal_system": "orthorhombic",
  "source_origin": "cod",
  "slot": "background",
  "formula_group_id": "F1|Tl1::sg::69",
  "descriptor": {
    "phase_id": "cod_1010462",
    "formula": "TlF",
    "crystal_system": "orthorhombic",
    "elements": [
      "F",
      "Tl"
    ],
    "density_g_cm3": 8.573450634804518,
    "avg_z": 45.0,
    "max_z": 81.0,
    "heavy_fraction": 0.5,
    "transition_fraction": 0.0,
    "cell_lengths": [
      5.18,
      5.495,
      6.08
    ],
    "cell_angles": [
      90.0,
      90.0,
      90.0
    ],
    "cell_volume": 173.061728,
    "cell_anisotropy": 1.1737451737451738,
    "anisotropy_index": 0.17374517374517384,
    "theoretical_peak_count": 27,
    "peak_density": 0.3176470588235294,
    "median_gap_deg": 1.8033485412597656,
    "crowded_fraction": 0.038461538461538464,
    "isolated_fraction": 0.7307692307692307,
    "simple_topology": false,
    "preferred_po_axis": [
      0,
      0,
      1
    ],
    "fluorescence_bucket": "none",
    "absorption_bucket": "heavy"
  },
  "generation": {
    "theta_min": 5.0,
    "theta_max": 90.0,
    "num_points": 8501,
    "template_rwp_percent": 20.116123150491998,
    "template_peak_window_rwp": 19.059785587552092,
    "template_peak_window_pearson": 0.9853439113269152,
    "synth_params": {
      "ka1": 1.5405929,
      "ka2": 1.5444274,
      "use_tch_profile": true,
      "sigma_scale": 0.915935817612402,
      "kb_ratio": 0.01500880233919089,
      "use_fcj_asymmetry": true,
      "detector_nonlinearity": 0.0,
      "use_ka2": true,
      "caglioti_u": 0.031390575609021656,
      "kb": 1.39225,
      "caglioti_w": 0.0018448797995058975,
      "detector_deadtime_coeff": 0.0,
      "axial_s_over_l": 0.0012,
      "sigma_min_deg": 0.008,
      "ka2_ratio": 0.48492173130236843,
      "caglioti_v": 0.007351125729718566,
      "sigma_deg": 0.01878969372542678,
      "use_kbeta": true,
      "beam_sample_ratio": 0.05,
      "fluorescence_level": 0.0,
      "muR": 0.04,
      "trns": 0.03,
      "fluorescence_decay": 3.0,
      "lorentz_z": 4.374300440560386e-06,
      "strain": 1.5045518550967324e-08,
      "pseudo_voigt_eta": 0.1441946515399219,
      "lorentz_size": 0.0034112829804262778,
      "macro_strain": 0.00043048822320357604,
      "sample_displacement_sr": -0.0005919258371962724,
      "size_nm": 201.92148790939385,
      "delta_deg": -0.0030216092547030193,
      "lorentz_strain": 0.01,
      "po_r": 1.0,
      "air_scatter_level": 0.7139792594063386,
      "b3": -0.04872237433107281,
      "scatter_sigma_deg": 2.2583688487306652,
      "b4": 0.1364423749623873,
      "scatter_level": 3.695504108803273,
      "compton_level": 0.23360799296820364,
      "holder_scatter_center_deg": 5.78036605717369,
      "a": 1.0,
      "holder_scatter_level": 1.5985748797994401,
      "scatter_center_deg": 5.302464669838223,
      "b5": -0.12461092533998804,
      "poisson_counts_max": 900.0,
      "air_scatter_floor": 0.06516165473752253,
      "b1": -1.5511849383985776,
      "b0": 11.17226668388641,
      "b2": -1.4459711918921787,
      "holder_scatter_sigma_deg": 5.814464224457437,
      "po_hkl_axis": [
        1.0,
        0.0,
        0.0
      ],
      "final_normalize": true
    },
    "synth_sampling_meta": {
      "family_name": "background",
      "slot": "background",
      "source_family": "opxrd_like",
      "preferred_source_family": "opxrd_like",
      "descriptor": {
        "phase_id": "cod_1010462",
        "formula": "TlF",
        "crystal_system": "orthorhombic",
        "elements": [
          "F",
          "Tl"
        ],
        "density_g_cm3": 8.573450634804518,
        "avg_z": 45.0,
        "max_z": 81.0,
        "heavy_fraction": 0.5,
        "transition_fraction": 0.0,
        "cell_lengths": [
          5.18,
          5.495,
          6.08
        ],
        "cell_angles": [
          90.0,
          90.0,
          90.0
        ],
        "cell_volume": 173.061728,
        "cell_anisotropy": 1.1737451737451738,
        "anisotropy_index": 0.17374517374517384,
        "theoretical_peak_count": 27,
        "peak_density": 0.3176470588235294,
        "median_gap_deg": 1.8033485412597656,
        "crowded_fraction": 0.038461538461538464,
        "isolated_fraction": 0.7307692307692307,
        "simple_topology": false,
        "preferred_po_axis": [
          0,
          0,
          1
        ],
        "fluorescence_bucket": "none",
        "absorption_bucket": "heavy"
      },
      "attempt": 1,
      "donor_rows": {
        "instrument": "1191__opxrd_000584__H1_Mg1_O1",
        "chemistry": "0453__rruff_R060409-1__Al1_As1_H4_O6",
        "microstructure": "0041__rruff_R040073-1__Al2_Be1_O4",
        "orientation": "0453__rruff_R060409-1__Al1_As1_H4_O6",
        "background": "0088__rruff_R040178-1__Na2_O4_S1"
      },
      "donor_rwp_percent": {
        "instrument": 5.159210709102735,
        "chemistry": 17.010113375270937,
        "microstructure": 21.50594762145123,
        "orientation": 17.010113375270937,
        "background": 28.76319790374425
      },
      "donor_peak_window_rwp": {
        "instrument": 5.48784949745101,
        "chemistry": 16.7700543319154,
        "microstructure": 21.59440755253815,
        "orientation": 16.7700543319154,
        "background": 23.51930657976824
      },
      "selected_sample_code": "1191__opxrd_000584__H1_Mg1_O1",
      "selected_peak_window_rwp": 5.48784949745101,
      "selected_peak_window_pearson": 0.9997162154875435,
      "selected_background_fraction": 0.5419498921769835
    },
    "original_sample_dir": "TlF_SG69",
    "original_cif_path": "phase.cif",
    "original_generated_xy_path": "generated.xy",
    "original_generation_params_json": "generation_params.json",
    "original_generation_quality_json": "generation_quality.json"
  },
  "quality": {
    "note": "These are theory-vs-generated synthetic quality indicators plus donor-template quality provenance. They are not Rietveld fit-to-experiment outputs.",
    "theory_vs_generated": {
      "profile_pearson": 0.8374567893453534,
      "profile_cosine": 0.7732591642594276,
      "rmse": 3.16678307589066,
      "mae": 2.30468553425737,
      "background_fraction_generated": 4.882613275695206,
      "top_peak_count_used": 20,
      "top_peak_height_log_mae": 10.79527655419614,
      "top_peak_shift_abs_mean_deg": 0.19552265548705988,
      "peak_window_pearson": 0.8233345437941954,
      "peak_window_cosine": 0.8381026165379561
    },
    "donor_template_quality": {
      "selected_sample_code": "1191__opxrd_000584__H1_Mg1_O1",
      "selected_peak_window_rwp": 5.48784949745101,
      "selected_peak_window_pearson": 0.9997162154875435,
      "selected_background_fraction": 0.5419498921769835,
      "donor_rows": {
        "instrument": "1191__opxrd_000584__H1_Mg1_O1",
        "chemistry": "0453__rruff_R060409-1__Al1_As1_H4_O6",
        "microstructure": "0041__rruff_R040073-1__Al2_Be1_O4",
        "orientation": "0453__rruff_R060409-1__Al1_As1_H4_O6",
        "background": "0088__rruff_R040178-1__Na2_O4_S1"
      },
      "donor_rwp_percent": {
        "instrument": 5.159210709102735,
        "chemistry": 17.010113375270937,
        "microstructure": 21.50594762145123,
        "orientation": 17.010113375270937,
        "background": 28.76319790374425
      },
      "donor_peak_window_rwp": {
        "instrument": 5.48784949745101,
        "chemistry": 16.7700543319154,
        "microstructure": 21.59440755253815,
        "orientation": 16.7700543319154,
        "background": 23.51930657976824
      }
    }
  },
  "generation_tier": "strict_core"
}
