{
  "sample_name": "Mg39(Si7O30)4_6",
  "phase_id": "cod_9014625",
  "formula": "Mg39(Si7O30)4",
  "space_group": 6,
  "space_group_symbol": "Pm",
  "crystal_system": "monoclinic",
  "source_origin": "cod",
  "slot": "profile",
  "formula_group_id": "Mg39|O120|Si28::sg::6",
  "descriptor": {
    "phase_id": "cod_9014625",
    "formula": "Mg39(Si7O30)4",
    "crystal_system": "monoclinic",
    "elements": [
      "Mg",
      "O",
      "Si"
    ],
    "density_g_cm3": 2.5822077374096675,
    "avg_z": 9.732620320855615,
    "max_z": 14.0,
    "heavy_fraction": 0.0,
    "transition_fraction": 0.0,
    "cell_lengths": [
      7.27,
      9.23,
      35.02
    ],
    "cell_angles": [
      90.0,
      90.0,
      90.0
    ],
    "cell_volume": 2349.915542,
    "cell_anisotropy": 4.817056396148557,
    "anisotropy_index": 3.8170563961485566,
    "theoretical_peak_count": 1076,
    "peak_density": 12.658823529411764,
    "median_gap_deg": 0.04584503173828125,
    "crowded_fraction": 0.9748837209302326,
    "isolated_fraction": 0.0037209302325581397,
    "simple_topology": false,
    "preferred_po_axis": [
      0,
      0,
      1
    ],
    "fluorescence_bucket": "none",
    "absorption_bucket": "light"
  },
  "generation": {
    "theta_min": 5.0,
    "theta_max": 90.0,
    "num_points": 8501,
    "template_rwp_percent": 11.336277291932815,
    "template_peak_window_rwp": 11.208554719735723,
    "template_peak_window_pearson": 0.9683505557392063,
    "synth_params": {
      "ka1": 1.5405929,
      "ka2": 1.5444274,
      "use_tch_profile": true,
      "sigma_scale": 0.915935817612402,
      "kb_ratio": 0.01500880233919089,
      "use_fcj_asymmetry": true,
      "detector_nonlinearity": 0.0,
      "use_ka2": true,
      "caglioti_u": 0.031390575609021656,
      "kb": 1.39225,
      "caglioti_w": 0.0018448797995058975,
      "detector_deadtime_coeff": 0.0,
      "axial_s_over_l": 0.0012,
      "sigma_min_deg": 0.008,
      "ka2_ratio": 0.48492173130236843,
      "caglioti_v": 0.007351125729718566,
      "sigma_deg": 0.019353384537189586,
      "use_kbeta": true,
      "beam_sample_ratio": 0.05,
      "fluorescence_level": 0.0,
      "muR": 0.0,
      "trns": 0.0,
      "fluorescence_decay": 3.0,
      "lorentz_z": 9.999999710217413e-09,
      "strain": 0.0013335595215187993,
      "pseudo_voigt_eta": -0.04980077989681021,
      "lorentz_size": 0.032,
      "macro_strain": 0.0,
      "sample_displacement_sr": -0.0008597662925597733,
      "size_nm": 180.0,
      "delta_deg": -0.009730343845385396,
      "lorentz_strain": 0.004293731372071608,
      "po_r": 1.0,
      "air_scatter_level": 1e-08,
      "b3": -0.1848624278005454,
      "scatter_sigma_deg": 6.0,
      "b4": 0.20595308036552476,
      "scatter_level": 1e-08,
      "compton_level": 1e-08,
      "holder_scatter_center_deg": 15.0,
      "a": 2.456521703905162,
      "holder_scatter_level": 1e-08,
      "scatter_center_deg": 15.0,
      "b5": -1.0196444166448001e-06,
      "poisson_counts_max": 3486.5,
      "air_scatter_floor": 0.05,
      "b1": -4.44554467722384,
      "b0": 21.288767814184258,
      "b2": -1.9952642435986017,
      "holder_scatter_sigma_deg": 4.0,
      "po_hkl_axis": [
        0.0,
        1.0,
        0.0
      ],
      "final_normalize": true
    },
    "synth_sampling_meta": {
      "family_name": "profile",
      "slot": "profile",
      "source_family": "opxrd_like",
      "preferred_source_family": "opxrd_like",
      "descriptor": {
        "phase_id": "cod_9014625",
        "formula": "Mg39(Si7O30)4",
        "crystal_system": "monoclinic",
        "elements": [
          "Mg",
          "O",
          "Si"
        ],
        "density_g_cm3": 2.5822077374096675,
        "avg_z": 9.732620320855615,
        "max_z": 14.0,
        "heavy_fraction": 0.0,
        "transition_fraction": 0.0,
        "cell_lengths": [
          7.27,
          9.23,
          35.02
        ],
        "cell_angles": [
          90.0,
          90.0,
          90.0
        ],
        "cell_volume": 2349.915542,
        "cell_anisotropy": 4.817056396148557,
        "anisotropy_index": 3.8170563961485566,
        "theoretical_peak_count": 1076,
        "peak_density": 12.658823529411764,
        "median_gap_deg": 0.04584503173828125,
        "crowded_fraction": 0.9748837209302326,
        "isolated_fraction": 0.0037209302325581397,
        "simple_topology": false,
        "preferred_po_axis": [
          0,
          0,
          1
        ],
        "fluorescence_bucket": "none",
        "absorption_bucket": "light"
      },
      "attempt": 1,
      "donor_rows": {
        "instrument": "1191__opxrd_000584__H1_Mg1_O1",
        "chemistry": "0322__rruff_R050504-1__Al3_H4_Na1_O12_P2",
        "microstructure": "0322__rruff_R050504-1__Al3_H4_Na1_O12_P2",
        "orientation": "0210__rruff_R050271-1__Cl1_H1_O1_Pb1",
        "background": "1191__opxrd_000584__H1_Mg1_O1"
      },
      "donor_rwp_percent": {
        "instrument": 5.159210709102735,
        "chemistry": 11.633403992332628,
        "microstructure": 11.633403992332628,
        "orientation": 25.338439575433597,
        "background": 5.159210709102735
      },
      "donor_peak_window_rwp": {
        "instrument": 5.48784949745101,
        "chemistry": 16.797295087846315,
        "microstructure": 16.797295087846315,
        "orientation": 23.05752320588076,
        "background": 5.48784949745101
      },
      "selected_sample_code": "1191__opxrd_000584__H1_Mg1_O1",
      "selected_peak_window_rwp": 5.48784949745101,
      "selected_peak_window_pearson": 0.9997162154875435,
      "selected_background_fraction": 0.5127638626915709
    },
    "original_sample_dir": "Mg39(Si7O30)4_SG6",
    "original_cif_path": "phase.cif",
    "original_generated_xy_path": "generated.xy",
    "original_generation_params_json": "generation_params.json",
    "original_generation_quality_json": "generation_quality.json"
  },
  "quality": {
    "note": "These are theory-vs-generated synthetic quality indicators plus donor-template quality provenance. They are not Rietveld fit-to-experiment outputs.",
    "theory_vs_generated": {
      "profile_pearson": 0.6522591458367969,
      "profile_cosine": 0.6873631024063396,
      "rmse": 6.578748034453189,
      "mae": 3.660323042785349,
      "background_fraction_generated": 4.29686651716116,
      "top_peak_count_used": 20,
      "top_peak_height_log_mae": 6.920347530640301,
      "top_peak_shift_abs_mean_deg": 0.20224686813354414,
      "peak_window_pearson": 0.5461540079475222,
      "peak_window_cosine": 0.6883376518927801
    },
    "donor_template_quality": {
      "selected_sample_code": "1191__opxrd_000584__H1_Mg1_O1",
      "selected_peak_window_rwp": 5.48784949745101,
      "selected_peak_window_pearson": 0.9997162154875435,
      "selected_background_fraction": 0.5127638626915709,
      "donor_rows": {
        "instrument": "1191__opxrd_000584__H1_Mg1_O1",
        "chemistry": "0322__rruff_R050504-1__Al3_H4_Na1_O12_P2",
        "microstructure": "0322__rruff_R050504-1__Al3_H4_Na1_O12_P2",
        "orientation": "0210__rruff_R050271-1__Cl1_H1_O1_Pb1",
        "background": "1191__opxrd_000584__H1_Mg1_O1"
      },
      "donor_rwp_percent": {
        "instrument": 5.159210709102735,
        "chemistry": 11.633403992332628,
        "microstructure": 11.633403992332628,
        "orientation": 25.338439575433597,
        "background": 5.159210709102735
      },
      "donor_peak_window_rwp": {
        "instrument": 5.48784949745101,
        "chemistry": 16.797295087846315,
        "microstructure": 16.797295087846315,
        "orientation": 23.05752320588076,
        "background": 5.48784949745101
      }
    }
  },
  "generation_tier": "strict_core"
}
