{
  "sample_name": "P_2",
  "phase_id": "mp-1198724",
  "formula": "P",
  "space_group": 2,
  "space_group_symbol": "P-1",
  "crystal_system": "triclinic",
  "source_origin": "materials_project",
  "slot": "profile",
  "formula_group_id": "P1::sg::2",
  "descriptor": {
    "phase_id": "mp-1198724",
    "formula": "P",
    "crystal_system": "triclinic",
    "elements": [
      "P"
    ],
    "density_g_cm3": 2.148363036931326,
    "avg_z": 15.0,
    "max_z": 15.0,
    "heavy_fraction": 0.0,
    "transition_fraction": 0.0,
    "cell_lengths": [
      7.40790082,
      11.90459325,
      12.62971304
    ],
    "cell_angles": [
      104.30036712999998,
      106.15649235000001,
      99.07359659000001
    ],
    "cell_volume": 1005.5060169940441,
    "cell_anisotropy": 1.7048976959710431,
    "anisotropy_index": 0.7048976959710431,
    "theoretical_peak_count": 1519,
    "peak_density": 17.870588235294118,
    "median_gap_deg": 0.0276641845703125,
    "crowded_fraction": 0.9861660079051383,
    "isolated_fraction": 0.001976284584980237,
    "simple_topology": false,
    "preferred_po_axis": [
      0,
      0,
      1
    ],
    "fluorescence_bucket": "none",
    "absorption_bucket": "light"
  },
  "generation": {
    "theta_min": 5.0,
    "theta_max": 90.0,
    "num_points": 8501,
    "template_rwp_percent": 9.386449293533015,
    "template_peak_window_rwp": 12.754118396210337,
    "template_peak_window_pearson": 0.9908575696780731,
    "synth_params": {
      "ka1": 1.5405929,
      "ka2": 1.5444274,
      "use_tch_profile": true,
      "sigma_scale": 0.915935817612402,
      "kb_ratio": 0.01500880233919089,
      "use_fcj_asymmetry": true,
      "detector_nonlinearity": 0.0,
      "use_ka2": true,
      "caglioti_u": 0.031390575609021656,
      "kb": 1.39225,
      "caglioti_w": 0.0018448797995058975,
      "detector_deadtime_coeff": 0.0,
      "axial_s_over_l": 0.0012,
      "sigma_min_deg": 0.008,
      "ka2_ratio": 0.48492173130236843,
      "caglioti_v": 0.007351125729718566,
      "sigma_deg": 0.019353384537189586,
      "use_kbeta": true,
      "beam_sample_ratio": 0.05,
      "fluorescence_level": 0.0,
      "muR": 0.0,
      "trns": 0.0,
      "fluorescence_decay": 3.0,
      "lorentz_z": 0.0006354236605504738,
      "strain": 0.0005623481484309537,
      "pseudo_voigt_eta": -0.038100561423341936,
      "lorentz_size": 0.009908334125014644,
      "macro_strain": 0.0,
      "sample_displacement_sr": -0.0006395883059202719,
      "size_nm": 163.18766738680247,
      "delta_deg": -0.009486637070985168,
      "lorentz_strain": 0.009,
      "po_r": 1.0,
      "air_scatter_level": 2.854225362474385,
      "b3": 5.16659547979303e-15,
      "scatter_sigma_deg": 9.768288206904183,
      "b4": -9.945597523142179e-14,
      "scatter_level": 4.748920045004262,
      "compton_level": 0.12363802598133318,
      "holder_scatter_center_deg": 10.302759050449538,
      "a": 1.3979792429459645,
      "holder_scatter_level": 3.5526955057380443,
      "scatter_center_deg": 5.733067430381807,
      "b5": -2.016831628519278e-14,
      "poisson_counts_max": 1200.0,
      "air_scatter_floor": 0.11162773780117477,
      "b1": 2.7707291817760864,
      "b0": -5.853798604243084,
      "b2": 2.421215287690991,
      "holder_scatter_sigma_deg": 5.981160307143748,
      "po_hkl_axis": [
        0.0,
        1.0,
        0.0
      ],
      "final_normalize": true
    },
    "synth_sampling_meta": {
      "family_name": "profile",
      "slot": "profile",
      "source_family": "opxrd_like",
      "preferred_source_family": "opxrd_like",
      "descriptor": {
        "phase_id": "mp-1198724",
        "formula": "P",
        "crystal_system": "triclinic",
        "elements": [
          "P"
        ],
        "density_g_cm3": 2.148363036931326,
        "avg_z": 15.0,
        "max_z": 15.0,
        "heavy_fraction": 0.0,
        "transition_fraction": 0.0,
        "cell_lengths": [
          7.40790082,
          11.90459325,
          12.62971304
        ],
        "cell_angles": [
          104.30036712999998,
          106.15649235000001,
          99.07359659000001
        ],
        "cell_volume": 1005.5060169940441,
        "cell_anisotropy": 1.7048976959710431,
        "anisotropy_index": 0.7048976959710431,
        "theoretical_peak_count": 1519,
        "peak_density": 17.870588235294118,
        "median_gap_deg": 0.0276641845703125,
        "crowded_fraction": 0.9861660079051383,
        "isolated_fraction": 0.001976284584980237,
        "simple_topology": false,
        "preferred_po_axis": [
          0,
          0,
          1
        ],
        "fluorescence_bucket": "none",
        "absorption_bucket": "light"
      },
      "attempt": 1,
      "donor_rows": {
        "instrument": "1191__opxrd_000584__H1_Mg1_O1",
        "chemistry": "0098__rruff_R050009-1__C1_Ca1_O3",
        "microstructure": "1191__opxrd_000584__H1_Mg1_O1",
        "orientation": "1191__opxrd_000584__H1_Mg1_O1",
        "background": "0121__rruff_R050062-1__B5_Ca1_H16_Na1_O17"
      },
      "donor_rwp_percent": {
        "instrument": 5.159210709102735,
        "chemistry": 10.473963597060688,
        "microstructure": 5.159210709102735,
        "orientation": 5.159210709102735,
        "background": 9.314628237585282
      },
      "donor_peak_window_rwp": {
        "instrument": 5.48784949745101,
        "chemistry": 13.939634579044661,
        "microstructure": 5.48784949745101,
        "orientation": 5.48784949745101,
        "background": 12.38197012046588
      },
      "selected_sample_code": "1191__opxrd_000584__H1_Mg1_O1",
      "selected_peak_window_rwp": 5.48784949745101,
      "selected_peak_window_pearson": 0.9997162154875435,
      "selected_background_fraction": 0.09403749959888474
    },
    "original_sample_dir": "P_SG2",
    "original_cif_path": "phase.cif",
    "original_generated_xy_path": "generated.xy",
    "original_generation_params_json": "generation_params.json",
    "original_generation_quality_json": "generation_quality.json"
  },
  "quality": {
    "note": "These are theory-vs-generated synthetic quality indicators plus donor-template quality provenance. They are not Rietveld fit-to-experiment outputs.",
    "theory_vs_generated": {
      "profile_pearson": 0.6943792375198338,
      "profile_cosine": 0.7243768226813301,
      "rmse": 4.102331857284466,
      "mae": 1.3048018488632036,
      "background_fraction_generated": 0.28202831257504085,
      "top_peak_count_used": 20,
      "top_peak_height_log_mae": 1.3983617369171848,
      "top_peak_shift_abs_mean_deg": 0.10311913394928016,
      "peak_window_pearson": 0.6351769017925001,
      "peak_window_cosine": 0.7193423904838551
    },
    "donor_template_quality": {
      "selected_sample_code": "1191__opxrd_000584__H1_Mg1_O1",
      "selected_peak_window_rwp": 5.48784949745101,
      "selected_peak_window_pearson": 0.9997162154875435,
      "selected_background_fraction": 0.09403749959888474,
      "donor_rows": {
        "instrument": "1191__opxrd_000584__H1_Mg1_O1",
        "chemistry": "0098__rruff_R050009-1__C1_Ca1_O3",
        "microstructure": "1191__opxrd_000584__H1_Mg1_O1",
        "orientation": "1191__opxrd_000584__H1_Mg1_O1",
        "background": "0121__rruff_R050062-1__B5_Ca1_H16_Na1_O17"
      },
      "donor_rwp_percent": {
        "instrument": 5.159210709102735,
        "chemistry": 10.473963597060688,
        "microstructure": 5.159210709102735,
        "orientation": 5.159210709102735,
        "background": 9.314628237585282
      },
      "donor_peak_window_rwp": {
        "instrument": 5.48784949745101,
        "chemistry": 13.939634579044661,
        "microstructure": 5.48784949745101,
        "orientation": 5.48784949745101,
        "background": 12.38197012046588
      }
    }
  },
  "generation_tier": "strict_core"
}
