{
  "sample_name": "Al2O3_63",
  "phase_id": "mp-642363",
  "formula": "Al2O3",
  "space_group": 63,
  "space_group_symbol": "Cmcm",
  "crystal_system": "orthorhombic",
  "source_origin": "materials_project",
  "slot": "anchor",
  "formula_group_id": "Al2|O3::sg::63",
  "descriptor": {
    "phase_id": "mp-642363",
    "formula": "Al2O3",
    "crystal_system": "orthorhombic",
    "elements": [
      "Al",
      "O"
    ],
    "density_g_cm3": 4.015040275162124,
    "avg_z": 10.0,
    "max_z": 13.0,
    "heavy_fraction": 0.0,
    "transition_fraction": 0.0,
    "cell_lengths": [
      2.673918,
      8.95413,
      7.045032
    ],
    "cell_angles": [
      90.0,
      90.0,
      90.0
    ],
    "cell_volume": 168.6764492550405,
    "cell_anisotropy": 3.3486928170572168,
    "anisotropy_index": 2.3486928170572168,
    "theoretical_peak_count": 50,
    "peak_density": 0.5882352941176471,
    "median_gap_deg": 0.9213333129882812,
    "crowded_fraction": 0.2653061224489796,
    "isolated_fraction": 0.42857142857142855,
    "simple_topology": false,
    "preferred_po_axis": [
      0,
      1,
      0
    ],
    "fluorescence_bucket": "none",
    "absorption_bucket": "medium"
  },
  "generation": {
    "theta_min": 5.0,
    "theta_max": 90.0,
    "num_points": 8501,
    "template_rwp_percent": 10.842870596894375,
    "template_peak_window_rwp": 9.019290975003878,
    "template_peak_window_pearson": 0.9923523761905567,
    "synth_params": {
      "ka1": 1.5405929,
      "ka2": 1.5444274,
      "use_tch_profile": true,
      "sigma_scale": 0.8931479627477801,
      "kb_ratio": 0.014999999999955025,
      "use_fcj_asymmetry": true,
      "detector_nonlinearity": 0.0,
      "use_ka2": true,
      "caglioti_u": 0.005649314203226527,
      "kb": 1.39225,
      "caglioti_w": 0.0005009283912386519,
      "detector_deadtime_coeff": 0.0,
      "axial_s_over_l": 0.0012,
      "sigma_min_deg": 0.012,
      "ka2_ratio": 0.4849999999997579,
      "caglioti_v": -0.0015176937578520024,
      "sigma_deg": 0.018796336425993838,
      "use_kbeta": true,
      "beam_sample_ratio": 0.20000000000217283,
      "fluorescence_level": 0.0,
      "muR": 0.060635190034544165,
      "trns": 0.08,
      "fluorescence_decay": 3.0,
      "lorentz_z": 0.0025615741864937146,
      "strain": 0.00035251942474801733,
      "pseudo_voigt_eta": 0.019998137563054755,
      "lorentz_size": 0.03,
      "macro_strain": 0.0007754606980393147,
      "sample_displacement_sr": -0.0004363673523633122,
      "size_nm": 214.42985623728077,
      "delta_deg": -0.00985351084817813,
      "lorentz_strain": 0.008,
      "po_r": 1.0,
      "air_scatter_level": 0.5841124571296695,
      "b3": 0.06477202067221789,
      "scatter_sigma_deg": 8.626581882942178,
      "b4": 0.06528002471603768,
      "scatter_level": 2.252817493722686,
      "compton_level": 0.010043269635365882,
      "holder_scatter_center_deg": 8.733630486426796,
      "a": 2.7860400406715473,
      "holder_scatter_level": 0.9617726180846972,
      "scatter_center_deg": 3.8378658127202927,
      "b5": 2.4817244509620853e-06,
      "poisson_counts_max": 3554.4,
      "air_scatter_floor": 0.023676712864369537,
      "b1": -1.9302030990920167,
      "b0": -1.304914537860174,
      "b2": 1.2713466601275605,
      "holder_scatter_sigma_deg": 1.4457971233688056,
      "po_hkl_axis": [
        0.0,
        0.0,
        1.0
      ],
      "final_normalize": true
    },
    "synth_sampling_meta": {
      "family_name": "anchor",
      "slot": "anchor",
      "source_family": "rruff_like",
      "preferred_source_family": "rruff_like",
      "descriptor": {
        "phase_id": "mp-642363",
        "formula": "Al2O3",
        "crystal_system": "orthorhombic",
        "elements": [
          "Al",
          "O"
        ],
        "density_g_cm3": 4.015040275162124,
        "avg_z": 10.0,
        "max_z": 13.0,
        "heavy_fraction": 0.0,
        "transition_fraction": 0.0,
        "cell_lengths": [
          2.673918,
          8.95413,
          7.045032
        ],
        "cell_angles": [
          90.0,
          90.0,
          90.0
        ],
        "cell_volume": 168.6764492550405,
        "cell_anisotropy": 3.3486928170572168,
        "anisotropy_index": 2.3486928170572168,
        "theoretical_peak_count": 50,
        "peak_density": 0.5882352941176471,
        "median_gap_deg": 0.9213333129882812,
        "crowded_fraction": 0.2653061224489796,
        "isolated_fraction": 0.42857142857142855,
        "simple_topology": false,
        "preferred_po_axis": [
          0,
          1,
          0
        ],
        "fluorescence_bucket": "none",
        "absorption_bucket": "medium"
      },
      "attempt": 1,
      "donor_rows": {
        "instrument": "0121__rruff_R050062-1__B5_Ca1_H16_Na1_O17",
        "chemistry": "0415__rruff_R060150-1__Ca13_F10_H12_O34_Si10",
        "microstructure": "0249__rruff_R050363-1__O2_Ti1",
        "orientation": "0249__rruff_R050363-1__O2_Ti1",
        "background": "0415__rruff_R060150-1__Ca13_F10_H12_O34_Si10"
      },
      "donor_rwp_percent": {
        "instrument": 9.314628237585282,
        "chemistry": 8.00315190123515,
        "microstructure": 14.776303909097866,
        "orientation": 14.776303909097866,
        "background": 8.00315190123515
      },
      "donor_peak_window_rwp": {
        "instrument": 12.38197012046588,
        "chemistry": 11.357098944708872,
        "microstructure": 20.08462830562262,
        "orientation": 20.08462830562262,
        "background": 11.357098944708872
      },
      "selected_sample_code": "0121__rruff_R050062-1__B5_Ca1_H16_Na1_O17",
      "selected_peak_window_rwp": 12.38197012046588,
      "selected_peak_window_pearson": 0.9925392945915236,
      "selected_background_fraction": 0.11764110715388022
    },
    "original_sample_dir": "Al2O3_SG63",
    "original_cif_path": "phase.cif",
    "original_generated_xy_path": "generated.xy",
    "original_generation_params_json": "generation_params.json",
    "original_generation_quality_json": "generation_quality.json"
  },
  "quality": {
    "note": "These are theory-vs-generated synthetic quality indicators plus donor-template quality provenance. They are not Rietveld fit-to-experiment outputs.",
    "theory_vs_generated": {
      "profile_pearson": 0.9680152506733991,
      "profile_cosine": 0.9674911328119644,
      "rmse": 1.509414419953459,
      "mae": 0.5465349855461248,
      "background_fraction_generated": -0.14723234936282883,
      "top_peak_count_used": 20,
      "top_peak_height_log_mae": 0.12250432844541552,
      "top_peak_shift_abs_mean_deg": 0.0449687805175774,
      "peak_window_pearson": 0.9670943187048489,
      "peak_window_cosine": 0.9688499828567414
    },
    "donor_template_quality": {
      "selected_sample_code": "0121__rruff_R050062-1__B5_Ca1_H16_Na1_O17",
      "selected_peak_window_rwp": 12.38197012046588,
      "selected_peak_window_pearson": 0.9925392945915236,
      "selected_background_fraction": 0.11764110715388022,
      "donor_rows": {
        "instrument": "0121__rruff_R050062-1__B5_Ca1_H16_Na1_O17",
        "chemistry": "0415__rruff_R060150-1__Ca13_F10_H12_O34_Si10",
        "microstructure": "0249__rruff_R050363-1__O2_Ti1",
        "orientation": "0249__rruff_R050363-1__O2_Ti1",
        "background": "0415__rruff_R060150-1__Ca13_F10_H12_O34_Si10"
      },
      "donor_rwp_percent": {
        "instrument": 9.314628237585282,
        "chemistry": 8.00315190123515,
        "microstructure": 14.776303909097866,
        "orientation": 14.776303909097866,
        "background": 8.00315190123515
      },
      "donor_peak_window_rwp": {
        "instrument": 12.38197012046588,
        "chemistry": 11.357098944708872,
        "microstructure": 20.08462830562262,
        "orientation": 20.08462830562262,
        "background": 11.357098944708872
      }
    }
  },
  "generation_tier": "strict_core"
}
