{
  "sample_name": "Na_213",
  "phase_id": "mp-1186055",
  "formula": "Na",
  "space_group": 213,
  "space_group_symbol": "P4_132",
  "crystal_system": "cubic",
  "source_origin": "materials_project",
  "slot": "profile",
  "formula_group_id": "Na1::sg::213",
  "descriptor": {
    "phase_id": "mp-1186055",
    "formula": "Na",
    "crystal_system": "cubic",
    "elements": [
      "Na"
    ],
    "density_g_cm3": 1.0008532130962422,
    "avg_z": 11.0,
    "max_z": 11.0,
    "heavy_fraction": 0.0,
    "transition_fraction": 0.0,
    "cell_lengths": [
      9.13722753,
      9.13722753,
      9.13722753
    ],
    "cell_angles": [
      90.0,
      90.0,
      90.0
    ],
    "cell_volume": 762.8573216405483,
    "cell_anisotropy": 1.0,
    "anisotropy_index": 0.0,
    "theoretical_peak_count": 58,
    "peak_density": 0.6823529411764706,
    "median_gap_deg": 1.0013961791992188,
    "crowded_fraction": 0.0,
    "isolated_fraction": 0.38596491228070173,
    "simple_topology": false,
    "preferred_po_axis": [
      0,
      0,
      1
    ],
    "fluorescence_bucket": "none",
    "absorption_bucket": "light"
  },
  "generation": {
    "theta_min": 5.0,
    "theta_max": 90.0,
    "num_points": 8501,
    "template_rwp_percent": 10.288086505008508,
    "template_peak_window_rwp": 11.23083456145956,
    "template_peak_window_pearson": 0.9846983723286876,
    "synth_params": {
      "ka1": 1.5405929,
      "ka2": 1.5444274,
      "use_tch_profile": true,
      "sigma_scale": 0.915935817612402,
      "kb_ratio": 0.01500880233919089,
      "use_fcj_asymmetry": true,
      "detector_nonlinearity": 0.0,
      "use_ka2": true,
      "caglioti_u": 0.031390575609021656,
      "kb": 1.39225,
      "caglioti_w": 0.0018448797995058975,
      "detector_deadtime_coeff": 0.0,
      "axial_s_over_l": 0.0012,
      "sigma_min_deg": 0.008,
      "ka2_ratio": 0.48492173130236843,
      "caglioti_v": 0.007351125729718566,
      "sigma_deg": 0.019353384537189586,
      "use_kbeta": true,
      "beam_sample_ratio": 0.05,
      "fluorescence_level": 0.0,
      "muR": 0.01433309200556713,
      "trns": 0.022963315951180428,
      "fluorescence_decay": 3.0,
      "lorentz_z": 0.0010349492685947038,
      "strain": 0.0001702378150751408,
      "pseudo_voigt_eta": 0.3400567242163626,
      "lorentz_size": 0.042,
      "macro_strain": 3.9140522476376347e-05,
      "sample_displacement_sr": -0.0007159573584582655,
      "size_nm": 143.430768795599,
      "delta_deg": -0.020730618197866094,
      "lorentz_strain": 0.008117613344221026,
      "po_r": 1.0,
      "air_scatter_level": 1.3367174280242036,
      "b3": 0.1494627138868337,
      "scatter_sigma_deg": 5.984483518472322,
      "b4": 0.31349578968097963,
      "scatter_level": 2.2363762161652336,
      "compton_level": 0.516782818939281,
      "holder_scatter_center_deg": 10.60642250903036,
      "a": 1.0,
      "holder_scatter_level": 1.0577727481551678,
      "scatter_center_deg": 5.426917278715111,
      "b5": -0.06738630997621678,
      "poisson_counts_max": 1601.6999999999998,
      "air_scatter_floor": 0.04082641065526568,
      "b1": 0.013887990559719171,
      "b0": 2.5647520622654447,
      "b2": -1.1971163201166726,
      "holder_scatter_sigma_deg": 6.074065463208637,
      "po_hkl_axis": [
        0.0,
        1.0,
        0.0
      ],
      "final_normalize": true
    },
    "synth_sampling_meta": {
      "family_name": "profile",
      "slot": "profile",
      "source_family": "opxrd_like",
      "preferred_source_family": "opxrd_like",
      "descriptor": {
        "phase_id": "mp-1186055",
        "formula": "Na",
        "crystal_system": "cubic",
        "elements": [
          "Na"
        ],
        "density_g_cm3": 1.0008532130962422,
        "avg_z": 11.0,
        "max_z": 11.0,
        "heavy_fraction": 0.0,
        "transition_fraction": 0.0,
        "cell_lengths": [
          9.13722753,
          9.13722753,
          9.13722753
        ],
        "cell_angles": [
          90.0,
          90.0,
          90.0
        ],
        "cell_volume": 762.8573216405483,
        "cell_anisotropy": 1.0,
        "anisotropy_index": 0.0,
        "theoretical_peak_count": 58,
        "peak_density": 0.6823529411764706,
        "median_gap_deg": 1.0013961791992188,
        "crowded_fraction": 0.0,
        "isolated_fraction": 0.38596491228070173,
        "simple_topology": false,
        "preferred_po_axis": [
          0,
          0,
          1
        ],
        "fluorescence_bucket": "none",
        "absorption_bucket": "light"
      },
      "attempt": 1,
      "donor_rows": {
        "instrument": "1191__opxrd_000584__H1_Mg1_O1",
        "chemistry": "0297__rruff_R050446-1__Al2_Mg3_O12_Si3",
        "microstructure": "0113__rruff_R050045-1__Ca1_F2",
        "orientation": "0490__rruff_R060548-1__Ca1_F2",
        "background": "0152__rruff_R050128-1__C1_Ca1_O3"
      },
      "donor_rwp_percent": {
        "instrument": 5.159210709102735,
        "chemistry": 14.217604787907447,
        "microstructure": 10.345769455766266,
        "orientation": 11.309661106744679,
        "background": 10.060210456264361
      },
      "donor_peak_window_rwp": {
        "instrument": 5.48784949745101,
        "chemistry": 14.03530463336448,
        "microstructure": 11.85177861797737,
        "orientation": 13.746162540852461,
        "background": 12.829743047113176
      },
      "selected_sample_code": "1191__opxrd_000584__H1_Mg1_O1",
      "selected_peak_window_rwp": 5.48784949745101,
      "selected_peak_window_pearson": 0.9997162154875435,
      "selected_background_fraction": 0.43711059782680073
    },
    "original_sample_dir": "Na_SG213",
    "original_cif_path": "phase.cif",
    "original_generated_xy_path": "generated.xy",
    "original_generation_params_json": "generation_params.json",
    "original_generation_quality_json": "generation_quality.json"
  },
  "quality": {
    "note": "These are theory-vs-generated synthetic quality indicators plus donor-template quality provenance. They are not Rietveld fit-to-experiment outputs.",
    "theory_vs_generated": {
      "profile_pearson": 0.7988857538366545,
      "profile_cosine": 0.7735071377396746,
      "rmse": 3.6328856198510917,
      "mae": 2.01851980004202,
      "background_fraction_generated": 2.562237534957831,
      "top_peak_count_used": 20,
      "top_peak_height_log_mae": 6.012818731450393,
      "top_peak_shift_abs_mean_deg": 0.13551417922973652,
      "peak_window_pearson": 0.7894398682816116,
      "peak_window_cosine": 0.8043677723613565
    },
    "donor_template_quality": {
      "selected_sample_code": "1191__opxrd_000584__H1_Mg1_O1",
      "selected_peak_window_rwp": 5.48784949745101,
      "selected_peak_window_pearson": 0.9997162154875435,
      "selected_background_fraction": 0.43711059782680073,
      "donor_rows": {
        "instrument": "1191__opxrd_000584__H1_Mg1_O1",
        "chemistry": "0297__rruff_R050446-1__Al2_Mg3_O12_Si3",
        "microstructure": "0113__rruff_R050045-1__Ca1_F2",
        "orientation": "0490__rruff_R060548-1__Ca1_F2",
        "background": "0152__rruff_R050128-1__C1_Ca1_O3"
      },
      "donor_rwp_percent": {
        "instrument": 5.159210709102735,
        "chemistry": 14.217604787907447,
        "microstructure": 10.345769455766266,
        "orientation": 11.309661106744679,
        "background": 10.060210456264361
      },
      "donor_peak_window_rwp": {
        "instrument": 5.48784949745101,
        "chemistry": 14.03530463336448,
        "microstructure": 11.85177861797737,
        "orientation": 13.746162540852461,
        "background": 12.829743047113176
      }
    }
  },
  "generation_tier": "strict_core"
}
