{
  "sample_name": "MgO2_205",
  "phase_id": "mp-2589",
  "formula": "MgO2",
  "space_group": 205,
  "space_group_symbol": "Pa-3",
  "crystal_system": "cubic",
  "source_origin": "materials_project",
  "slot": "anchor",
  "formula_group_id": "Mg1|O2::sg::205",
  "descriptor": {
    "phase_id": "mp-2589",
    "formula": "MgO2",
    "crystal_system": "cubic",
    "elements": [
      "Mg",
      "O"
    ],
    "density_g_cm3": 3.321847885834422,
    "avg_z": 9.333333333333334,
    "max_z": 12.0,
    "heavy_fraction": 0.0,
    "transition_fraction": 0.0,
    "cell_lengths": [
      4.82861247,
      4.82861247,
      4.82861247
    ],
    "cell_angles": [
      90.0,
      90.0,
      90.0
    ],
    "cell_volume": 112.58150624819807,
    "cell_anisotropy": 1.0,
    "anisotropy_index": 0.0,
    "theoretical_peak_count": 14,
    "peak_density": 0.16470588235294117,
    "median_gap_deg": 3.5464553833007812,
    "crowded_fraction": 0.0,
    "isolated_fraction": 1.0,
    "simple_topology": true,
    "preferred_po_axis": [
      0,
      0,
      1
    ],
    "fluorescence_bucket": "none",
    "absorption_bucket": "light"
  },
  "generation": {
    "theta_min": 5.0,
    "theta_max": 90.0,
    "num_points": 8501,
    "template_rwp_percent": 11.309661106744679,
    "template_peak_window_rwp": 13.746162540852461,
    "template_peak_window_pearson": 0.9951391151799386,
    "synth_params": {
      "ka1": 1.5405929,
      "ka2": 1.5444274,
      "use_tch_profile": true,
      "sigma_scale": 0.8931250612088697,
      "kb_ratio": 0.0,
      "use_fcj_asymmetry": true,
      "detector_nonlinearity": 0.0,
      "use_ka2": true,
      "caglioti_u": 0.0007621425101656935,
      "kb": 1.39225,
      "caglioti_w": 0.0005194843263096571,
      "detector_deadtime_coeff": 0.0,
      "axial_s_over_l": 0.0012,
      "sigma_min_deg": 0.008,
      "ka2_ratio": 0.48500200238216495,
      "caglioti_v": -0.009661657695328705,
      "sigma_deg": 0.01101934406440411,
      "use_kbeta": false,
      "beam_sample_ratio": 0.05,
      "fluorescence_level": 0.0,
      "muR": 0.012883265076918796,
      "trns": 0.001921343030325408,
      "fluorescence_decay": 3.0,
      "lorentz_z": 0.0010349492685947038,
      "strain": 0.0001702378150751408,
      "pseudo_voigt_eta": 0.3400567242163626,
      "lorentz_size": 0.03,
      "macro_strain": 3.9140522476376347e-05,
      "sample_displacement_sr": -0.0007159573584582655,
      "size_nm": 143.430768795599,
      "delta_deg": -0.020730618197866094,
      "lorentz_strain": 0.008,
      "po_r": 1.0,
      "air_scatter_level": 5.5000000000000004e-09,
      "b3": -1.429575915200572e-07,
      "scatter_sigma_deg": 6.0,
      "b4": 4.551041246111535e-07,
      "scatter_level": 5.5000000000000004e-09,
      "compton_level": 5.5000000000000004e-09,
      "holder_scatter_center_deg": 15.0,
      "a": 0.639202688928806,
      "holder_scatter_level": 5.5000000000000004e-09,
      "scatter_center_deg": 15.0,
      "b5": 3.9742261840428897e-07,
      "poisson_counts_max": 2204.4,
      "air_scatter_floor": 0.05,
      "b1": -1.3500830629349507,
      "b0": 3.087688618646331,
      "b2": 0.6742610756466367,
      "holder_scatter_sigma_deg": 4.0,
      "po_hkl_axis": [
        0.0,
        1.0,
        0.0
      ],
      "final_normalize": true
    },
    "synth_sampling_meta": {
      "family_name": "anchor",
      "slot": "anchor",
      "source_family": "rruff_like",
      "preferred_source_family": "rruff_like",
      "descriptor": {
        "phase_id": "mp-2589",
        "formula": "MgO2",
        "crystal_system": "cubic",
        "elements": [
          "Mg",
          "O"
        ],
        "density_g_cm3": 3.321847885834422,
        "avg_z": 9.333333333333334,
        "max_z": 12.0,
        "heavy_fraction": 0.0,
        "transition_fraction": 0.0,
        "cell_lengths": [
          4.82861247,
          4.82861247,
          4.82861247
        ],
        "cell_angles": [
          90.0,
          90.0,
          90.0
        ],
        "cell_volume": 112.58150624819807,
        "cell_anisotropy": 1.0,
        "anisotropy_index": 0.0,
        "theoretical_peak_count": 14,
        "peak_density": 0.16470588235294117,
        "median_gap_deg": 3.5464553833007812,
        "crowded_fraction": 0.0,
        "isolated_fraction": 1.0,
        "simple_topology": true,
        "preferred_po_axis": [
          0,
          0,
          1
        ],
        "fluorescence_bucket": "none",
        "absorption_bucket": "light"
      },
      "attempt": 1,
      "donor_rows": {
        "instrument": "0114__rruff_R050046-1__Ca1_F2",
        "chemistry": "0113__rruff_R050045-1__Ca1_F2",
        "microstructure": "0113__rruff_R050045-1__Ca1_F2",
        "orientation": "0144__rruff_R050115-1__Ca1_F2",
        "background": "0114__rruff_R050046-1__Ca1_F2"
      },
      "donor_rwp_percent": {
        "instrument": 9.726468019402185,
        "chemistry": 10.345769455766266,
        "microstructure": 10.345769455766266,
        "orientation": 10.8136128591309,
        "background": 9.726468019402185
      },
      "donor_peak_window_rwp": {
        "instrument": 13.19345430738523,
        "chemistry": 11.85177861797737,
        "microstructure": 11.85177861797737,
        "orientation": 14.273780930421212,
        "background": 13.19345430738523
      },
      "selected_sample_code": "0114__rruff_R050046-1__Ca1_F2",
      "selected_peak_window_rwp": 13.19345430738523,
      "selected_peak_window_pearson": 0.9922526532206353,
      "selected_background_fraction": 0.2967336936952244
    },
    "original_sample_dir": "MgO2_SG205",
    "original_cif_path": "phase.cif",
    "original_generated_xy_path": "generated.xy",
    "original_generation_params_json": "generation_params.json",
    "original_generation_quality_json": "generation_quality.json"
  },
  "quality": {
    "note": "These are theory-vs-generated synthetic quality indicators plus donor-template quality provenance. They are not Rietveld fit-to-experiment outputs.",
    "theory_vs_generated": {
      "profile_pearson": 0.7589072708960802,
      "profile_cosine": 0.7535880863658696,
      "rmse": 2.9375581117706795,
      "mae": 1.1211205531665733,
      "background_fraction_generated": 2.181451330449851,
      "top_peak_count_used": 14,
      "top_peak_height_log_mae": 3.1405599213380446,
      "top_peak_shift_abs_mean_deg": 0.09977350507463763,
      "peak_window_pearson": 0.7600166115859307,
      "peak_window_cosine": 0.7927547975610089
    },
    "donor_template_quality": {
      "selected_sample_code": "0114__rruff_R050046-1__Ca1_F2",
      "selected_peak_window_rwp": 13.19345430738523,
      "selected_peak_window_pearson": 0.9922526532206353,
      "selected_background_fraction": 0.2967336936952244,
      "donor_rows": {
        "instrument": "0114__rruff_R050046-1__Ca1_F2",
        "chemistry": "0113__rruff_R050045-1__Ca1_F2",
        "microstructure": "0113__rruff_R050045-1__Ca1_F2",
        "orientation": "0144__rruff_R050115-1__Ca1_F2",
        "background": "0114__rruff_R050046-1__Ca1_F2"
      },
      "donor_rwp_percent": {
        "instrument": 9.726468019402185,
        "chemistry": 10.345769455766266,
        "microstructure": 10.345769455766266,
        "orientation": 10.8136128591309,
        "background": 9.726468019402185
      },
      "donor_peak_window_rwp": {
        "instrument": 13.19345430738523,
        "chemistry": 11.85177861797737,
        "microstructure": 11.85177861797737,
        "orientation": 14.273780930421212,
        "background": 13.19345430738523
      }
    }
  },
  "generation_tier": "strict_core"
}
