{
  "sample_name": "Li2O2_14",
  "phase_id": "cod_legacy_Li2O2_14",
  "formula": "Li2O2",
  "space_group": 14,
  "space_group_symbol": "P2_1/c",
  "crystal_system": "monoclinic",
  "source_origin": "cod",
  "slot": "anchor",
  "formula_group_id": "Li1|O1::sg::14",
  "descriptor": {
    "phase_id": "cod_legacy_Li2O2_14",
    "formula": "Li2O2",
    "crystal_system": "monoclinic",
    "elements": [
      "Li",
      "O"
    ],
    "density_g_cm3": 3.6699523296088565,
    "avg_z": 5.5,
    "max_z": 8.0,
    "heavy_fraction": 0.0,
    "transition_fraction": 0.0,
    "cell_lengths": [
      2.53725978,
      2.561,
      6.801
    ],
    "cell_angles": [
      90.0,
      110.03022422,
      90.0
    ],
    "cell_volume": 41.51926459569283,
    "cell_anisotropy": 2.680450797198228,
    "anisotropy_index": 1.6804507971982279,
    "theoretical_peak_count": 35,
    "peak_density": 0.4117647058823529,
    "median_gap_deg": 0.8639183044433594,
    "crowded_fraction": 0.23529411764705882,
    "isolated_fraction": 0.4117647058823529,
    "simple_topology": false,
    "preferred_po_axis": [
      0,
      0,
      1
    ],
    "fluorescence_bucket": "none",
    "absorption_bucket": "light"
  },
  "generation": {
    "theta_min": 5.0,
    "theta_max": 90.0,
    "num_points": 8501,
    "template_rwp_percent": 8.21525338400341,
    "template_peak_window_rwp": 10.183805736992447,
    "template_peak_window_pearson": 0.996386289021188,
    "synth_params": {
      "ka1": 1.5405929,
      "ka2": 1.5444274,
      "use_tch_profile": true,
      "sigma_scale": 0.8001141668429228,
      "kb_ratio": 0.014996855238796961,
      "use_fcj_asymmetry": true,
      "detector_nonlinearity": 0.0,
      "use_ka2": true,
      "caglioti_u": 0.0062463160629229915,
      "kb": 1.39225,
      "caglioti_w": 0.0006140783362599542,
      "detector_deadtime_coeff": 0.0,
      "axial_s_over_l": 0.0011999999294030998,
      "sigma_min_deg": 0.008,
      "ka2_ratio": 0.48498316605621444,
      "caglioti_v": -0.0054157760515429676,
      "sigma_deg": 0.008,
      "use_kbeta": true,
      "beam_sample_ratio": 0.05,
      "fluorescence_level": 0.0,
      "muR": 0.0,
      "trns": 0.0,
      "fluorescence_decay": 3.0,
      "lorentz_z": 9.999999710217413e-09,
      "strain": 0.0013335595215187993,
      "pseudo_voigt_eta": -0.04980077989681021,
      "lorentz_size": 0.03,
      "macro_strain": 0.0,
      "sample_displacement_sr": -0.0008597662925597733,
      "size_nm": 307.39127864451046,
      "delta_deg": -0.009730343845385396,
      "lorentz_strain": 0.004293731372071608,
      "po_r": 1.0,
      "air_scatter_level": 0.09706612532080099,
      "b3": 1.3442063835833177e-08,
      "scatter_sigma_deg": 6.745516875079763,
      "b4": -2.5548919808363584e-08,
      "scatter_level": 3.946561982338837,
      "compton_level": 0.18135052466548185,
      "holder_scatter_center_deg": 6.702251591272819,
      "a": 2.153788943583767,
      "holder_scatter_level": 1.5180855852318598,
      "scatter_center_deg": 5.377016023437027,
      "b5": -2.4223914256036022e-08,
      "poisson_counts_max": 5450.4,
      "air_scatter_floor": 0.15296218183818666,
      "b1": -4.956923696401883,
      "b0": -2.8144852857215144,
      "b2": 2.6039921031347997,
      "holder_scatter_sigma_deg": 8.020252416654412,
      "po_hkl_axis": [
        0.0,
        1.0,
        0.0
      ],
      "final_normalize": true
    },
    "synth_sampling_meta": {
      "family_name": "anchor",
      "slot": "anchor",
      "source_family": "rruff_like",
      "preferred_source_family": "rruff_like",
      "descriptor": {
        "phase_id": "cod_legacy_Li2O2_14",
        "formula": "Li2O2",
        "crystal_system": "monoclinic",
        "elements": [
          "Li",
          "O"
        ],
        "density_g_cm3": 3.6699523296088565,
        "avg_z": 5.5,
        "max_z": 8.0,
        "heavy_fraction": 0.0,
        "transition_fraction": 0.0,
        "cell_lengths": [
          2.53725978,
          2.561,
          6.801
        ],
        "cell_angles": [
          90.0,
          110.03022422,
          90.0
        ],
        "cell_volume": 41.51926459569283,
        "cell_anisotropy": 2.680450797198228,
        "anisotropy_index": 1.6804507971982279,
        "theoretical_peak_count": 35,
        "peak_density": 0.4117647058823529,
        "median_gap_deg": 0.8639183044433594,
        "crowded_fraction": 0.23529411764705882,
        "isolated_fraction": 0.4117647058823529,
        "simple_topology": false,
        "preferred_po_axis": [
          0,
          0,
          1
        ],
        "fluorescence_bucket": "none",
        "absorption_bucket": "light"
      },
      "attempt": 1,
      "donor_rows": {
        "instrument": "0150__rruff_R050126-1__Al3_H4_Na1_O12_P2",
        "chemistry": "0150__rruff_R050126-1__Al3_H4_Na1_O12_P2",
        "microstructure": "0322__rruff_R050504-1__Al3_H4_Na1_O12_P2",
        "orientation": "0328__rruff_R050520-1__Be1_Ca1_O5_P1",
        "background": "0150__rruff_R050126-1__Al3_H4_Na1_O12_P2"
      },
      "donor_rwp_percent": {
        "instrument": 12.349421546615877,
        "chemistry": 12.349421546615877,
        "microstructure": 11.633403992332628,
        "orientation": 13.16757170747424,
        "background": 12.349421546615877
      },
      "donor_peak_window_rwp": {
        "instrument": 16.546432705173878,
        "chemistry": 16.546432705173878,
        "microstructure": 16.797295087846315,
        "orientation": 18.431471601339165,
        "background": 16.546432705173878
      },
      "selected_sample_code": "0150__rruff_R050126-1__Al3_H4_Na1_O12_P2",
      "selected_peak_window_rwp": 16.546432705173878,
      "selected_peak_window_pearson": 0.9902239820882998,
      "selected_background_fraction": 0.06048028654774604
    },
    "original_sample_dir": "Li2O2_SG14",
    "original_cif_path": "phase.cif",
    "original_generated_xy_path": "generated.xy",
    "original_generation_params_json": "generation_params.json",
    "original_generation_quality_json": "generation_quality.json"
  },
  "quality": {
    "note": "These are theory-vs-generated synthetic quality indicators plus donor-template quality provenance. They are not Rietveld fit-to-experiment outputs.",
    "theory_vs_generated": {
      "profile_pearson": 0.6302370498693309,
      "profile_cosine": 0.6457234898954165,
      "rmse": 6.928917339858932,
      "mae": 1.7132271039890525,
      "background_fraction_generated": -1.2186511152814745,
      "top_peak_count_used": 20,
      "top_peak_height_log_mae": 0.40015722986492985,
      "top_peak_shift_abs_mean_deg": 0.13775929260254022,
      "peak_window_pearson": 0.6003880946451078,
      "peak_window_cosine": 0.6994486639730058
    },
    "donor_template_quality": {
      "selected_sample_code": "0150__rruff_R050126-1__Al3_H4_Na1_O12_P2",
      "selected_peak_window_rwp": 16.546432705173878,
      "selected_peak_window_pearson": 0.9902239820882998,
      "selected_background_fraction": 0.06048028654774604,
      "donor_rows": {
        "instrument": "0150__rruff_R050126-1__Al3_H4_Na1_O12_P2",
        "chemistry": "0150__rruff_R050126-1__Al3_H4_Na1_O12_P2",
        "microstructure": "0322__rruff_R050504-1__Al3_H4_Na1_O12_P2",
        "orientation": "0328__rruff_R050520-1__Be1_Ca1_O5_P1",
        "background": "0150__rruff_R050126-1__Al3_H4_Na1_O12_P2"
      },
      "donor_rwp_percent": {
        "instrument": 12.349421546615877,
        "chemistry": 12.349421546615877,
        "microstructure": 11.633403992332628,
        "orientation": 13.16757170747424,
        "background": 12.349421546615877
      },
      "donor_peak_window_rwp": {
        "instrument": 16.546432705173878,
        "chemistry": 16.546432705173878,
        "microstructure": 16.797295087846315,
        "orientation": 18.431471601339165,
        "background": 16.546432705173878
      }
    }
  },
  "generation_tier": "strict_core"
}
