{
  "sample_name": "ScPo_194",
  "phase_id": "cod_1522731",
  "formula": "ScPo",
  "space_group": 194,
  "space_group_symbol": "P6_3/mmc",
  "crystal_system": "hexagonal",
  "source_origin": "cod",
  "slot": "background",
  "formula_group_id": "Po1|Sc1::sg::194",
  "descriptor": {
    "phase_id": "cod_1522731",
    "formula": "ScPo",
    "crystal_system": "hexagonal",
    "elements": [
      "Po",
      "Sc"
    ],
    "density_g_cm3": 7.986728436376163,
    "avg_z": 52.5,
    "max_z": 84.0,
    "heavy_fraction": 0.0,
    "transition_fraction": 0.5,
    "cell_lengths": [
      4.206,
      4.206,
      6.92
    ],
    "cell_angles": [
      90.0,
      90.0,
      119.99999999999999
    ],
    "cell_volume": 106.01693950175759,
    "cell_anisotropy": 1.6452686638135994,
    "anisotropy_index": 0.6452686638135994,
    "theoretical_peak_count": 25,
    "peak_density": 0.29411764705882354,
    "median_gap_deg": 2.226072311401367,
    "crowded_fraction": 0.041666666666666664,
    "isolated_fraction": 0.7083333333333334,
    "simple_topology": false,
    "preferred_po_axis": [
      0,
      0,
      1
    ],
    "fluorescence_bucket": "none",
    "absorption_bucket": "heavy"
  },
  "generation": {
    "theta_min": 5.0,
    "theta_max": 90.0,
    "num_points": 8501,
    "template_rwp_percent": 11.800676499373662,
    "template_peak_window_rwp": 16.67151917078972,
    "template_peak_window_pearson": 0.9867544375397198,
    "synth_params": {
      "ka1": 1.5405929,
      "ka2": 1.5444274,
      "use_tch_profile": true,
      "sigma_scale": 0.915935817612402,
      "kb_ratio": 0.01500880233919089,
      "use_fcj_asymmetry": true,
      "detector_nonlinearity": 0.0,
      "use_ka2": true,
      "caglioti_u": 0.031390575609021656,
      "kb": 1.39225,
      "caglioti_w": 0.0018448797995058975,
      "detector_deadtime_coeff": 0.0,
      "axial_s_over_l": 0.0012,
      "sigma_min_deg": 0.008,
      "ka2_ratio": 0.48492173130236843,
      "caglioti_v": 0.007351125729718566,
      "sigma_deg": 0.01878969372542678,
      "use_kbeta": true,
      "beam_sample_ratio": 0.05,
      "fluorescence_level": 0.0,
      "muR": 0.04,
      "trns": 0.0,
      "fluorescence_decay": 3.0,
      "lorentz_z": 0.000151511486620797,
      "strain": 2.784539849784605e-07,
      "pseudo_voigt_eta": -0.04479325153778685,
      "lorentz_size": 1.4283308956413393e-05,
      "macro_strain": 0.0007970802364285054,
      "sample_displacement_sr": -0.00018322733012786789,
      "size_nm": 171.44475579953965,
      "delta_deg": -0.0013491170632336095,
      "lorentz_strain": 0.0001776337430921566,
      "po_r": 1.0,
      "air_scatter_level": 1.4357404941558356,
      "b3": -7.576725277383578e-11,
      "scatter_sigma_deg": 4.818082639389946,
      "b4": -2.1719731118129621e-10,
      "scatter_level": 2.0028293523831486,
      "compton_level": 0.4792061653746479,
      "holder_scatter_center_deg": 13.148005929148589,
      "a": 1.0,
      "holder_scatter_level": 0.1290811588285118,
      "scatter_center_deg": 4.506047819214484,
      "b5": -1.592642915397184e-10,
      "poisson_counts_max": 1525.75,
      "air_scatter_floor": 0.018226773556866804,
      "b1": 0.9190948725100639,
      "b0": 7.359388055552824,
      "b2": -3.0212307845003545,
      "holder_scatter_sigma_deg": 9.171233576757148,
      "po_hkl_axis": [
        0.0,
        1.0,
        0.0
      ],
      "final_normalize": true
    },
    "synth_sampling_meta": {
      "family_name": "background",
      "slot": "background",
      "source_family": "opxrd_like",
      "preferred_source_family": "opxrd_like",
      "descriptor": {
        "phase_id": "cod_1522731",
        "formula": "ScPo",
        "crystal_system": "hexagonal",
        "elements": [
          "Po",
          "Sc"
        ],
        "density_g_cm3": 7.986728436376163,
        "avg_z": 52.5,
        "max_z": 84.0,
        "heavy_fraction": 0.0,
        "transition_fraction": 0.5,
        "cell_lengths": [
          4.206,
          4.206,
          6.92
        ],
        "cell_angles": [
          90.0,
          90.0,
          119.99999999999999
        ],
        "cell_volume": 106.01693950175759,
        "cell_anisotropy": 1.6452686638135994,
        "anisotropy_index": 0.6452686638135994,
        "theoretical_peak_count": 25,
        "peak_density": 0.29411764705882354,
        "median_gap_deg": 2.226072311401367,
        "crowded_fraction": 0.041666666666666664,
        "isolated_fraction": 0.7083333333333334,
        "simple_topology": false,
        "preferred_po_axis": [
          0,
          0,
          1
        ],
        "fluorescence_bucket": "none",
        "absorption_bucket": "heavy"
      },
      "attempt": 1,
      "donor_rows": {
        "instrument": "1191__opxrd_000584__H1_Mg1_O1",
        "chemistry": "1191__opxrd_000584__H1_Mg1_O1",
        "microstructure": "0533__rruff_R060944-1__Al2_Be3_O18_Si6",
        "orientation": "0389__rruff_R060027-1__O1_Zn1",
        "background": "0066__rruff_R040126-1__C4_Ca1_Mg3_O12"
      },
      "donor_rwp_percent": {
        "instrument": 5.159210709102735,
        "chemistry": 5.159210709102735,
        "microstructure": 24.953573436185255,
        "orientation": 24.453222087676167,
        "background": 8.894243026156627
      },
      "donor_peak_window_rwp": {
        "instrument": 5.48784949745101,
        "chemistry": 5.48784949745101,
        "microstructure": 24.732929990013435,
        "orientation": 21.08501543119881,
        "background": 11.562371080606463
      },
      "selected_sample_code": "1191__opxrd_000584__H1_Mg1_O1",
      "selected_peak_window_rwp": 5.48784949745101,
      "selected_peak_window_pearson": 0.9997162154875435,
      "selected_background_fraction": 0.5445765611275475
    },
    "original_sample_dir": "ScPo_SG194",
    "original_cif_path": "phase.cif",
    "original_generated_xy_path": "generated.xy",
    "original_generation_params_json": "generation_params.json",
    "original_generation_quality_json": "generation_quality.json"
  },
  "quality": {
    "note": "These are theory-vs-generated synthetic quality indicators plus donor-template quality provenance. They are not Rietveld fit-to-experiment outputs.",
    "theory_vs_generated": {
      "profile_pearson": 0.9649696493508046,
      "profile_cosine": 0.9174657557161007,
      "rmse": 2.412497506856985,
      "mae": 2.011002072105732,
      "background_fraction_generated": 4.423485976319488,
      "top_peak_count_used": 20,
      "top_peak_height_log_mae": 10.450908630413315,
      "top_peak_shift_abs_mean_deg": 0.18835567474365328,
      "peak_window_pearson": 0.9658629286232491,
      "peak_window_cosine": 0.9561580557821103
    },
    "donor_template_quality": {
      "selected_sample_code": "1191__opxrd_000584__H1_Mg1_O1",
      "selected_peak_window_rwp": 5.48784949745101,
      "selected_peak_window_pearson": 0.9997162154875435,
      "selected_background_fraction": 0.5445765611275475,
      "donor_rows": {
        "instrument": "1191__opxrd_000584__H1_Mg1_O1",
        "chemistry": "1191__opxrd_000584__H1_Mg1_O1",
        "microstructure": "0533__rruff_R060944-1__Al2_Be3_O18_Si6",
        "orientation": "0389__rruff_R060027-1__O1_Zn1",
        "background": "0066__rruff_R040126-1__C4_Ca1_Mg3_O12"
      },
      "donor_rwp_percent": {
        "instrument": 5.159210709102735,
        "chemistry": 5.159210709102735,
        "microstructure": 24.953573436185255,
        "orientation": 24.453222087676167,
        "background": 8.894243026156627
      },
      "donor_peak_window_rwp": {
        "instrument": 5.48784949745101,
        "chemistry": 5.48784949745101,
        "microstructure": 24.732929990013435,
        "orientation": 21.08501543119881,
        "background": 11.562371080606463
      }
    }
  },
  "generation_tier": "strict_core"
}
