{
  "sample_name": "CsI_123",
  "phase_id": "cod_2106199",
  "formula": "CsI",
  "space_group": 123,
  "space_group_symbol": "P4/mmm",
  "crystal_system": "tetragonal",
  "source_origin": "cod",
  "slot": "background",
  "formula_group_id": "Cs1|I1::sg::123",
  "descriptor": {
    "phase_id": "cod_2106199",
    "formula": "CsI",
    "crystal_system": "tetragonal",
    "elements": [
      "Cs",
      "I"
    ],
    "density_g_cm3": 13.911506377766356,
    "avg_z": 54.0,
    "max_z": 55.0,
    "heavy_fraction": 0.5,
    "transition_fraction": 0.0,
    "cell_lengths": [
      2.74357431,
      2.74357431,
      4.12
    ],
    "cell_angles": [
      90.0,
      90.0,
      90.0
    ],
    "cell_volume": 31.012063977306944,
    "cell_anisotropy": 1.5016906904919956,
    "anisotropy_index": 0.5016906904919956,
    "theoretical_peak_count": 16,
    "peak_density": 0.18823529411764706,
    "median_gap_deg": 4.076286315917969,
    "crowded_fraction": 0.13333333333333333,
    "isolated_fraction": 0.8666666666666667,
    "simple_topology": true,
    "preferred_po_axis": [
      0,
      0,
      1
    ],
    "fluorescence_bucket": "none",
    "absorption_bucket": "heavy"
  },
  "generation": {
    "theta_min": 5.0,
    "theta_max": 90.0,
    "num_points": 8501,
    "template_rwp_percent": 11.310710506171425,
    "template_peak_window_rwp": 13.039616858422296,
    "template_peak_window_pearson": 0.9953688247628263,
    "synth_params": {
      "ka1": 1.5405929,
      "ka2": 1.5444274,
      "use_tch_profile": true,
      "sigma_scale": 0.915935817612402,
      "kb_ratio": 0.01500880233919089,
      "use_fcj_asymmetry": true,
      "detector_nonlinearity": 0.0,
      "use_ka2": true,
      "caglioti_u": 0.031390575609021656,
      "kb": 1.39225,
      "caglioti_w": 0.0018448797995058975,
      "detector_deadtime_coeff": 0.0,
      "axial_s_over_l": 0.0012,
      "sigma_min_deg": 0.008,
      "ka2_ratio": 0.48492173130236843,
      "caglioti_v": 0.007351125729718566,
      "sigma_deg": 0.01878969372542678,
      "use_kbeta": true,
      "beam_sample_ratio": 0.05,
      "fluorescence_level": 0.0,
      "muR": 0.04,
      "trns": 0.0,
      "fluorescence_decay": 3.0,
      "lorentz_z": 1e-08,
      "strain": 2.104457632986106e-05,
      "pseudo_voigt_eta": 0.18239417630671903,
      "lorentz_size": 0.0018767860557139064,
      "macro_strain": 0.0003245765120281523,
      "sample_displacement_sr": -0.0003459797654655709,
      "size_nm": 155.31676640618235,
      "delta_deg": -0.0025679986639565206,
      "lorentz_strain": 0.008267180606150105,
      "po_r": 1.0,
      "air_scatter_level": 1.5043160827637982,
      "b3": 0.10299375283530815,
      "scatter_sigma_deg": 7.699100070281181,
      "b4": 0.31282989258554345,
      "scatter_level": 1.2,
      "compton_level": 0.21821706008330488,
      "holder_scatter_center_deg": 8.452854877903937,
      "a": 2.5764626566355977,
      "holder_scatter_level": 0.17441951742242592,
      "scatter_center_deg": 24.028142905786652,
      "b5": -0.3304254188588024,
      "poisson_counts_max": 5019.25,
      "air_scatter_floor": 0.015831746406588215,
      "b1": -1.117342928390338,
      "b0": 9.41725529385996,
      "b2": -2.190287781237602,
      "holder_scatter_sigma_deg": 4.455131483066237,
      "po_hkl_axis": [
        0.0,
        1.0,
        0.0
      ],
      "final_normalize": true
    },
    "synth_sampling_meta": {
      "family_name": "background",
      "slot": "background",
      "source_family": "opxrd_like",
      "preferred_source_family": "opxrd_like",
      "descriptor": {
        "phase_id": "cod_2106199",
        "formula": "CsI",
        "crystal_system": "tetragonal",
        "elements": [
          "Cs",
          "I"
        ],
        "density_g_cm3": 13.911506377766356,
        "avg_z": 54.0,
        "max_z": 55.0,
        "heavy_fraction": 0.5,
        "transition_fraction": 0.0,
        "cell_lengths": [
          2.74357431,
          2.74357431,
          4.12
        ],
        "cell_angles": [
          90.0,
          90.0,
          90.0
        ],
        "cell_volume": 31.012063977306944,
        "cell_anisotropy": 1.5016906904919956,
        "anisotropy_index": 0.5016906904919956,
        "theoretical_peak_count": 16,
        "peak_density": 0.18823529411764706,
        "median_gap_deg": 4.076286315917969,
        "crowded_fraction": 0.13333333333333333,
        "isolated_fraction": 0.8666666666666667,
        "simple_topology": true,
        "preferred_po_axis": [
          0,
          0,
          1
        ],
        "fluorescence_bucket": "none",
        "absorption_bucket": "heavy"
      },
      "attempt": 1,
      "donor_rows": {
        "instrument": "1191__opxrd_000584__H1_Mg1_O1",
        "chemistry": "1191__opxrd_000584__H1_Mg1_O1",
        "microstructure": "0454__rruff_R060417-1__Ca1_O4_W1",
        "orientation": "0454__rruff_R060417-1__Ca1_O4_W1",
        "background": "0296__rruff_R050443-1__C1_Mg1_O3"
      },
      "donor_rwp_percent": {
        "instrument": 5.159210709102735,
        "chemistry": 5.159210709102735,
        "microstructure": 20.538160106639065,
        "orientation": 20.538160106639065,
        "background": 27.08433368266328
      },
      "donor_peak_window_rwp": {
        "instrument": 5.48784949745101,
        "chemistry": 5.48784949745101,
        "microstructure": 17.54785920227529,
        "orientation": 17.54785920227529,
        "background": 13.745715758604918
      },
      "selected_sample_code": "1191__opxrd_000584__H1_Mg1_O1",
      "selected_peak_window_rwp": 5.48784949745101,
      "selected_peak_window_pearson": 0.9997162154875435,
      "selected_background_fraction": 0.3921797860339511
    },
    "original_sample_dir": "CsI_SG123",
    "original_cif_path": "phase.cif",
    "original_generated_xy_path": "generated.xy",
    "original_generation_params_json": "generation_params.json",
    "original_generation_quality_json": "generation_quality.json"
  },
  "quality": {
    "note": "These are theory-vs-generated synthetic quality indicators plus donor-template quality provenance. They are not Rietveld fit-to-experiment outputs.",
    "theory_vs_generated": {
      "profile_pearson": 0.936494916583619,
      "profile_cosine": 0.910804223958002,
      "rmse": 2.060232834828066,
      "mae": 1.2936550500517663,
      "background_fraction_generated": 8.26887226042382,
      "top_peak_count_used": 16,
      "top_peak_height_log_mae": 11.809696376452996,
      "top_peak_shift_abs_mean_deg": 0.24361361980438367,
      "peak_window_pearson": 0.934488626724064,
      "peak_window_cosine": 0.9334640707899114
    },
    "donor_template_quality": {
      "selected_sample_code": "1191__opxrd_000584__H1_Mg1_O1",
      "selected_peak_window_rwp": 5.48784949745101,
      "selected_peak_window_pearson": 0.9997162154875435,
      "selected_background_fraction": 0.3921797860339511,
      "donor_rows": {
        "instrument": "1191__opxrd_000584__H1_Mg1_O1",
        "chemistry": "1191__opxrd_000584__H1_Mg1_O1",
        "microstructure": "0454__rruff_R060417-1__Ca1_O4_W1",
        "orientation": "0454__rruff_R060417-1__Ca1_O4_W1",
        "background": "0296__rruff_R050443-1__C1_Mg1_O3"
      },
      "donor_rwp_percent": {
        "instrument": 5.159210709102735,
        "chemistry": 5.159210709102735,
        "microstructure": 20.538160106639065,
        "orientation": 20.538160106639065,
        "background": 27.08433368266328
      },
      "donor_peak_window_rwp": {
        "instrument": 5.48784949745101,
        "chemistry": 5.48784949745101,
        "microstructure": 17.54785920227529,
        "orientation": 17.54785920227529,
        "background": 13.745715758604918
      }
    }
  },
  "generation_tier": "strict_core"
}
