{
  "sample_name": "Ga_64",
  "phase_id": "mp-142",
  "formula": "Ga",
  "space_group": 64,
  "space_group_symbol": "Cmce",
  "crystal_system": "orthorhombic",
  "source_origin": "materials_project",
  "slot": "profile",
  "formula_group_id": "Ga1::sg::64",
  "descriptor": {
    "phase_id": "mp-142",
    "formula": "Ga",
    "crystal_system": "orthorhombic",
    "elements": [
      "Ga"
    ],
    "density_g_cm3": 6.0377632914302986,
    "avg_z": 31.0,
    "max_z": 31.0,
    "heavy_fraction": 0.0,
    "transition_fraction": 0.0,
    "cell_lengths": [
      4.43204666,
      7.59798368,
      4.55550353
    ],
    "cell_angles": [
      90.0,
      90.0,
      90.0
    ],
    "cell_volume": 153.40484204359365,
    "cell_anisotropy": 1.7143284497821598,
    "anisotropy_index": 0.7143284497821598,
    "theoretical_peak_count": 38,
    "peak_density": 0.4470588235294118,
    "median_gap_deg": 0.74169921875,
    "crowded_fraction": 0.32432432432432434,
    "isolated_fraction": 0.35135135135135137,
    "simple_topology": false,
    "preferred_po_axis": [
      0,
      1,
      0
    ],
    "fluorescence_bucket": "none",
    "absorption_bucket": "medium"
  },
  "generation": {
    "theta_min": 5.0,
    "theta_max": 90.0,
    "num_points": 8501,
    "template_rwp_percent": 13.402713244316242,
    "template_peak_window_rwp": 13.36610465902315,
    "template_peak_window_pearson": 0.9814392226643239,
    "synth_params": {
      "ka1": 1.5405929,
      "ka2": 1.5444274,
      "use_tch_profile": true,
      "sigma_scale": 0.915935817612402,
      "kb_ratio": 0.01500880233919089,
      "use_fcj_asymmetry": true,
      "detector_nonlinearity": 0.0,
      "use_ka2": true,
      "caglioti_u": 0.031390575609021656,
      "kb": 1.39225,
      "caglioti_w": 0.0018448797995058975,
      "detector_deadtime_coeff": 0.0,
      "axial_s_over_l": 0.0012,
      "sigma_min_deg": 0.008,
      "ka2_ratio": 0.48492173130236843,
      "caglioti_v": 0.007351125729718566,
      "sigma_deg": 0.019353384537189586,
      "use_kbeta": true,
      "beam_sample_ratio": 0.05,
      "fluorescence_level": 0.0,
      "muR": 0.01,
      "trns": 0.08,
      "fluorescence_decay": 3.0,
      "lorentz_z": 1e-08,
      "strain": 0.0006574373502995551,
      "pseudo_voigt_eta": -0.04085922014840218,
      "lorentz_size": 0.003994349957377046,
      "macro_strain": -0.0001799828103119419,
      "sample_displacement_sr": -0.0006179209672928388,
      "size_nm": 280.22451286803135,
      "delta_deg": -0.021790081829854265,
      "lorentz_strain": 0.009,
      "po_r": 1.0,
      "air_scatter_level": 1e-08,
      "b3": -0.1848624278005454,
      "scatter_sigma_deg": 6.0,
      "b4": 0.20595308036552476,
      "scatter_level": 1e-08,
      "compton_level": 1e-08,
      "holder_scatter_center_deg": 15.0,
      "a": 2.456521703905162,
      "holder_scatter_level": 1e-08,
      "scatter_center_deg": 15.0,
      "b5": -1.0196444166448001e-06,
      "poisson_counts_max": 3486.5,
      "air_scatter_floor": 0.05,
      "b1": -4.44554467722384,
      "b0": 21.288767814184258,
      "b2": -1.9952642435986017,
      "holder_scatter_sigma_deg": 4.0,
      "po_hkl_axis": [
        1.0,
        0.0,
        0.0
      ],
      "final_normalize": true
    },
    "synth_sampling_meta": {
      "family_name": "profile",
      "slot": "profile",
      "source_family": "opxrd_like",
      "preferred_source_family": "opxrd_like",
      "descriptor": {
        "phase_id": "mp-142",
        "formula": "Ga",
        "crystal_system": "orthorhombic",
        "elements": [
          "Ga"
        ],
        "density_g_cm3": 6.0377632914302986,
        "avg_z": 31.0,
        "max_z": 31.0,
        "heavy_fraction": 0.0,
        "transition_fraction": 0.0,
        "cell_lengths": [
          4.43204666,
          7.59798368,
          4.55550353
        ],
        "cell_angles": [
          90.0,
          90.0,
          90.0
        ],
        "cell_volume": 153.40484204359365,
        "cell_anisotropy": 1.7143284497821598,
        "anisotropy_index": 0.7143284497821598,
        "theoretical_peak_count": 38,
        "peak_density": 0.4470588235294118,
        "median_gap_deg": 0.74169921875,
        "crowded_fraction": 0.32432432432432434,
        "isolated_fraction": 0.35135135135135137,
        "simple_topology": false,
        "preferred_po_axis": [
          0,
          1,
          0
        ],
        "fluorescence_bucket": "none",
        "absorption_bucket": "medium"
      },
      "attempt": 1,
      "donor_rows": {
        "instrument": "1191__opxrd_000584__H1_Mg1_O1",
        "chemistry": "0181__rruff_R050200-1__Al2_F2_O4_Si1",
        "microstructure": "0453__rruff_R060409-1__Al1_As1_H4_O6",
        "orientation": "0453__rruff_R060409-1__Al1_As1_H4_O6",
        "background": "1191__opxrd_000584__H1_Mg1_O1"
      },
      "donor_rwp_percent": {
        "instrument": 5.159210709102735,
        "chemistry": 23.384740001121493,
        "microstructure": 17.010113375270937,
        "orientation": 17.010113375270937,
        "background": 5.159210709102735
      },
      "donor_peak_window_rwp": {
        "instrument": 5.48784949745101,
        "chemistry": 22.398779644575264,
        "microstructure": 16.7700543319154,
        "orientation": 16.7700543319154,
        "background": 5.48784949745101
      },
      "selected_sample_code": "1191__opxrd_000584__H1_Mg1_O1",
      "selected_peak_window_rwp": 5.48784949745101,
      "selected_peak_window_pearson": 0.9997162154875435,
      "selected_background_fraction": 0.5127638626915709
    },
    "original_sample_dir": "Ga_SG64",
    "original_cif_path": "phase.cif",
    "original_generated_xy_path": "generated.xy",
    "original_generation_params_json": "generation_params.json",
    "original_generation_quality_json": "generation_quality.json"
  },
  "quality": {
    "note": "These are theory-vs-generated synthetic quality indicators plus donor-template quality provenance. They are not Rietveld fit-to-experiment outputs.",
    "theory_vs_generated": {
      "profile_pearson": 0.670566945414456,
      "profile_cosine": 0.6759687389930016,
      "rmse": 5.741488494734947,
      "mae": 2.3525331994088883,
      "background_fraction_generated": 7.411655999416782,
      "top_peak_count_used": 20,
      "top_peak_height_log_mae": 14.749825165055963,
      "top_peak_shift_abs_mean_deg": 0.26559297943115184,
      "peak_window_pearson": 0.6982092525147963,
      "peak_window_cosine": 0.762261250127646
    },
    "donor_template_quality": {
      "selected_sample_code": "1191__opxrd_000584__H1_Mg1_O1",
      "selected_peak_window_rwp": 5.48784949745101,
      "selected_peak_window_pearson": 0.9997162154875435,
      "selected_background_fraction": 0.5127638626915709,
      "donor_rows": {
        "instrument": "1191__opxrd_000584__H1_Mg1_O1",
        "chemistry": "0181__rruff_R050200-1__Al2_F2_O4_Si1",
        "microstructure": "0453__rruff_R060409-1__Al1_As1_H4_O6",
        "orientation": "0453__rruff_R060409-1__Al1_As1_H4_O6",
        "background": "1191__opxrd_000584__H1_Mg1_O1"
      },
      "donor_rwp_percent": {
        "instrument": 5.159210709102735,
        "chemistry": 23.384740001121493,
        "microstructure": 17.010113375270937,
        "orientation": 17.010113375270937,
        "background": 5.159210709102735
      },
      "donor_peak_window_rwp": {
        "instrument": 5.48784949745101,
        "chemistry": 22.398779644575264,
        "microstructure": 16.7700543319154,
        "orientation": 16.7700543319154,
        "background": 5.48784949745101
      }
    }
  },
  "generation_tier": "strict_core"
}
