{
  "sample_name": "Cs5Mo21S23_176",
  "phase_id": "cod_2006738",
  "formula": "Cs5Mo21S23",
  "space_group": 176,
  "space_group_symbol": "P6_3/m",
  "crystal_system": "hexagonal",
  "source_origin": "cod",
  "slot": "background",
  "formula_group_id": "Cs5|Mo21|S23::sg::176",
  "descriptor": {
    "phase_id": "cod_2006738",
    "formula": "Cs5Mo21S23",
    "crystal_system": "hexagonal",
    "elements": [
      "Cs",
      "Mo",
      "S"
    ],
    "density_g_cm3": 5.113539511697538,
    "avg_z": 31.122448979591837,
    "max_z": 55.0,
    "heavy_fraction": 0.5306122448979592,
    "transition_fraction": 0.42857142857142855,
    "cell_lengths": [
      9.3529,
      9.3529,
      29.292
    ],
    "cell_angles": [
      90.0,
      90.0,
      120.00000000000001
    ],
    "cell_volume": 2219.0763200840665,
    "cell_anisotropy": 3.1318628446791905,
    "anisotropy_index": 2.1318628446791905,
    "theoretical_peak_count": 401,
    "peak_density": 4.7176470588235295,
    "median_gap_deg": 0.11342620849609375,
    "crowded_fraction": 0.8425,
    "isolated_fraction": 0.015,
    "simple_topology": false,
    "preferred_po_axis": [
      0,
      0,
      1
    ],
    "fluorescence_bucket": "moderate",
    "absorption_bucket": "heavy"
  },
  "generation": {
    "theta_min": 5.0,
    "theta_max": 90.0,
    "num_points": 8501,
    "template_rwp_percent": 11.800676499373662,
    "template_peak_window_rwp": 16.67151917078972,
    "template_peak_window_pearson": 0.9867544375397198,
    "synth_params": {
      "ka1": 1.5405929,
      "ka2": 1.5444274,
      "use_tch_profile": true,
      "sigma_scale": 0.915935817612402,
      "kb_ratio": 0.01500880233919089,
      "use_fcj_asymmetry": true,
      "detector_nonlinearity": 0.0,
      "use_ka2": true,
      "caglioti_u": 0.031390575609021656,
      "kb": 1.39225,
      "caglioti_w": 0.0018448797995058975,
      "detector_deadtime_coeff": 0.0,
      "axial_s_over_l": 0.0012,
      "sigma_min_deg": 0.008,
      "ka2_ratio": 0.48492173130236843,
      "caglioti_v": 0.007351125729718566,
      "sigma_deg": 0.01878969372542678,
      "use_kbeta": true,
      "beam_sample_ratio": 0.05,
      "fluorescence_level": 1.0,
      "muR": 0.04,
      "trns": 1.000000000000129e-08,
      "fluorescence_decay": 3.0,
      "lorentz_z": 0.00034506642384020706,
      "strain": 0.00016071247842704568,
      "pseudo_voigt_eta": 0.18513479305557756,
      "lorentz_size": 0.008019799000488338,
      "macro_strain": 0.00034772864794738563,
      "sample_displacement_sr": -0.0005871634812243706,
      "size_nm": 180.0,
      "delta_deg": -0.008381722193035481,
      "lorentz_strain": 0.008,
      "po_r": 1.0,
      "air_scatter_level": 1e-08,
      "b3": -0.1848624278005454,
      "scatter_sigma_deg": 6.0,
      "b4": 0.20595308036552476,
      "scatter_level": 1.2,
      "compton_level": 1e-08,
      "holder_scatter_center_deg": 15.0,
      "a": 2.456521703905162,
      "holder_scatter_level": 1e-08,
      "scatter_center_deg": 15.0,
      "b5": -1.0196444166448001e-06,
      "poisson_counts_max": 3119.5,
      "air_scatter_floor": 0.05,
      "b1": -4.44554467722384,
      "b0": 21.288767814184258,
      "b2": -1.9952642435986017,
      "holder_scatter_sigma_deg": 4.0,
      "po_hkl_axis": [
        0.0,
        1.0,
        0.0
      ],
      "final_normalize": true
    },
    "synth_sampling_meta": {
      "family_name": "background",
      "slot": "background",
      "source_family": "opxrd_like",
      "preferred_source_family": "opxrd_like",
      "descriptor": {
        "phase_id": "cod_2006738",
        "formula": "Cs5Mo21S23",
        "crystal_system": "hexagonal",
        "elements": [
          "Cs",
          "Mo",
          "S"
        ],
        "density_g_cm3": 5.113539511697538,
        "avg_z": 31.122448979591837,
        "max_z": 55.0,
        "heavy_fraction": 0.5306122448979592,
        "transition_fraction": 0.42857142857142855,
        "cell_lengths": [
          9.3529,
          9.3529,
          29.292
        ],
        "cell_angles": [
          90.0,
          90.0,
          120.00000000000001
        ],
        "cell_volume": 2219.0763200840665,
        "cell_anisotropy": 3.1318628446791905,
        "anisotropy_index": 2.1318628446791905,
        "theoretical_peak_count": 401,
        "peak_density": 4.7176470588235295,
        "median_gap_deg": 0.11342620849609375,
        "crowded_fraction": 0.8425,
        "isolated_fraction": 0.015,
        "simple_topology": false,
        "preferred_po_axis": [
          0,
          0,
          1
        ],
        "fluorescence_bucket": "moderate",
        "absorption_bucket": "heavy"
      },
      "attempt": 1,
      "donor_rows": {
        "instrument": "1191__opxrd_000584__H1_Mg1_O1",
        "chemistry": "0314__rruff_R050492-1__O1_Zn1",
        "microstructure": "0108__rruff_R050027-1__Cl1_O12_P3_Pb5",
        "orientation": "0108__rruff_R050027-1__Cl1_O12_P3_Pb5",
        "background": "1191__opxrd_000584__H1_Mg1_O1"
      },
      "donor_rwp_percent": {
        "instrument": 5.159210709102735,
        "chemistry": 21.029857301235502,
        "microstructure": 23.194792261658982,
        "orientation": 23.194792261658982,
        "background": 5.159210709102735
      },
      "donor_peak_window_rwp": {
        "instrument": 5.48784949745101,
        "chemistry": 19.69336809879984,
        "microstructure": 21.740500893327447,
        "orientation": 21.740500893327447,
        "background": 5.48784949745101
      },
      "selected_sample_code": "1191__opxrd_000584__H1_Mg1_O1",
      "selected_peak_window_rwp": 5.48784949745101,
      "selected_peak_window_pearson": 0.9997162154875435,
      "selected_background_fraction": 0.5127638626915709
    },
    "original_sample_dir": "Cs5Mo21S23_SG176",
    "original_cif_path": "phase.cif",
    "original_generated_xy_path": "generated.xy",
    "original_generation_params_json": "generation_params.json",
    "original_generation_quality_json": "generation_quality.json"
  },
  "quality": {
    "note": "These are theory-vs-generated synthetic quality indicators plus donor-template quality provenance. They are not Rietveld fit-to-experiment outputs.",
    "theory_vs_generated": {
      "profile_pearson": 0.7640181705942966,
      "profile_cosine": 0.7456469415415076,
      "rmse": 3.5465144779855406,
      "mae": 2.155072430689235,
      "background_fraction_generated": 7.80471309195319,
      "top_peak_count_used": 20,
      "top_peak_height_log_mae": 12.851858576980566,
      "top_peak_shift_abs_mean_deg": 0.24552940940856924,
      "peak_window_pearson": 0.7259884405061857,
      "peak_window_cosine": 0.770380606565685
    },
    "donor_template_quality": {
      "selected_sample_code": "1191__opxrd_000584__H1_Mg1_O1",
      "selected_peak_window_rwp": 5.48784949745101,
      "selected_peak_window_pearson": 0.9997162154875435,
      "selected_background_fraction": 0.5127638626915709,
      "donor_rows": {
        "instrument": "1191__opxrd_000584__H1_Mg1_O1",
        "chemistry": "0314__rruff_R050492-1__O1_Zn1",
        "microstructure": "0108__rruff_R050027-1__Cl1_O12_P3_Pb5",
        "orientation": "0108__rruff_R050027-1__Cl1_O12_P3_Pb5",
        "background": "1191__opxrd_000584__H1_Mg1_O1"
      },
      "donor_rwp_percent": {
        "instrument": 5.159210709102735,
        "chemistry": 21.029857301235502,
        "microstructure": 23.194792261658982,
        "orientation": 23.194792261658982,
        "background": 5.159210709102735
      },
      "donor_peak_window_rwp": {
        "instrument": 5.48784949745101,
        "chemistry": 19.69336809879984,
        "microstructure": 21.740500893327447,
        "orientation": 21.740500893327447,
        "background": 5.48784949745101
      }
    }
  },
  "generation_tier": "strict_core"
}
