{
  "sample_name": "P_53",
  "phase_id": "mp-1014013",
  "formula": "P",
  "space_group": 53,
  "space_group_symbol": "Pmna",
  "crystal_system": "orthorhombic",
  "source_origin": "materials_project",
  "slot": "profile",
  "formula_group_id": "P1::sg::53",
  "descriptor": {
    "phase_id": "mp-1014013",
    "formula": "P",
    "crystal_system": "orthorhombic",
    "elements": [
      "P"
    ],
    "density_g_cm3": 0.3880333218410275,
    "avg_z": 15.0,
    "max_z": 15.0,
    "heavy_fraction": 0.0,
    "transition_fraction": 0.0,
    "cell_lengths": [
      3.28372772,
      34.85703099,
      4.63208471
    ],
    "cell_angles": [
      90.0,
      90.0,
      90.0
    ],
    "cell_volume": 530.1930428902824,
    "cell_anisotropy": 10.615079556596124,
    "anisotropy_index": 9.615079556596124,
    "theoretical_peak_count": 256,
    "peak_density": 3.011764705882353,
    "median_gap_deg": 0.17792892456054688,
    "crowded_fraction": 0.7176470588235294,
    "isolated_fraction": 0.050980392156862744,
    "simple_topology": false,
    "preferred_po_axis": [
      0,
      1,
      0
    ],
    "fluorescence_bucket": "none",
    "absorption_bucket": "light"
  },
  "generation": {
    "theta_min": 5.0,
    "theta_max": 90.0,
    "num_points": 8501,
    "template_rwp_percent": 13.402713244316242,
    "template_peak_window_rwp": 13.36610465902315,
    "template_peak_window_pearson": 0.9814392226643239,
    "synth_params": {
      "ka1": 1.5405929,
      "ka2": 1.5444274,
      "use_tch_profile": true,
      "sigma_scale": 0.915935817612402,
      "kb_ratio": 0.01500880233919089,
      "use_fcj_asymmetry": true,
      "detector_nonlinearity": 0.0,
      "use_ka2": true,
      "caglioti_u": 0.031390575609021656,
      "kb": 1.39225,
      "caglioti_w": 0.0018448797995058975,
      "detector_deadtime_coeff": 0.0,
      "axial_s_over_l": 0.0012,
      "sigma_min_deg": 0.008,
      "ka2_ratio": 0.48492173130236843,
      "caglioti_v": 0.007351125729718566,
      "sigma_deg": 0.019353384537189586,
      "use_kbeta": true,
      "beam_sample_ratio": 0.05,
      "fluorescence_level": 0.0,
      "muR": 0.00029965196643889615,
      "trns": 0.18,
      "fluorescence_decay": 3.0,
      "lorentz_z": 1e-08,
      "strain": 0.0006574373502995551,
      "pseudo_voigt_eta": -0.04085922014840218,
      "lorentz_size": 0.003994349957377046,
      "macro_strain": -0.0001799828103119419,
      "sample_displacement_sr": -0.0006179209672928388,
      "size_nm": 180.0,
      "delta_deg": -0.021790081829854265,
      "lorentz_strain": 0.009,
      "po_r": 1.0,
      "air_scatter_level": 2.330268081487112,
      "b3": 0.4116872829535968,
      "scatter_sigma_deg": 9.260611907465764,
      "b4": 0.7206392578509205,
      "scatter_level": 3.44835138450369,
      "compton_level": 0.009517294348998808,
      "holder_scatter_center_deg": 13.5689839516084,
      "a": 0.8780553122115068,
      "holder_scatter_level": 0.7929232387534371,
      "scatter_center_deg": 3.291222648442245,
      "b5": -0.2862500326288072,
      "poisson_counts_max": 1200.0,
      "air_scatter_floor": 0.08603245317709057,
      "b1": 1.9983830524495958,
      "b0": 14.572839793184654,
      "b2": -3.733559065106686,
      "holder_scatter_sigma_deg": 4.075034159885468,
      "po_hkl_axis": [
        0.0,
        1.0,
        0.0
      ],
      "final_normalize": true
    },
    "synth_sampling_meta": {
      "family_name": "profile",
      "slot": "profile",
      "source_family": "opxrd_like",
      "preferred_source_family": "opxrd_like",
      "descriptor": {
        "phase_id": "mp-1014013",
        "formula": "P",
        "crystal_system": "orthorhombic",
        "elements": [
          "P"
        ],
        "density_g_cm3": 0.3880333218410275,
        "avg_z": 15.0,
        "max_z": 15.0,
        "heavy_fraction": 0.0,
        "transition_fraction": 0.0,
        "cell_lengths": [
          3.28372772,
          34.85703099,
          4.63208471
        ],
        "cell_angles": [
          90.0,
          90.0,
          90.0
        ],
        "cell_volume": 530.1930428902824,
        "cell_anisotropy": 10.615079556596124,
        "anisotropy_index": 9.615079556596124,
        "theoretical_peak_count": 256,
        "peak_density": 3.011764705882353,
        "median_gap_deg": 0.17792892456054688,
        "crowded_fraction": 0.7176470588235294,
        "isolated_fraction": 0.050980392156862744,
        "simple_topology": false,
        "preferred_po_axis": [
          0,
          1,
          0
        ],
        "fluorescence_bucket": "none",
        "absorption_bucket": "light"
      },
      "attempt": 1,
      "donor_rows": {
        "instrument": "1191__opxrd_000584__H1_Mg1_O1",
        "chemistry": "0453__rruff_R060409-1__Al1_As1_H4_O6",
        "microstructure": "0453__rruff_R060409-1__Al1_As1_H4_O6",
        "orientation": "0181__rruff_R050200-1__Al2_F2_O4_Si1",
        "background": "0041__rruff_R040073-1__Al2_Be1_O4"
      },
      "donor_rwp_percent": {
        "instrument": 5.159210709102735,
        "chemistry": 17.010113375270937,
        "microstructure": 17.010113375270937,
        "orientation": 23.384740001121493,
        "background": 21.50594762145123
      },
      "donor_peak_window_rwp": {
        "instrument": 5.48784949745101,
        "chemistry": 16.7700543319154,
        "microstructure": 16.7700543319154,
        "orientation": 22.398779644575264,
        "background": 21.59440755253815
      },
      "selected_sample_code": "1191__opxrd_000584__H1_Mg1_O1",
      "selected_peak_window_rwp": 5.48784949745101,
      "selected_peak_window_pearson": 0.9997162154875435,
      "selected_background_fraction": 0.5753117609632228
    },
    "original_sample_dir": "P_SG53",
    "original_cif_path": "phase.cif",
    "original_generated_xy_path": "generated.xy",
    "original_generation_params_json": "generation_params.json",
    "original_generation_quality_json": "generation_quality.json"
  },
  "quality": {
    "note": "These are theory-vs-generated synthetic quality indicators plus donor-template quality provenance. They are not Rietveld fit-to-experiment outputs.",
    "theory_vs_generated": {
      "profile_pearson": 0.775430825440802,
      "profile_cosine": 0.5432824151255873,
      "rmse": 6.40823725229199,
      "mae": 5.685574968991057,
      "background_fraction_generated": 3.5725619512408473,
      "top_peak_count_used": 20,
      "top_peak_height_log_mae": 15.902696400690099,
      "top_peak_shift_abs_mean_deg": 0.29710179615020665,
      "peak_window_pearson": 0.826863425465821,
      "peak_window_cosine": 0.7454243812445607
    },
    "donor_template_quality": {
      "selected_sample_code": "1191__opxrd_000584__H1_Mg1_O1",
      "selected_peak_window_rwp": 5.48784949745101,
      "selected_peak_window_pearson": 0.9997162154875435,
      "selected_background_fraction": 0.5753117609632228,
      "donor_rows": {
        "instrument": "1191__opxrd_000584__H1_Mg1_O1",
        "chemistry": "0453__rruff_R060409-1__Al1_As1_H4_O6",
        "microstructure": "0453__rruff_R060409-1__Al1_As1_H4_O6",
        "orientation": "0181__rruff_R050200-1__Al2_F2_O4_Si1",
        "background": "0041__rruff_R040073-1__Al2_Be1_O4"
      },
      "donor_rwp_percent": {
        "instrument": 5.159210709102735,
        "chemistry": 17.010113375270937,
        "microstructure": 17.010113375270937,
        "orientation": 23.384740001121493,
        "background": 21.50594762145123
      },
      "donor_peak_window_rwp": {
        "instrument": 5.48784949745101,
        "chemistry": 16.7700543319154,
        "microstructure": 16.7700543319154,
        "orientation": 22.398779644575264,
        "background": 21.59440755253815
      }
    }
  },
  "generation_tier": "strict_core"
}
