{
  "sample_name": "BN_62",
  "phase_id": "mp-644751",
  "formula": "BN",
  "space_group": 62,
  "space_group_symbol": "Pnma",
  "crystal_system": "orthorhombic",
  "source_origin": "materials_project",
  "slot": "anchor",
  "formula_group_id": "B1|N1::sg::62",
  "descriptor": {
    "phase_id": "mp-644751",
    "formula": "BN",
    "crystal_system": "orthorhombic",
    "elements": [
      "B",
      "N"
    ],
    "density_g_cm3": 3.036917721561007,
    "avg_z": 6.0,
    "max_z": 7.0,
    "heavy_fraction": 0.0,
    "transition_fraction": 0.0,
    "cell_lengths": [
      4.880089,
      2.591464,
      4.292049
    ],
    "cell_angles": [
      90.0,
      90.0,
      90.0
    ],
    "cell_volume": 54.27971941176348,
    "cell_anisotropy": 1.8831398005143036,
    "anisotropy_index": 0.8831398005143036,
    "theoretical_peak_count": 29,
    "peak_density": 0.3411764705882353,
    "median_gap_deg": 1.3390083312988281,
    "crowded_fraction": 0.14285714285714285,
    "isolated_fraction": 0.6071428571428571,
    "simple_topology": false,
    "preferred_po_axis": [
      1,
      0,
      0
    ],
    "fluorescence_bucket": "none",
    "absorption_bucket": "light"
  },
  "generation": {
    "theta_min": 5.0,
    "theta_max": 90.0,
    "num_points": 8501,
    "template_rwp_percent": 10.842870596894375,
    "template_peak_window_rwp": 9.019290975003878,
    "template_peak_window_pearson": 0.9923523761905567,
    "synth_params": {
      "ka1": 1.5405929,
      "ka2": 1.5444274,
      "use_tch_profile": true,
      "sigma_scale": 0.6,
      "kb_ratio": 0.018,
      "use_fcj_asymmetry": true,
      "detector_nonlinearity": 0.0,
      "use_ka2": true,
      "caglioti_u": 0.015993668366388946,
      "kb": 1.39225,
      "caglioti_w": 0.0012299207136324394,
      "detector_deadtime_coeff": 0.0,
      "axial_s_over_l": 0.0011999999996109912,
      "sigma_min_deg": 0.008,
      "ka2_ratio": 0.5014994769818425,
      "caglioti_v": -0.01611273624252125,
      "sigma_deg": 0.011182542556369897,
      "use_kbeta": true,
      "beam_sample_ratio": 0.04999999999979615,
      "fluorescence_level": 0.0,
      "muR": 0.0,
      "trns": 0.0,
      "fluorescence_decay": 3.0,
      "lorentz_z": 0.0025615741864937146,
      "strain": 0.00035251942474801733,
      "pseudo_voigt_eta": 0.019998137563054755,
      "lorentz_size": 0.03,
      "macro_strain": 0.0007754606980393147,
      "sample_displacement_sr": -0.0004363673523633122,
      "size_nm": 214.42985623728077,
      "delta_deg": -0.00985351084817813,
      "lorentz_strain": 0.008,
      "po_r": 1.0,
      "air_scatter_level": 0.5841124571296695,
      "b3": 0.06477202067221789,
      "scatter_sigma_deg": 8.626581882942178,
      "b4": 0.06528002471603768,
      "scatter_level": 2.252817493722686,
      "compton_level": 0.010043269635365882,
      "holder_scatter_center_deg": 8.733630486426796,
      "a": 2.7860400406715473,
      "holder_scatter_level": 0.9617726180846972,
      "scatter_center_deg": 3.8378658127202927,
      "b5": 2.4817244509620853e-06,
      "poisson_counts_max": 3554.4,
      "air_scatter_floor": 0.023676712864369537,
      "b1": -1.9302030990920167,
      "b0": -1.304914537860174,
      "b2": 1.2713466601275605,
      "holder_scatter_sigma_deg": 1.4457971233688056,
      "po_hkl_axis": [
        0.0,
        0.0,
        1.0
      ],
      "final_normalize": true
    },
    "synth_sampling_meta": {
      "family_name": "anchor",
      "slot": "anchor",
      "source_family": "rruff_like",
      "preferred_source_family": "rruff_like",
      "descriptor": {
        "phase_id": "mp-644751",
        "formula": "BN",
        "crystal_system": "orthorhombic",
        "elements": [
          "B",
          "N"
        ],
        "density_g_cm3": 3.036917721561007,
        "avg_z": 6.0,
        "max_z": 7.0,
        "heavy_fraction": 0.0,
        "transition_fraction": 0.0,
        "cell_lengths": [
          4.880089,
          2.591464,
          4.292049
        ],
        "cell_angles": [
          90.0,
          90.0,
          90.0
        ],
        "cell_volume": 54.27971941176348,
        "cell_anisotropy": 1.8831398005143036,
        "anisotropy_index": 0.8831398005143036,
        "theoretical_peak_count": 29,
        "peak_density": 0.3411764705882353,
        "median_gap_deg": 1.3390083312988281,
        "crowded_fraction": 0.14285714285714285,
        "isolated_fraction": 0.6071428571428571,
        "simple_topology": false,
        "preferred_po_axis": [
          1,
          0,
          0
        ],
        "fluorescence_bucket": "none",
        "absorption_bucket": "light"
      },
      "attempt": 1,
      "donor_rows": {
        "instrument": "0113__rruff_R050045-1__Ca1_F2",
        "chemistry": "0150__rruff_R050126-1__Al3_H4_Na1_O12_P2",
        "microstructure": "0249__rruff_R050363-1__O2_Ti1",
        "orientation": "0249__rruff_R050363-1__O2_Ti1",
        "background": "0415__rruff_R060150-1__Ca13_F10_H12_O34_Si10"
      },
      "donor_rwp_percent": {
        "instrument": 10.345769455766266,
        "chemistry": 12.349421546615877,
        "microstructure": 14.776303909097866,
        "orientation": 14.776303909097866,
        "background": 8.00315190123515
      },
      "donor_peak_window_rwp": {
        "instrument": 11.85177861797737,
        "chemistry": 16.546432705173878,
        "microstructure": 20.08462830562262,
        "orientation": 20.08462830562262,
        "background": 11.357098944708872
      },
      "selected_sample_code": "0113__rruff_R050045-1__Ca1_F2",
      "selected_peak_window_rwp": 11.85177861797737,
      "selected_peak_window_pearson": 0.9964628749980051,
      "selected_background_fraction": 0.11764110715388022
    },
    "original_sample_dir": "BN_SG62",
    "original_cif_path": "phase.cif",
    "original_generated_xy_path": "generated.xy",
    "original_generation_params_json": "generation_params.json",
    "original_generation_quality_json": "generation_quality.json"
  },
  "quality": {
    "note": "These are theory-vs-generated synthetic quality indicators plus donor-template quality provenance. They are not Rietveld fit-to-experiment outputs.",
    "theory_vs_generated": {
      "profile_pearson": 0.9631270121466313,
      "profile_cosine": 0.9631697272386643,
      "rmse": 1.1541251290995111,
      "mae": 0.30774350560877756,
      "background_fraction_generated": -0.27835439744839785,
      "top_peak_count_used": 20,
      "top_peak_height_log_mae": 0.3290042002299881,
      "top_peak_shift_abs_mean_deg": 0.035287078857422036,
      "peak_window_pearson": 0.9608545265775768,
      "peak_window_cosine": 0.9640823655016374
    },
    "donor_template_quality": {
      "selected_sample_code": "0113__rruff_R050045-1__Ca1_F2",
      "selected_peak_window_rwp": 11.85177861797737,
      "selected_peak_window_pearson": 0.9964628749980051,
      "selected_background_fraction": 0.11764110715388022,
      "donor_rows": {
        "instrument": "0113__rruff_R050045-1__Ca1_F2",
        "chemistry": "0150__rruff_R050126-1__Al3_H4_Na1_O12_P2",
        "microstructure": "0249__rruff_R050363-1__O2_Ti1",
        "orientation": "0249__rruff_R050363-1__O2_Ti1",
        "background": "0415__rruff_R060150-1__Ca13_F10_H12_O34_Si10"
      },
      "donor_rwp_percent": {
        "instrument": 10.345769455766266,
        "chemistry": 12.349421546615877,
        "microstructure": 14.776303909097866,
        "orientation": 14.776303909097866,
        "background": 8.00315190123515
      },
      "donor_peak_window_rwp": {
        "instrument": 11.85177861797737,
        "chemistry": 16.546432705173878,
        "microstructure": 20.08462830562262,
        "orientation": 20.08462830562262,
        "background": 11.357098944708872
      }
    }
  },
  "generation_tier": "strict_core"
}
