{
  "sample_name": "Ce24Co11_186",
  "phase_id": "cod_2310302",
  "formula": "Ce24Co11",
  "space_group": 186,
  "space_group_symbol": "P6_3mc",
  "crystal_system": "hexagonal",
  "source_origin": "cod",
  "slot": "background",
  "formula_group_id": "Ce24|Co11::sg::186",
  "descriptor": {
    "phase_id": "cod_2310302",
    "formula": "Ce24Co11",
    "crystal_system": "hexagonal",
    "elements": [
      "Ce",
      "Co"
    ],
    "density_g_cm3": 7.668081817248844,
    "avg_z": 48.25714285714286,
    "max_z": 58.0,
    "heavy_fraction": 0.6857142857142857,
    "transition_fraction": 0.3142857142857143,
    "cell_lengths": [
      9.587,
      9.587,
      21.825
    ],
    "cell_angles": [
      90.0,
      90.0,
      120.00000000000001
    ],
    "cell_volume": 1737.2020725309158,
    "cell_anisotropy": 2.2765202878898507,
    "anisotropy_index": 1.2765202878898507,
    "theoretical_peak_count": 301,
    "peak_density": 3.541176470588235,
    "median_gap_deg": 0.15448379516601562,
    "crowded_fraction": 0.7766666666666666,
    "isolated_fraction": 0.03333333333333333,
    "simple_topology": false,
    "preferred_po_axis": [
      0,
      0,
      1
    ],
    "fluorescence_bucket": "high",
    "absorption_bucket": "heavy"
  },
  "generation": {
    "theta_min": 5.0,
    "theta_max": 90.0,
    "num_points": 8501,
    "template_rwp_percent": 11.800676499373662,
    "template_peak_window_rwp": 16.67151917078972,
    "template_peak_window_pearson": 0.9867544375397198,
    "synth_params": {
      "ka1": 1.5405929,
      "ka2": 1.5444274,
      "use_tch_profile": true,
      "sigma_scale": 0.915935817612402,
      "kb_ratio": 0.01500880233919089,
      "use_fcj_asymmetry": true,
      "detector_nonlinearity": 0.0,
      "use_ka2": true,
      "caglioti_u": 0.031390575609021656,
      "kb": 1.39225,
      "caglioti_w": 0.0018448797995058975,
      "detector_deadtime_coeff": 0.0,
      "axial_s_over_l": 0.0012,
      "sigma_min_deg": 0.008,
      "ka2_ratio": 0.48492173130236843,
      "caglioti_v": 0.007351125729718566,
      "sigma_deg": 0.01878969372542678,
      "use_kbeta": true,
      "beam_sample_ratio": 0.05,
      "fluorescence_level": 2.0,
      "muR": 0.04,
      "trns": 0.03,
      "fluorescence_decay": 3.0000000000093743,
      "lorentz_z": 0.00034506642384020706,
      "strain": 0.00016071247842704568,
      "pseudo_voigt_eta": 0.18513479305557756,
      "lorentz_size": 0.008019799000488338,
      "macro_strain": 0.00034772864794738563,
      "sample_displacement_sr": -0.0005871634812243706,
      "size_nm": 180.0,
      "delta_deg": -0.008381722193035481,
      "lorentz_strain": 0.008,
      "po_r": 1.0,
      "air_scatter_level": 0.4764236692846873,
      "b3": -0.09320202288567812,
      "scatter_sigma_deg": 6.861360821250649,
      "b4": -0.03490414165197571,
      "scatter_level": 5.582896910621111,
      "compton_level": 0.9086062451652117,
      "holder_scatter_center_deg": 8.212579859871136,
      "a": 1.0,
      "holder_scatter_level": 1.4403190664455507,
      "scatter_center_deg": 3.452258572760644,
      "b5": -0.044860503430340926,
      "poisson_counts_max": 900.0,
      "air_scatter_floor": 0.06661516766349153,
      "b1": -1.1606445984387748,
      "b0": 2.8169520271335307,
      "b2": 0.1558328305148366,
      "holder_scatter_sigma_deg": 7.19055060530885,
      "po_hkl_axis": [
        0.0,
        1.0,
        0.0
      ],
      "final_normalize": true
    },
    "synth_sampling_meta": {
      "family_name": "background",
      "slot": "background",
      "source_family": "opxrd_like",
      "preferred_source_family": "opxrd_like",
      "descriptor": {
        "phase_id": "cod_2310302",
        "formula": "Ce24Co11",
        "crystal_system": "hexagonal",
        "elements": [
          "Ce",
          "Co"
        ],
        "density_g_cm3": 7.668081817248844,
        "avg_z": 48.25714285714286,
        "max_z": 58.0,
        "heavy_fraction": 0.6857142857142857,
        "transition_fraction": 0.3142857142857143,
        "cell_lengths": [
          9.587,
          9.587,
          21.825
        ],
        "cell_angles": [
          90.0,
          90.0,
          120.00000000000001
        ],
        "cell_volume": 1737.2020725309158,
        "cell_anisotropy": 2.2765202878898507,
        "anisotropy_index": 1.2765202878898507,
        "theoretical_peak_count": 301,
        "peak_density": 3.541176470588235,
        "median_gap_deg": 0.15448379516601562,
        "crowded_fraction": 0.7766666666666666,
        "isolated_fraction": 0.03333333333333333,
        "simple_topology": false,
        "preferred_po_axis": [
          0,
          0,
          1
        ],
        "fluorescence_bucket": "high",
        "absorption_bucket": "heavy"
      },
      "attempt": 1,
      "donor_rows": {
        "instrument": "1191__opxrd_000584__H1_Mg1_O1",
        "chemistry": "0165__rruff_R050171-1__Cl1_O12_Pb5_V3",
        "microstructure": "0108__rruff_R050027-1__Cl1_O12_P3_Pb5",
        "orientation": "0608__rruff_R090045-1__Cd1_S1",
        "background": "0057__rruff_R040098-1__Ca5_F1_O12_P3"
      },
      "donor_rwp_percent": {
        "instrument": 5.159210709102735,
        "chemistry": 21.88162695561263,
        "microstructure": 23.194792261658982,
        "orientation": 30.88090151282266,
        "background": 13.722656894319407
      },
      "donor_peak_window_rwp": {
        "instrument": 5.48784949745101,
        "chemistry": 20.7020729348177,
        "microstructure": 21.740500893327447,
        "orientation": 25.6560935570999,
        "background": 18.779898403060326
      },
      "selected_sample_code": "1191__opxrd_000584__H1_Mg1_O1",
      "selected_peak_window_rwp": 5.48784949745101,
      "selected_peak_window_pearson": 0.9997162154875435,
      "selected_background_fraction": 0.3653624216969415
    },
    "original_sample_dir": "Ce24Co11_SG186",
    "original_cif_path": "phase.cif",
    "original_generated_xy_path": "generated.xy",
    "original_generation_params_json": "generation_params.json",
    "original_generation_quality_json": "generation_quality.json"
  },
  "quality": {
    "note": "These are theory-vs-generated synthetic quality indicators plus donor-template quality provenance. They are not Rietveld fit-to-experiment outputs.",
    "theory_vs_generated": {
      "profile_pearson": 0.8724159543920978,
      "profile_cosine": 0.8710950277372167,
      "rmse": 3.8115287763908596,
      "mae": 2.2191891864419615,
      "background_fraction_generated": 1.4704099292956956,
      "top_peak_count_used": 20,
      "top_peak_height_log_mae": 0.23254455299738686,
      "top_peak_shift_abs_mean_deg": 0.08601713943481552,
      "peak_window_pearson": 0.8433557001135281,
      "peak_window_cosine": 0.8820843014412498
    },
    "donor_template_quality": {
      "selected_sample_code": "1191__opxrd_000584__H1_Mg1_O1",
      "selected_peak_window_rwp": 5.48784949745101,
      "selected_peak_window_pearson": 0.9997162154875435,
      "selected_background_fraction": 0.3653624216969415,
      "donor_rows": {
        "instrument": "1191__opxrd_000584__H1_Mg1_O1",
        "chemistry": "0165__rruff_R050171-1__Cl1_O12_Pb5_V3",
        "microstructure": "0108__rruff_R050027-1__Cl1_O12_P3_Pb5",
        "orientation": "0608__rruff_R090045-1__Cd1_S1",
        "background": "0057__rruff_R040098-1__Ca5_F1_O12_P3"
      },
      "donor_rwp_percent": {
        "instrument": 5.159210709102735,
        "chemistry": 21.88162695561263,
        "microstructure": 23.194792261658982,
        "orientation": 30.88090151282266,
        "background": 13.722656894319407
      },
      "donor_peak_window_rwp": {
        "instrument": 5.48784949745101,
        "chemistry": 20.7020729348177,
        "microstructure": 21.740500893327447,
        "orientation": 25.6560935570999,
        "background": 18.779898403060326
      }
    }
  },
  "generation_tier": "strict_core"
}
