{
  "sample_name": "Na3ReO5_144",
  "phase_id": "cod_1536031",
  "formula": "Na3ReO5",
  "space_group": 144,
  "space_group_symbol": "P3_1",
  "crystal_system": "trigonal",
  "source_origin": "cod",
  "slot": "background",
  "formula_group_id": "Na3|O5|Re1::sg::144",
  "descriptor": {
    "phase_id": "cod_1536031",
    "formula": "Na3ReO5",
    "crystal_system": "trigonal",
    "elements": [
      "Na",
      "O",
      "Re"
    ],
    "density_g_cm3": 4.6194959561071745,
    "avg_z": 16.444444444444443,
    "max_z": 75.0,
    "heavy_fraction": 0.1111111111111111,
    "transition_fraction": 0.1111111111111111,
    "cell_lengths": [
      5.5439,
      5.5439,
      13.5795
    ],
    "cell_angles": [
      90.0,
      90.0,
      119.99999999999999
    ],
    "cell_volume": 361.44746817561065,
    "cell_anisotropy": 2.4494489438842693,
    "anisotropy_index": 1.4494489438842693,
    "theoretical_peak_count": 85,
    "peak_density": 1.0,
    "median_gap_deg": 0.381195068359375,
    "crowded_fraction": 0.44047619047619047,
    "isolated_fraction": 0.30952380952380953,
    "simple_topology": false,
    "preferred_po_axis": [
      0,
      0,
      1
    ],
    "fluorescence_bucket": "none",
    "absorption_bucket": "heavy"
  },
  "generation": {
    "theta_min": 5.0,
    "theta_max": 90.0,
    "num_points": 8501,
    "template_rwp_percent": 8.894243026156627,
    "template_peak_window_rwp": 11.562371080606463,
    "template_peak_window_pearson": 0.9970396627337116,
    "synth_params": {
      "ka1": 1.5405929,
      "ka2": 1.5444274,
      "use_tch_profile": true,
      "sigma_scale": 0.915935817612402,
      "kb_ratio": 0.01500880233919089,
      "use_fcj_asymmetry": true,
      "detector_nonlinearity": 0.0,
      "use_ka2": true,
      "caglioti_u": 0.031390575609021656,
      "kb": 1.39225,
      "caglioti_w": 0.0018448797995058975,
      "detector_deadtime_coeff": 0.0,
      "axial_s_over_l": 0.0012,
      "sigma_min_deg": 0.008,
      "ka2_ratio": 0.48492173130236843,
      "caglioti_v": 0.007351125729718566,
      "sigma_deg": 0.01878969372542678,
      "use_kbeta": true,
      "beam_sample_ratio": 0.05,
      "fluorescence_level": 0.0,
      "muR": 0.04,
      "trns": 0.03,
      "fluorescence_decay": 3.0,
      "lorentz_z": 0.0007626903334521539,
      "strain": 8.248832869150249e-06,
      "pseudo_voigt_eta": -0.026137299557931398,
      "lorentz_size": 0.02632542586736965,
      "macro_strain": 0.0,
      "sample_displacement_sr": -0.0002,
      "size_nm": 180.0,
      "delta_deg": -0.01,
      "lorentz_strain": 0.008,
      "po_r": 1.0,
      "air_scatter_level": 1.6662844588647612,
      "b3": 0.12064394127587624,
      "scatter_sigma_deg": 6.124608494620033,
      "b4": -0.11748652353687974,
      "scatter_level": 1.2,
      "compton_level": 0.11260031097869973,
      "holder_scatter_center_deg": 7.420403794472259,
      "a": 1.0,
      "holder_scatter_level": 1.4142599755796899,
      "scatter_center_deg": 5.931608569608754,
      "b5": -6.24195394874919e-05,
      "poisson_counts_max": 900.0,
      "air_scatter_floor": 0.09731728594375672,
      "b1": -0.9777105008086904,
      "b0": 6.539978464386649,
      "b2": -1.441842226561631,
      "holder_scatter_sigma_deg": 1.4011155808195448,
      "po_hkl_axis": [
        0.0,
        1.0,
        0.0
      ],
      "final_normalize": true
    },
    "synth_sampling_meta": {
      "family_name": "background",
      "slot": "background",
      "source_family": "opxrd_like",
      "preferred_source_family": "opxrd_like",
      "descriptor": {
        "phase_id": "cod_1536031",
        "formula": "Na3ReO5",
        "crystal_system": "trigonal",
        "elements": [
          "Na",
          "O",
          "Re"
        ],
        "density_g_cm3": 4.6194959561071745,
        "avg_z": 16.444444444444443,
        "max_z": 75.0,
        "heavy_fraction": 0.1111111111111111,
        "transition_fraction": 0.1111111111111111,
        "cell_lengths": [
          5.5439,
          5.5439,
          13.5795
        ],
        "cell_angles": [
          90.0,
          90.0,
          119.99999999999999
        ],
        "cell_volume": 361.44746817561065,
        "cell_anisotropy": 2.4494489438842693,
        "anisotropy_index": 1.4494489438842693,
        "theoretical_peak_count": 85,
        "peak_density": 1.0,
        "median_gap_deg": 0.381195068359375,
        "crowded_fraction": 0.44047619047619047,
        "isolated_fraction": 0.30952380952380953,
        "simple_topology": false,
        "preferred_po_axis": [
          0,
          0,
          1
        ],
        "fluorescence_bucket": "none",
        "absorption_bucket": "heavy"
      },
      "attempt": 1,
      "donor_rows": {
        "instrument": "1191__opxrd_000584__H1_Mg1_O1",
        "chemistry": "0016__rruff_R040030-1__C2_Ca1_Mg1_O6",
        "microstructure": "0152__rruff_R050128-1__C1_Ca1_O3",
        "orientation": "0016__rruff_R040030-1__C2_Ca1_Mg1_O6",
        "background": "0034__rruff_R040062-1__Al1_H1_Li1_O5_P1"
      },
      "donor_rwp_percent": {
        "instrument": 5.159210709102735,
        "chemistry": 27.23933763789696,
        "microstructure": 10.060210456264361,
        "orientation": 27.23933763789696,
        "background": 11.022858425713888
      },
      "donor_peak_window_rwp": {
        "instrument": 5.48784949745101,
        "chemistry": 14.145313767601136,
        "microstructure": 12.829743047113176,
        "orientation": 14.145313767601136,
        "background": 14.643991072056355
      },
      "selected_sample_code": "1191__opxrd_000584__H1_Mg1_O1",
      "selected_peak_window_rwp": 5.48784949745101,
      "selected_peak_window_pearson": 0.9997162154875435,
      "selected_background_fraction": 0.46147333155022985
    },
    "original_sample_dir": "Na3ReO5_SG144",
    "original_cif_path": "phase.cif",
    "original_generated_xy_path": "generated.xy",
    "original_generation_params_json": "generation_params.json",
    "original_generation_quality_json": "generation_quality.json"
  },
  "quality": {
    "note": "These are theory-vs-generated synthetic quality indicators plus donor-template quality provenance. They are not Rietveld fit-to-experiment outputs.",
    "theory_vs_generated": {
      "profile_pearson": 0.9493233163376849,
      "profile_cosine": 0.9146638267187329,
      "rmse": 2.3598847366347195,
      "mae": 1.7173021163189444,
      "background_fraction_generated": 4.532846305541695,
      "top_peak_count_used": 20,
      "top_peak_height_log_mae": 4.430460826871735,
      "top_peak_shift_abs_mean_deg": 0.09186860275268618,
      "peak_window_pearson": 0.9560812788574274,
      "peak_window_cosine": 0.9469290838271269
    },
    "donor_template_quality": {
      "selected_sample_code": "1191__opxrd_000584__H1_Mg1_O1",
      "selected_peak_window_rwp": 5.48784949745101,
      "selected_peak_window_pearson": 0.9997162154875435,
      "selected_background_fraction": 0.46147333155022985,
      "donor_rows": {
        "instrument": "1191__opxrd_000584__H1_Mg1_O1",
        "chemistry": "0016__rruff_R040030-1__C2_Ca1_Mg1_O6",
        "microstructure": "0152__rruff_R050128-1__C1_Ca1_O3",
        "orientation": "0016__rruff_R040030-1__C2_Ca1_Mg1_O6",
        "background": "0034__rruff_R040062-1__Al1_H1_Li1_O5_P1"
      },
      "donor_rwp_percent": {
        "instrument": 5.159210709102735,
        "chemistry": 27.23933763789696,
        "microstructure": 10.060210456264361,
        "orientation": 27.23933763789696,
        "background": 11.022858425713888
      },
      "donor_peak_window_rwp": {
        "instrument": 5.48784949745101,
        "chemistry": 14.145313767601136,
        "microstructure": 12.829743047113176,
        "orientation": 14.145313767601136,
        "background": 14.643991072056355
      }
    }
  },
  "generation_tier": "strict_core"
}
