{
  "sample_name": "Sr5(AuO4)2_22",
  "phase_id": "cod_2002552",
  "formula": "Sr5(AuO4)2",
  "space_group": 22,
  "space_group_symbol": "F222",
  "crystal_system": "orthorhombic",
  "source_origin": "cod",
  "slot": "background",
  "formula_group_id": "Au2|O8|Sr5::sg::22",
  "descriptor": {
    "phase_id": "cod_2002552",
    "formula": "Sr5(AuO4)2",
    "crystal_system": "orthorhombic",
    "elements": [
      "Au",
      "O",
      "Sr"
    ],
    "density_g_cm3": 7.097445698971587,
    "avg_z": 27.466666666666665,
    "max_z": 79.0,
    "heavy_fraction": 0.4666666666666667,
    "transition_fraction": 0.13333333333333333,
    "cell_lengths": [
      6.5155,
      11.7407,
      11.7449
    ],
    "cell_angles": [
      90.0,
      90.0,
      90.0
    ],
    "cell_volume": 898.4441051801649,
    "cell_anisotropy": 1.8026091627657124,
    "anisotropy_index": 0.8026091627657124,
    "theoretical_peak_count": 118,
    "peak_density": 1.388235294117647,
    "median_gap_deg": 0.10698699951171875,
    "crowded_fraction": 0.5555555555555556,
    "isolated_fraction": 0.1623931623931624,
    "simple_topology": false,
    "preferred_po_axis": [
      0,
      0,
      1
    ],
    "fluorescence_bucket": "none",
    "absorption_bucket": "heavy"
  },
  "generation": {
    "theta_min": 5.0,
    "theta_max": 90.0,
    "num_points": 8501,
    "template_rwp_percent": 20.116123150491998,
    "template_peak_window_rwp": 19.059785587552092,
    "template_peak_window_pearson": 0.9853439113269152,
    "synth_params": {
      "ka1": 1.5405929,
      "ka2": 1.5444274,
      "use_tch_profile": true,
      "sigma_scale": 0.915935817612402,
      "kb_ratio": 0.01500880233919089,
      "use_fcj_asymmetry": true,
      "detector_nonlinearity": 0.0,
      "use_ka2": true,
      "caglioti_u": 0.031390575609021656,
      "kb": 1.39225,
      "caglioti_w": 0.0018448797995058975,
      "detector_deadtime_coeff": 0.0,
      "axial_s_over_l": 0.0012,
      "sigma_min_deg": 0.008,
      "ka2_ratio": 0.48492173130236843,
      "caglioti_v": 0.007351125729718566,
      "sigma_deg": 0.01878969372542678,
      "use_kbeta": true,
      "beam_sample_ratio": 0.05,
      "fluorescence_level": 0.0,
      "muR": 0.04,
      "trns": 0.0,
      "fluorescence_decay": 3.0,
      "lorentz_z": 1e-08,
      "strain": 0.0006574373502995551,
      "pseudo_voigt_eta": -0.04085922014840218,
      "lorentz_size": 0.003954801937997075,
      "macro_strain": -0.0001799828103119419,
      "sample_displacement_sr": -0.0006179209672928388,
      "size_nm": 180.0,
      "delta_deg": -0.021790081829854265,
      "lorentz_strain": 0.008,
      "po_r": 1.0,
      "air_scatter_level": 2.5874443438307133,
      "b3": -0.07049472702896303,
      "scatter_sigma_deg": 6.369274164634062,
      "b4": 0.40367054901497795,
      "scatter_level": 1.2,
      "compton_level": 0.1939657588824846,
      "holder_scatter_center_deg": 9.646407924002059,
      "a": 0.63521492805717,
      "holder_scatter_level": 0.06161292391414492,
      "scatter_center_deg": 5.287155163191873,
      "b5": -0.48537681584115694,
      "poisson_counts_max": 900.0,
      "air_scatter_floor": 0.0572684134900554,
      "b1": 0.5469977030815371,
      "b0": 3.634595903549931,
      "b2": -2.2585384238884902,
      "holder_scatter_sigma_deg": 5.603982282595577,
      "po_hkl_axis": [
        0.0,
        0.0,
        1.0
      ],
      "final_normalize": true
    },
    "synth_sampling_meta": {
      "family_name": "background",
      "slot": "background",
      "source_family": "opxrd_like",
      "preferred_source_family": "opxrd_like",
      "descriptor": {
        "phase_id": "cod_2002552",
        "formula": "Sr5(AuO4)2",
        "crystal_system": "orthorhombic",
        "elements": [
          "Au",
          "O",
          "Sr"
        ],
        "density_g_cm3": 7.097445698971587,
        "avg_z": 27.466666666666665,
        "max_z": 79.0,
        "heavy_fraction": 0.4666666666666667,
        "transition_fraction": 0.13333333333333333,
        "cell_lengths": [
          6.5155,
          11.7407,
          11.7449
        ],
        "cell_angles": [
          90.0,
          90.0,
          90.0
        ],
        "cell_volume": 898.4441051801649,
        "cell_anisotropy": 1.8026091627657124,
        "anisotropy_index": 0.8026091627657124,
        "theoretical_peak_count": 118,
        "peak_density": 1.388235294117647,
        "median_gap_deg": 0.10698699951171875,
        "crowded_fraction": 0.5555555555555556,
        "isolated_fraction": 0.1623931623931624,
        "simple_topology": false,
        "preferred_po_axis": [
          0,
          0,
          1
        ],
        "fluorescence_bucket": "none",
        "absorption_bucket": "heavy"
      },
      "attempt": 1,
      "donor_rows": {
        "instrument": "1191__opxrd_000584__H1_Mg1_O1",
        "chemistry": "1191__opxrd_000584__H1_Mg1_O1",
        "microstructure": "0453__rruff_R060409-1__Al1_As1_H4_O6",
        "orientation": "0391__rruff_R060042-1__As1_Mg1_O8",
        "background": "0181__rruff_R050200-1__Al2_F2_O4_Si1"
      },
      "donor_rwp_percent": {
        "instrument": 5.159210709102735,
        "chemistry": 5.159210709102735,
        "microstructure": 17.010113375270937,
        "orientation": 18.11520983114812,
        "background": 23.384740001121493
      },
      "donor_peak_window_rwp": {
        "instrument": 5.48784949745101,
        "chemistry": 5.48784949745101,
        "microstructure": 16.7700543319154,
        "orientation": 17.897348265328343,
        "background": 22.398779644575264
      },
      "selected_sample_code": "1191__opxrd_000584__H1_Mg1_O1",
      "selected_peak_window_rwp": 5.48784949745101,
      "selected_peak_window_pearson": 0.9997162154875435,
      "selected_background_fraction": 0.4324993875707091
    },
    "original_sample_dir": "Sr5(AuO4)2_SG22",
    "original_cif_path": "phase.cif",
    "original_generated_xy_path": "generated.xy",
    "original_generation_params_json": "generation_params.json",
    "original_generation_quality_json": "generation_quality.json"
  },
  "quality": {
    "note": "These are theory-vs-generated synthetic quality indicators plus donor-template quality provenance. They are not Rietveld fit-to-experiment outputs.",
    "theory_vs_generated": {
      "profile_pearson": 0.8067645357241171,
      "profile_cosine": 0.7821825327872837,
      "rmse": 5.348339299314,
      "mae": 3.4335902005643124,
      "background_fraction_generated": 2.2934134109197477,
      "top_peak_count_used": 20,
      "top_peak_height_log_mae": 0.3341729237306549,
      "top_peak_shift_abs_mean_deg": 0.06752564620971686,
      "peak_window_pearson": 0.7690980538883365,
      "peak_window_cosine": 0.8216215253761551
    },
    "donor_template_quality": {
      "selected_sample_code": "1191__opxrd_000584__H1_Mg1_O1",
      "selected_peak_window_rwp": 5.48784949745101,
      "selected_peak_window_pearson": 0.9997162154875435,
      "selected_background_fraction": 0.4324993875707091,
      "donor_rows": {
        "instrument": "1191__opxrd_000584__H1_Mg1_O1",
        "chemistry": "1191__opxrd_000584__H1_Mg1_O1",
        "microstructure": "0453__rruff_R060409-1__Al1_As1_H4_O6",
        "orientation": "0391__rruff_R060042-1__As1_Mg1_O8",
        "background": "0181__rruff_R050200-1__Al2_F2_O4_Si1"
      },
      "donor_rwp_percent": {
        "instrument": 5.159210709102735,
        "chemistry": 5.159210709102735,
        "microstructure": 17.010113375270937,
        "orientation": 18.11520983114812,
        "background": 23.384740001121493
      },
      "donor_peak_window_rwp": {
        "instrument": 5.48784949745101,
        "chemistry": 5.48784949745101,
        "microstructure": 16.7700543319154,
        "orientation": 17.897348265328343,
        "background": 22.398779644575264
      }
    }
  },
  "generation_tier": "strict_core"
}
