{
  "sample_name": "YbAg_62",
  "phase_id": "cod_1509566",
  "formula": "YbAg",
  "space_group": 62,
  "space_group_symbol": "Pnma",
  "crystal_system": "orthorhombic",
  "source_origin": "cod",
  "slot": "background",
  "formula_group_id": "Ag1|Yb1::sg::62",
  "descriptor": {
    "phase_id": "cod_1509566",
    "formula": "YbAg",
    "crystal_system": "orthorhombic",
    "elements": [
      "Ag",
      "Yb"
    ],
    "density_g_cm3": 8.728216723855573,
    "avg_z": 58.5,
    "max_z": 70.0,
    "heavy_fraction": 1.0,
    "transition_fraction": 0.5,
    "cell_lengths": [
      7.59,
      4.67,
      6.031
    ],
    "cell_angles": [
      90.0,
      90.0,
      90.0
    ],
    "cell_volume": 213.77060429999997,
    "cell_anisotropy": 1.6252676659528908,
    "anisotropy_index": 0.6252676659528908,
    "theoretical_peak_count": 100,
    "peak_density": 1.1764705882352942,
    "median_gap_deg": 0.44370269775390625,
    "crowded_fraction": 0.42424242424242425,
    "isolated_fraction": 0.15151515151515152,
    "simple_topology": false,
    "preferred_po_axis": [
      1,
      0,
      0
    ],
    "fluorescence_bucket": "moderate",
    "absorption_bucket": "heavy"
  },
  "generation": {
    "theta_min": 5.0,
    "theta_max": 90.0,
    "num_points": 8501,
    "template_rwp_percent": 20.116123150491998,
    "template_peak_window_rwp": 19.059785587552092,
    "template_peak_window_pearson": 0.9853439113269152,
    "synth_params": {
      "ka1": 1.5405929,
      "ka2": 1.5444274,
      "use_tch_profile": true,
      "sigma_scale": 0.915935817612402,
      "kb_ratio": 0.01500880233919089,
      "use_fcj_asymmetry": true,
      "detector_nonlinearity": 0.0,
      "use_ka2": true,
      "caglioti_u": 0.031390575609021656,
      "kb": 1.39225,
      "caglioti_w": 0.0018448797995058975,
      "detector_deadtime_coeff": 0.0,
      "axial_s_over_l": 0.0012,
      "sigma_min_deg": 0.008,
      "ka2_ratio": 0.48492173130236843,
      "caglioti_v": 0.007351125729718566,
      "sigma_deg": 0.01878969372542678,
      "use_kbeta": true,
      "beam_sample_ratio": 0.05,
      "fluorescence_level": 1.0,
      "muR": 0.04,
      "trns": 0.00016750764429047767,
      "fluorescence_decay": 3.001084461956794,
      "lorentz_z": 1.2217285881742612e-05,
      "strain": 0.00011134466072426435,
      "pseudo_voigt_eta": -0.004328850818081016,
      "lorentz_size": 0.004527551397209935,
      "macro_strain": 0.00034154272006700425,
      "sample_displacement_sr": -0.00041020410663037446,
      "size_nm": 180.0,
      "delta_deg": -0.007715591136233981,
      "lorentz_strain": 0.008,
      "po_r": 1.0,
      "air_scatter_level": 0.08437097302042929,
      "b3": 0.6442613027018039,
      "scatter_sigma_deg": 4.879708978197137,
      "b4": 1.1464490912960925,
      "scatter_level": 4.5725668531138695,
      "compton_level": 0.08462047057872653,
      "holder_scatter_center_deg": 14.000881303550381,
      "a": 1.0,
      "holder_scatter_level": 1.145519097848624,
      "scatter_center_deg": 8.961783590844366,
      "b5": -0.30943161248641177,
      "poisson_counts_max": 900.0,
      "air_scatter_floor": 0.03791540507306926,
      "b1": 11.988235284109109,
      "b0": 55.26367570327266,
      "b2": -4.198740151426965,
      "holder_scatter_sigma_deg": 7.840926637224977,
      "po_hkl_axis": [
        1.0,
        0.0,
        0.0
      ],
      "final_normalize": true
    },
    "synth_sampling_meta": {
      "family_name": "background",
      "slot": "background",
      "source_family": "opxrd_like",
      "preferred_source_family": "opxrd_like",
      "descriptor": {
        "phase_id": "cod_1509566",
        "formula": "YbAg",
        "crystal_system": "orthorhombic",
        "elements": [
          "Ag",
          "Yb"
        ],
        "density_g_cm3": 8.728216723855573,
        "avg_z": 58.5,
        "max_z": 70.0,
        "heavy_fraction": 1.0,
        "transition_fraction": 0.5,
        "cell_lengths": [
          7.59,
          4.67,
          6.031
        ],
        "cell_angles": [
          90.0,
          90.0,
          90.0
        ],
        "cell_volume": 213.77060429999997,
        "cell_anisotropy": 1.6252676659528908,
        "anisotropy_index": 0.6252676659528908,
        "theoretical_peak_count": 100,
        "peak_density": 1.1764705882352942,
        "median_gap_deg": 0.44370269775390625,
        "crowded_fraction": 0.42424242424242425,
        "isolated_fraction": 0.15151515151515152,
        "simple_topology": false,
        "preferred_po_axis": [
          1,
          0,
          0
        ],
        "fluorescence_bucket": "moderate",
        "absorption_bucket": "heavy"
      },
      "attempt": 1,
      "donor_rows": {
        "instrument": "1191__opxrd_000584__H1_Mg1_O1",
        "chemistry": "0617__rruff_R200013__Ag1_Te1",
        "microstructure": "0585__rruff_R070485-1__Li1_Na1_O15_Si6_Zr1",
        "orientation": "0617__rruff_R200013__Ag1_Te1",
        "background": "0258__rruff_R050373-1__As1_Cu3_S4"
      },
      "donor_rwp_percent": {
        "instrument": 5.159210709102735,
        "chemistry": 10.842870596894375,
        "microstructure": 23.60723526741731,
        "orientation": 10.842870596894375,
        "background": 13.402713244316242
      },
      "donor_peak_window_rwp": {
        "instrument": 5.48784949745101,
        "chemistry": 9.019290975003878,
        "microstructure": 23.53727849614492,
        "orientation": 9.019290975003878,
        "background": 13.36610465902315
      },
      "selected_sample_code": "1191__opxrd_000584__H1_Mg1_O1",
      "selected_peak_window_rwp": 5.48784949745101,
      "selected_peak_window_pearson": 0.9997162154875435,
      "selected_background_fraction": 0.8501698459904218
    },
    "original_sample_dir": "YbAg_SG62",
    "original_cif_path": "phase.cif",
    "original_generated_xy_path": "generated.xy",
    "original_generation_params_json": "generation_params.json",
    "original_generation_quality_json": "generation_quality.json"
  },
  "quality": {
    "note": "These are theory-vs-generated synthetic quality indicators plus donor-template quality provenance. They are not Rietveld fit-to-experiment outputs.",
    "theory_vs_generated": {
      "profile_pearson": 0.9256858453185561,
      "profile_cosine": 0.6955857656588162,
      "rmse": 8.851253144372397,
      "mae": 8.514248066979752,
      "background_fraction_generated": 5.84565353021253,
      "top_peak_count_used": 20,
      "top_peak_height_log_mae": 15.365446767364224,
      "top_peak_shift_abs_mean_deg": 0.25061235427856354,
      "peak_window_pearson": 0.9335298017048039,
      "peak_window_cosine": 0.8835000655713363
    },
    "donor_template_quality": {
      "selected_sample_code": "1191__opxrd_000584__H1_Mg1_O1",
      "selected_peak_window_rwp": 5.48784949745101,
      "selected_peak_window_pearson": 0.9997162154875435,
      "selected_background_fraction": 0.8501698459904218,
      "donor_rows": {
        "instrument": "1191__opxrd_000584__H1_Mg1_O1",
        "chemistry": "0617__rruff_R200013__Ag1_Te1",
        "microstructure": "0585__rruff_R070485-1__Li1_Na1_O15_Si6_Zr1",
        "orientation": "0617__rruff_R200013__Ag1_Te1",
        "background": "0258__rruff_R050373-1__As1_Cu3_S4"
      },
      "donor_rwp_percent": {
        "instrument": 5.159210709102735,
        "chemistry": 10.842870596894375,
        "microstructure": 23.60723526741731,
        "orientation": 10.842870596894375,
        "background": 13.402713244316242
      },
      "donor_peak_window_rwp": {
        "instrument": 5.48784949745101,
        "chemistry": 9.019290975003878,
        "microstructure": 23.53727849614492,
        "orientation": 9.019290975003878,
        "background": 13.36610465902315
      }
    }
  },
  "generation_tier": "strict_core"
}
