{
  "sample_name": "Cs4O7_220",
  "phase_id": "cod_1010172",
  "formula": "Cs4O7",
  "space_group": 220,
  "space_group_symbol": "I-43d",
  "crystal_system": "cubic",
  "source_origin": "cod",
  "slot": "background",
  "formula_group_id": "Cs4|O7::sg::220",
  "descriptor": {
    "phase_id": "cod_1010172",
    "formula": "Cs4O7",
    "crystal_system": "cubic",
    "elements": [
      "Cs",
      "O"
    ],
    "density_g_cm3": 4.459706327319609,
    "avg_z": 25.09090909090909,
    "max_z": 55.0,
    "heavy_fraction": 0.36363636363636365,
    "transition_fraction": 0.0,
    "cell_lengths": [
      9.86,
      9.86,
      9.86
    ],
    "cell_angles": [
      90.0,
      90.0,
      90.0
    ],
    "cell_volume": 958.5852559999998,
    "cell_anisotropy": 1.0,
    "anisotropy_index": 0.0,
    "theoretical_peak_count": 30,
    "peak_density": 0.35294117647058826,
    "median_gap_deg": 1.7876434326171875,
    "crowded_fraction": 0.0,
    "isolated_fraction": 1.0,
    "simple_topology": false,
    "preferred_po_axis": [
      0,
      0,
      1
    ],
    "fluorescence_bucket": "none",
    "absorption_bucket": "heavy"
  },
  "generation": {
    "theta_min": 5.0,
    "theta_max": 90.0,
    "num_points": 8501,
    "template_rwp_percent": 10.768191488948645,
    "template_peak_window_rwp": 15.790698905860124,
    "template_peak_window_pearson": 0.9939831093215756,
    "synth_params": {
      "ka1": 1.5405929,
      "ka2": 1.5444274,
      "use_tch_profile": true,
      "sigma_scale": 0.915935817612402,
      "kb_ratio": 0.01500880233919089,
      "use_fcj_asymmetry": true,
      "detector_nonlinearity": 0.0,
      "use_ka2": true,
      "caglioti_u": 0.031390575609021656,
      "kb": 1.39225,
      "caglioti_w": 0.0018448797995058975,
      "detector_deadtime_coeff": 0.0,
      "axial_s_over_l": 0.0012,
      "sigma_min_deg": 0.008,
      "ka2_ratio": 0.48492173130236843,
      "caglioti_v": 0.007351125729718566,
      "sigma_deg": 0.01878969372542678,
      "use_kbeta": true,
      "beam_sample_ratio": 0.05,
      "fluorescence_level": 0.0,
      "muR": 0.04,
      "trns": 0.0,
      "fluorescence_decay": 3.0,
      "lorentz_z": 6.979869699557629e-06,
      "strain": 1.5143718941522696e-06,
      "pseudo_voigt_eta": -0.01609074240252782,
      "lorentz_size": 0.0005236963135045803,
      "macro_strain": 0.0003157977144742707,
      "sample_displacement_sr": -0.0006513199100501733,
      "size_nm": 251.58722753052675,
      "delta_deg": -0.01647652337243243,
      "lorentz_strain": 0.01,
      "po_r": 1.0,
      "air_scatter_level": 2.5221802166096263,
      "b3": -0.11011846318646826,
      "scatter_sigma_deg": 1.7318643418809865,
      "b4": 0.13584267541290085,
      "scatter_level": 4.787526110222108,
      "compton_level": 0.6888746429579211,
      "holder_scatter_center_deg": 12.306286451391118,
      "a": 1.0,
      "holder_scatter_level": 0.5580292059798602,
      "scatter_center_deg": 5.965671800010935,
      "b5": 0.07232709549420176,
      "poisson_counts_max": 900.0,
      "air_scatter_floor": 0.06475696702926664,
      "b1": 2.309197678145057,
      "b0": 0.07582181325113085,
      "b2": 0.058267271286842476,
      "holder_scatter_sigma_deg": 6.052542152933813,
      "po_hkl_axis": [
        0.0,
        1.0,
        0.0
      ],
      "final_normalize": true
    },
    "synth_sampling_meta": {
      "family_name": "background",
      "slot": "background",
      "source_family": "opxrd_like",
      "preferred_source_family": "opxrd_like",
      "descriptor": {
        "phase_id": "cod_1010172",
        "formula": "Cs4O7",
        "crystal_system": "cubic",
        "elements": [
          "Cs",
          "O"
        ],
        "density_g_cm3": 4.459706327319609,
        "avg_z": 25.09090909090909,
        "max_z": 55.0,
        "heavy_fraction": 0.36363636363636365,
        "transition_fraction": 0.0,
        "cell_lengths": [
          9.86,
          9.86,
          9.86
        ],
        "cell_angles": [
          90.0,
          90.0,
          90.0
        ],
        "cell_volume": 958.5852559999998,
        "cell_anisotropy": 1.0,
        "anisotropy_index": 0.0,
        "theoretical_peak_count": 30,
        "peak_density": 0.35294117647058826,
        "median_gap_deg": 1.7876434326171875,
        "crowded_fraction": 0.0,
        "isolated_fraction": 1.0,
        "simple_topology": false,
        "preferred_po_axis": [
          0,
          0,
          1
        ],
        "fluorescence_bucket": "none",
        "absorption_bucket": "heavy"
      },
      "attempt": 1,
      "donor_rows": {
        "instrument": "1191__opxrd_000584__H1_Mg1_O1",
        "chemistry": "0034__rruff_R040062-1__Al1_H1_Li1_O5_P1",
        "microstructure": "0035__rruff_R040065-1__Al2_Ca3_O12_Si3",
        "orientation": "0468__rruff_R060447-1__Al2_Mn3_O12_Si3",
        "background": "0473__rruff_R060452-1__Al2_Ca3_O12_Si3"
      },
      "donor_rwp_percent": {
        "instrument": 5.159210709102735,
        "chemistry": 11.022858425713888,
        "microstructure": 22.622475049937155,
        "orientation": 14.437941228234074,
        "background": 13.92963543966282
      },
      "donor_peak_window_rwp": {
        "instrument": 5.48784949745101,
        "chemistry": 14.643991072056355,
        "microstructure": 21.833382787012113,
        "orientation": 13.973665526297289,
        "background": 18.602466410635316
      },
      "selected_sample_code": "1191__opxrd_000584__H1_Mg1_O1",
      "selected_peak_window_rwp": 5.48784949745101,
      "selected_peak_window_pearson": 0.9997162154875435,
      "selected_background_fraction": 0.47737151362371655
    },
    "original_sample_dir": "Cs4O7_SG220",
    "original_cif_path": "phase.cif",
    "original_generated_xy_path": "generated.xy",
    "original_generation_params_json": "generation_params.json",
    "original_generation_quality_json": "generation_quality.json"
  },
  "quality": {
    "note": "These are theory-vs-generated synthetic quality indicators plus donor-template quality provenance. They are not Rietveld fit-to-experiment outputs.",
    "theory_vs_generated": {
      "profile_pearson": 0.8389173844880743,
      "profile_cosine": 0.8346009637912024,
      "rmse": 3.053227467042131,
      "mae": 1.2547972544151162,
      "background_fraction_generated": 3.4821397439665067,
      "top_peak_count_used": 20,
      "top_peak_height_log_mae": 3.5921271403345587,
      "top_peak_shift_abs_mean_deg": 0.0908591842651374,
      "peak_window_pearson": 0.8231921708542628,
      "peak_window_cosine": 0.8480264947334456
    },
    "donor_template_quality": {
      "selected_sample_code": "1191__opxrd_000584__H1_Mg1_O1",
      "selected_peak_window_rwp": 5.48784949745101,
      "selected_peak_window_pearson": 0.9997162154875435,
      "selected_background_fraction": 0.47737151362371655,
      "donor_rows": {
        "instrument": "1191__opxrd_000584__H1_Mg1_O1",
        "chemistry": "0034__rruff_R040062-1__Al1_H1_Li1_O5_P1",
        "microstructure": "0035__rruff_R040065-1__Al2_Ca3_O12_Si3",
        "orientation": "0468__rruff_R060447-1__Al2_Mn3_O12_Si3",
        "background": "0473__rruff_R060452-1__Al2_Ca3_O12_Si3"
      },
      "donor_rwp_percent": {
        "instrument": 5.159210709102735,
        "chemistry": 11.022858425713888,
        "microstructure": 22.622475049937155,
        "orientation": 14.437941228234074,
        "background": 13.92963543966282
      },
      "donor_peak_window_rwp": {
        "instrument": 5.48784949745101,
        "chemistry": 14.643991072056355,
        "microstructure": 21.833382787012113,
        "orientation": 13.973665526297289,
        "background": 18.602466410635316
      }
    }
  },
  "generation_tier": "strict_core"
}
