{
  "sample_name": "Ba_63",
  "phase_id": "mp-1058581",
  "formula": "Ba",
  "space_group": 63,
  "space_group_symbol": "Cmcm",
  "crystal_system": "orthorhombic",
  "source_origin": "materials_project",
  "slot": "background",
  "formula_group_id": "Ba1::sg::63",
  "descriptor": {
    "phase_id": "mp-1058581",
    "formula": "Ba",
    "crystal_system": "orthorhombic",
    "elements": [
      "Ba"
    ],
    "density_g_cm3": 3.481574897808217,
    "avg_z": 56.0,
    "max_z": 56.0,
    "heavy_fraction": 1.0,
    "transition_fraction": 0.0,
    "cell_lengths": [
      4.4086387,
      7.99771395,
      7.43051481
    ],
    "cell_angles": [
      90.0,
      90.0,
      90.0
    ],
    "cell_volume": 261.99275375191223,
    "cell_anisotropy": 1.814100563514084,
    "anisotropy_index": 0.8141005635140841,
    "theoretical_peak_count": 66,
    "peak_density": 0.7764705882352941,
    "median_gap_deg": 0.8050212860107422,
    "crowded_fraction": 0.2923076923076923,
    "isolated_fraction": 0.3076923076923077,
    "simple_topology": false,
    "preferred_po_axis": [
      0,
      1,
      0
    ],
    "fluorescence_bucket": "moderate",
    "absorption_bucket": "heavy"
  },
  "generation": {
    "theta_min": 5.0,
    "theta_max": 90.0,
    "num_points": 8501,
    "template_rwp_percent": 20.116123150491998,
    "template_peak_window_rwp": 19.059785587552092,
    "template_peak_window_pearson": 0.9853439113269152,
    "synth_params": {
      "ka1": 1.5405929,
      "ka2": 1.5444274,
      "use_tch_profile": true,
      "sigma_scale": 0.915935817612402,
      "kb_ratio": 0.01500880233919089,
      "use_fcj_asymmetry": true,
      "detector_nonlinearity": 0.0,
      "use_ka2": true,
      "caglioti_u": 0.031390575609021656,
      "kb": 1.39225,
      "caglioti_w": 0.0018448797995058975,
      "detector_deadtime_coeff": 0.0,
      "axial_s_over_l": 0.0012,
      "sigma_min_deg": 0.008,
      "ka2_ratio": 0.48492173130236843,
      "caglioti_v": 0.007351125729718566,
      "sigma_deg": 0.01878969372542678,
      "use_kbeta": true,
      "beam_sample_ratio": 0.05,
      "fluorescence_level": 1.0,
      "muR": 0.04,
      "trns": 0.03,
      "fluorescence_decay": 3.0001441382946625,
      "lorentz_z": 0.00047406223358712705,
      "strain": 0.0001698326920628262,
      "pseudo_voigt_eta": 0.21549996031467059,
      "lorentz_size": 0.03,
      "macro_strain": 0.00010516604721186514,
      "sample_displacement_sr": -0.0006576786369583972,
      "size_nm": 201.78737695005685,
      "delta_deg": -0.008074167241102001,
      "lorentz_strain": 0.008,
      "po_r": 1.0,
      "air_scatter_level": 0.9780736767048781,
      "b3": 0.112192066615067,
      "scatter_sigma_deg": 9.121998907528175,
      "b4": 0.036098753152426055,
      "scatter_level": 5.229502497489404,
      "compton_level": 0.19207102921458336,
      "holder_scatter_center_deg": 7.212474357253791,
      "a": 0.7608185360914905,
      "holder_scatter_level": 2.388535483823026,
      "scatter_center_deg": 10.284292706318755,
      "b5": -0.1510429043213432,
      "poisson_counts_max": 900.0,
      "air_scatter_floor": 0.06680662155683634,
      "b1": 0.02620725558933581,
      "b0": 9.689108437707368,
      "b2": -3.079490710484771,
      "holder_scatter_sigma_deg": 6.540896341606902,
      "po_hkl_axis": [
        1.0,
        0.0,
        0.0
      ],
      "final_normalize": true
    },
    "synth_sampling_meta": {
      "family_name": "background",
      "slot": "background",
      "source_family": "opxrd_like",
      "preferred_source_family": "opxrd_like",
      "descriptor": {
        "phase_id": "mp-1058581",
        "formula": "Ba",
        "crystal_system": "orthorhombic",
        "elements": [
          "Ba"
        ],
        "density_g_cm3": 3.481574897808217,
        "avg_z": 56.0,
        "max_z": 56.0,
        "heavy_fraction": 1.0,
        "transition_fraction": 0.0,
        "cell_lengths": [
          4.4086387,
          7.99771395,
          7.43051481
        ],
        "cell_angles": [
          90.0,
          90.0,
          90.0
        ],
        "cell_volume": 261.99275375191223,
        "cell_anisotropy": 1.814100563514084,
        "anisotropy_index": 0.8141005635140841,
        "theoretical_peak_count": 66,
        "peak_density": 0.7764705882352941,
        "median_gap_deg": 0.8050212860107422,
        "crowded_fraction": 0.2923076923076923,
        "isolated_fraction": 0.3076923076923077,
        "simple_topology": false,
        "preferred_po_axis": [
          0,
          1,
          0
        ],
        "fluorescence_bucket": "moderate",
        "absorption_bucket": "heavy"
      },
      "attempt": 1,
      "donor_rows": {
        "instrument": "1191__opxrd_000584__H1_Mg1_O1",
        "chemistry": "0106__rruff_R050023-1__C1_O3_Pb1",
        "microstructure": "0221__rruff_R050298-1__C1_O3_Pb1",
        "orientation": "0617__rruff_R200013__Ag1_Te1",
        "background": "0585__rruff_R070485-1__Li1_Na1_O15_Si6_Zr1"
      },
      "donor_rwp_percent": {
        "instrument": 5.159210709102735,
        "chemistry": 27.84207668452201,
        "microstructure": 30.007645267328996,
        "orientation": 10.842870596894375,
        "background": 23.60723526741731
      },
      "donor_peak_window_rwp": {
        "instrument": 5.48784949745101,
        "chemistry": 23.627353000506197,
        "microstructure": 26.49219113316751,
        "orientation": 9.019290975003878,
        "background": 23.53727849614492
      },
      "selected_sample_code": "1191__opxrd_000584__H1_Mg1_O1",
      "selected_peak_window_rwp": 5.48784949745101,
      "selected_peak_window_pearson": 0.9997162154875435,
      "selected_background_fraction": 0.40189551178868255
    },
    "original_sample_dir": "Ba_SG63",
    "original_cif_path": "phase.cif",
    "original_generated_xy_path": "generated.xy",
    "original_generation_params_json": "generation_params.json",
    "original_generation_quality_json": "generation_quality.json"
  },
  "quality": {
    "note": "These are theory-vs-generated synthetic quality indicators plus donor-template quality provenance. They are not Rietveld fit-to-experiment outputs.",
    "theory_vs_generated": {
      "profile_pearson": 0.7540789687946217,
      "profile_cosine": 0.6866946990183456,
      "rmse": 5.149302931680849,
      "mae": 3.8879819687241555,
      "background_fraction_generated": 3.145987601974509,
      "top_peak_count_used": 20,
      "top_peak_height_log_mae": 9.771200253571788,
      "top_peak_shift_abs_mean_deg": 0.19368177413940496,
      "peak_window_pearson": 0.7240308960194415,
      "peak_window_cosine": 0.7610310336189029
    },
    "donor_template_quality": {
      "selected_sample_code": "1191__opxrd_000584__H1_Mg1_O1",
      "selected_peak_window_rwp": 5.48784949745101,
      "selected_peak_window_pearson": 0.9997162154875435,
      "selected_background_fraction": 0.40189551178868255,
      "donor_rows": {
        "instrument": "1191__opxrd_000584__H1_Mg1_O1",
        "chemistry": "0106__rruff_R050023-1__C1_O3_Pb1",
        "microstructure": "0221__rruff_R050298-1__C1_O3_Pb1",
        "orientation": "0617__rruff_R200013__Ag1_Te1",
        "background": "0585__rruff_R070485-1__Li1_Na1_O15_Si6_Zr1"
      },
      "donor_rwp_percent": {
        "instrument": 5.159210709102735,
        "chemistry": 27.84207668452201,
        "microstructure": 30.007645267328996,
        "orientation": 10.842870596894375,
        "background": 23.60723526741731
      },
      "donor_peak_window_rwp": {
        "instrument": 5.48784949745101,
        "chemistry": 23.627353000506197,
        "microstructure": 26.49219113316751,
        "orientation": 9.019290975003878,
        "background": 23.53727849614492
      }
    }
  },
  "generation_tier": "strict_core"
}
