{
  "sample_name": "H7N5O2_29",
  "phase_id": "cod_4514421",
  "formula": "H7N5O2",
  "space_group": 29,
  "space_group_symbol": "Pca2_1",
  "crystal_system": "orthorhombic",
  "source_origin": "cod",
  "slot": "profile",
  "formula_group_id": "H7|N5|O2::sg::29",
  "descriptor": {
    "phase_id": "cod_4514421",
    "formula": "H7N5O2",
    "crystal_system": "orthorhombic",
    "elements": [
      "H",
      "N",
      "O"
    ],
    "density_g_cm3": 1.6103831475224644,
    "avg_z": 4.142857142857143,
    "max_z": 8.0,
    "heavy_fraction": 0.0,
    "transition_fraction": 0.0,
    "cell_lengths": [
      19.9594,
      3.5553,
      19.0219
    ],
    "cell_angles": [
      90.0,
      90.0,
      90.0
    ],
    "cell_volume": 1349.8255018205577,
    "cell_anisotropy": 5.613984755154276,
    "anisotropy_index": 4.613984755154276,
    "theoretical_peak_count": 561,
    "peak_density": 6.6,
    "median_gap_deg": 0.08463478088378906,
    "crowded_fraction": 0.9196428571428571,
    "isolated_fraction": 0.010714285714285714,
    "simple_topology": false,
    "preferred_po_axis": [
      1,
      0,
      0
    ],
    "fluorescence_bucket": "none",
    "absorption_bucket": "light"
  },
  "generation": {
    "theta_min": 5.0,
    "theta_max": 90.0,
    "num_points": 8501,
    "template_rwp_percent": 13.402713244316242,
    "template_peak_window_rwp": 13.36610465902315,
    "template_peak_window_pearson": 0.9814392226643239,
    "synth_params": {
      "ka1": 1.5405929,
      "ka2": 1.5444274,
      "use_tch_profile": true,
      "sigma_scale": 0.915935817612402,
      "kb_ratio": 0.01500880233919089,
      "use_fcj_asymmetry": true,
      "detector_nonlinearity": 0.0,
      "use_ka2": true,
      "caglioti_u": 0.031390575609021656,
      "kb": 1.39225,
      "caglioti_w": 0.0018448797995058975,
      "detector_deadtime_coeff": 0.0,
      "axial_s_over_l": 0.0012,
      "sigma_min_deg": 0.008,
      "ka2_ratio": 0.48492173130236843,
      "caglioti_v": 0.007351125729718566,
      "sigma_deg": 0.019353384537189586,
      "use_kbeta": true,
      "beam_sample_ratio": 0.05,
      "fluorescence_level": 0.0,
      "muR": 0.0002895980745933015,
      "trns": 0.14015144416566788,
      "fluorescence_decay": 3.0,
      "lorentz_z": 0.0003494793788265509,
      "strain": 0.001755533258727417,
      "pseudo_voigt_eta": 0.24288310120542217,
      "lorentz_size": 0.019069637230009522,
      "macro_strain": 0.0002712868795529252,
      "sample_displacement_sr": -0.0006055468525743351,
      "size_nm": 180.0,
      "delta_deg": -0.016335066137269483,
      "lorentz_strain": 0.009,
      "po_r": 1.0,
      "air_scatter_level": 2.5874443438307133,
      "b3": -0.07049472702896303,
      "scatter_sigma_deg": 6.369274164634062,
      "b4": 0.40367054901497795,
      "scatter_level": 0.19128571554394977,
      "compton_level": 0.1939657588824846,
      "holder_scatter_center_deg": 9.646407924002059,
      "a": 0.63521492805717,
      "holder_scatter_level": 0.06161292391414492,
      "scatter_center_deg": 5.287155163191873,
      "b5": -0.48537681584115694,
      "poisson_counts_max": 1200.0,
      "air_scatter_floor": 0.0572684134900554,
      "b1": 0.5469977030815371,
      "b0": 3.634595903549931,
      "b2": -2.2585384238884902,
      "holder_scatter_sigma_deg": 5.603982282595577,
      "po_hkl_axis": [
        0.0,
        0.0,
        1.0
      ],
      "final_normalize": true
    },
    "synth_sampling_meta": {
      "family_name": "profile",
      "slot": "profile",
      "source_family": "opxrd_like",
      "preferred_source_family": "opxrd_like",
      "descriptor": {
        "phase_id": "cod_4514421",
        "formula": "H7N5O2",
        "crystal_system": "orthorhombic",
        "elements": [
          "H",
          "N",
          "O"
        ],
        "density_g_cm3": 1.6103831475224644,
        "avg_z": 4.142857142857143,
        "max_z": 8.0,
        "heavy_fraction": 0.0,
        "transition_fraction": 0.0,
        "cell_lengths": [
          19.9594,
          3.5553,
          19.0219
        ],
        "cell_angles": [
          90.0,
          90.0,
          90.0
        ],
        "cell_volume": 1349.8255018205577,
        "cell_anisotropy": 5.613984755154276,
        "anisotropy_index": 4.613984755154276,
        "theoretical_peak_count": 561,
        "peak_density": 6.6,
        "median_gap_deg": 0.08463478088378906,
        "crowded_fraction": 0.9196428571428571,
        "isolated_fraction": 0.010714285714285714,
        "simple_topology": false,
        "preferred_po_axis": [
          1,
          0,
          0
        ],
        "fluorescence_bucket": "none",
        "absorption_bucket": "light"
      },
      "attempt": 1,
      "donor_rows": {
        "instrument": "1191__opxrd_000584__H1_Mg1_O1",
        "chemistry": "0005__rruff_R040007-1__O4_S1_Sr1",
        "microstructure": "0005__rruff_R040007-1__O4_S1_Sr1",
        "orientation": "0097__rruff_R050008-1__O4_S1_Sr1",
        "background": "0181__rruff_R050200-1__Al2_F2_O4_Si1"
      },
      "donor_rwp_percent": {
        "instrument": 5.159210709102735,
        "chemistry": 20.116123150491998,
        "microstructure": 20.116123150491998,
        "orientation": 21.876050617722377,
        "background": 23.384740001121493
      },
      "donor_peak_window_rwp": {
        "instrument": 5.48784949745101,
        "chemistry": 19.059785587552092,
        "microstructure": 19.059785587552092,
        "orientation": 20.027752015008467,
        "background": 22.398779644575264
      },
      "selected_sample_code": "1191__opxrd_000584__H1_Mg1_O1",
      "selected_peak_window_rwp": 5.48784949745101,
      "selected_peak_window_pearson": 0.9997162154875435,
      "selected_background_fraction": 0.4324993875707091
    },
    "original_sample_dir": "H7N5O2_SG29",
    "original_cif_path": "phase.cif",
    "original_generated_xy_path": "generated.xy",
    "original_generation_params_json": "generation_params.json",
    "original_generation_quality_json": "generation_quality.json"
  },
  "quality": {
    "note": "These are theory-vs-generated synthetic quality indicators plus donor-template quality provenance. They are not Rietveld fit-to-experiment outputs.",
    "theory_vs_generated": {
      "profile_pearson": 0.8725389829115107,
      "profile_cosine": 0.8171066243147942,
      "rmse": 5.0861563390176165,
      "mae": 3.792212081931037,
      "background_fraction_generated": 2.0447917196304712,
      "top_peak_count_used": 20,
      "top_peak_height_log_mae": 4.5546959119355295,
      "top_peak_shift_abs_mean_deg": 0.138312332153321,
      "peak_window_pearson": 0.8714373445885512,
      "peak_window_cosine": 0.8742759535064208
    },
    "donor_template_quality": {
      "selected_sample_code": "1191__opxrd_000584__H1_Mg1_O1",
      "selected_peak_window_rwp": 5.48784949745101,
      "selected_peak_window_pearson": 0.9997162154875435,
      "selected_background_fraction": 0.4324993875707091,
      "donor_rows": {
        "instrument": "1191__opxrd_000584__H1_Mg1_O1",
        "chemistry": "0005__rruff_R040007-1__O4_S1_Sr1",
        "microstructure": "0005__rruff_R040007-1__O4_S1_Sr1",
        "orientation": "0097__rruff_R050008-1__O4_S1_Sr1",
        "background": "0181__rruff_R050200-1__Al2_F2_O4_Si1"
      },
      "donor_rwp_percent": {
        "instrument": 5.159210709102735,
        "chemistry": 20.116123150491998,
        "microstructure": 20.116123150491998,
        "orientation": 21.876050617722377,
        "background": 23.384740001121493
      },
      "donor_peak_window_rwp": {
        "instrument": 5.48784949745101,
        "chemistry": 19.059785587552092,
        "microstructure": 19.059785587552092,
        "orientation": 20.027752015008467,
        "background": 22.398779644575264
      }
    }
  },
  "generation_tier": "strict_core"
}
