{
  "sample_name": "P_64",
  "phase_id": "mp-157",
  "formula": "P",
  "space_group": 64,
  "space_group_symbol": "Cmce",
  "crystal_system": "orthorhombic",
  "source_origin": "materials_project",
  "slot": "anchor",
  "formula_group_id": "P1::sg::64",
  "descriptor": {
    "phase_id": "mp-157",
    "formula": "P",
    "crystal_system": "orthorhombic",
    "elements": [
      "P"
    ],
    "density_g_cm3": 2.514125109324985,
    "avg_z": 15.0,
    "max_z": 15.0,
    "heavy_fraction": 0.0,
    "transition_fraction": 0.0,
    "cell_lengths": [
      3.29548625,
      10.93007545,
      4.54363559
    ],
    "cell_angles": [
      90.0,
      90.0,
      90.0
    ],
    "cell_volume": 163.6613602772979,
    "cell_anisotropy": 3.3166806415896897,
    "anisotropy_index": 2.3166806415896897,
    "theoretical_peak_count": 42,
    "peak_density": 0.49411764705882355,
    "median_gap_deg": 1.1465797424316406,
    "crowded_fraction": 0.17073170731707318,
    "isolated_fraction": 0.4878048780487805,
    "simple_topology": false,
    "preferred_po_axis": [
      0,
      1,
      0
    ],
    "fluorescence_bucket": "none",
    "absorption_bucket": "light"
  },
  "generation": {
    "theta_min": 5.0,
    "theta_max": 90.0,
    "num_points": 8501,
    "template_rwp_percent": 10.842870596894375,
    "template_peak_window_rwp": 9.019290975003878,
    "template_peak_window_pearson": 0.9923523761905567,
    "synth_params": {
      "ka1": 1.5405929,
      "ka2": 1.5444274,
      "use_tch_profile": true,
      "sigma_scale": 0.9440362830576552,
      "kb_ratio": 0.015008100559655416,
      "use_fcj_asymmetry": true,
      "detector_nonlinearity": 0.0,
      "use_ka2": true,
      "caglioti_u": 0.003279074167112672,
      "kb": 1.39225,
      "caglioti_w": 0.0010019906393954538,
      "detector_deadtime_coeff": 0.0,
      "axial_s_over_l": 0.00119999999999995,
      "sigma_min_deg": 0.008,
      "ka2_ratio": 0.48502655784215637,
      "caglioti_v": -0.005646438125445374,
      "sigma_deg": 0.009060480593718376,
      "use_kbeta": true,
      "beam_sample_ratio": 0.04999999999999995,
      "fluorescence_level": 0.0,
      "muR": 0.012883265076918796,
      "trns": 0.001921343030325408,
      "fluorescence_decay": 3.0,
      "lorentz_z": 0.0025615741864937146,
      "strain": 0.00035251942474801733,
      "pseudo_voigt_eta": 0.019998137563054755,
      "lorentz_size": 0.03,
      "macro_strain": 0.0007754606980393147,
      "sample_displacement_sr": -0.0004363673523633122,
      "size_nm": 214.42985623728077,
      "delta_deg": -0.00985351084817813,
      "lorentz_strain": 0.008,
      "po_r": 1.0,
      "air_scatter_level": 0.8748871437829153,
      "b3": 0.02283175349618308,
      "scatter_sigma_deg": 5.156430802775118,
      "b4": 0.32860030236424476,
      "scatter_level": 1.7467950340194716,
      "compton_level": 0.26404538933696103,
      "holder_scatter_center_deg": 11.91413576601708,
      "a": 1.0,
      "holder_scatter_level": 0.38054778241044424,
      "scatter_center_deg": 8.146391564318778,
      "b5": -0.20459406095561344,
      "poisson_counts_max": 1800.0,
      "air_scatter_floor": 0.09672719916061455,
      "b1": 1.2222283252149024,
      "b0": 0.27781991930384115,
      "b2": -0.6422657954948048,
      "holder_scatter_sigma_deg": 8.413581288058332,
      "po_hkl_axis": [
        0.0,
        0.0,
        1.0
      ],
      "final_normalize": true
    },
    "synth_sampling_meta": {
      "family_name": "anchor",
      "slot": "anchor",
      "source_family": "rruff_like",
      "preferred_source_family": "rruff_like",
      "descriptor": {
        "phase_id": "mp-157",
        "formula": "P",
        "crystal_system": "orthorhombic",
        "elements": [
          "P"
        ],
        "density_g_cm3": 2.514125109324985,
        "avg_z": 15.0,
        "max_z": 15.0,
        "heavy_fraction": 0.0,
        "transition_fraction": 0.0,
        "cell_lengths": [
          3.29548625,
          10.93007545,
          4.54363559
        ],
        "cell_angles": [
          90.0,
          90.0,
          90.0
        ],
        "cell_volume": 163.6613602772979,
        "cell_anisotropy": 3.3166806415896897,
        "anisotropy_index": 2.3166806415896897,
        "theoretical_peak_count": 42,
        "peak_density": 0.49411764705882355,
        "median_gap_deg": 1.1465797424316406,
        "crowded_fraction": 0.17073170731707318,
        "isolated_fraction": 0.4878048780487805,
        "simple_topology": false,
        "preferred_po_axis": [
          0,
          1,
          0
        ],
        "fluorescence_bucket": "none",
        "absorption_bucket": "light"
      },
      "attempt": 1,
      "donor_rows": {
        "instrument": "0144__rruff_R050115-1__Ca1_F2",
        "chemistry": "0113__rruff_R050045-1__Ca1_F2",
        "microstructure": "0249__rruff_R050363-1__O2_Ti1",
        "orientation": "0249__rruff_R050363-1__O2_Ti1",
        "background": "0098__rruff_R050009-1__C1_Ca1_O3"
      },
      "donor_rwp_percent": {
        "instrument": 10.8136128591309,
        "chemistry": 10.345769455766266,
        "microstructure": 14.776303909097866,
        "orientation": 14.776303909097866,
        "background": 10.473963597060688
      },
      "donor_peak_window_rwp": {
        "instrument": 14.273780930421212,
        "chemistry": 11.85177861797737,
        "microstructure": 20.08462830562262,
        "orientation": 20.08462830562262,
        "background": 13.939634579044661
      },
      "selected_sample_code": "0144__rruff_R050115-1__Ca1_F2",
      "selected_peak_window_rwp": 14.273780930421212,
      "selected_peak_window_pearson": 0.9900974432048891,
      "selected_background_fraction": 0.33789056758532876
    },
    "original_sample_dir": "P_SG64",
    "original_cif_path": "phase.cif",
    "original_generated_xy_path": "generated.xy",
    "original_generation_params_json": "generation_params.json",
    "original_generation_quality_json": "generation_quality.json"
  },
  "quality": {
    "note": "These are theory-vs-generated synthetic quality indicators plus donor-template quality provenance. They are not Rietveld fit-to-experiment outputs.",
    "theory_vs_generated": {
      "profile_pearson": 0.929632816035559,
      "profile_cosine": 0.9262326491329788,
      "rmse": 2.0078125437365597,
      "mae": 0.8393828546493866,
      "background_fraction_generated": 1.8906010076080784,
      "top_peak_count_used": 20,
      "top_peak_height_log_mae": 0.32199006232700217,
      "top_peak_shift_abs_mean_deg": 0.0300387687683104,
      "peak_window_pearson": 0.9401105396879559,
      "peak_window_cosine": 0.9463419529491341
    },
    "donor_template_quality": {
      "selected_sample_code": "0144__rruff_R050115-1__Ca1_F2",
      "selected_peak_window_rwp": 14.273780930421212,
      "selected_peak_window_pearson": 0.9900974432048891,
      "selected_background_fraction": 0.33789056758532876,
      "donor_rows": {
        "instrument": "0144__rruff_R050115-1__Ca1_F2",
        "chemistry": "0113__rruff_R050045-1__Ca1_F2",
        "microstructure": "0249__rruff_R050363-1__O2_Ti1",
        "orientation": "0249__rruff_R050363-1__O2_Ti1",
        "background": "0098__rruff_R050009-1__C1_Ca1_O3"
      },
      "donor_rwp_percent": {
        "instrument": 10.8136128591309,
        "chemistry": 10.345769455766266,
        "microstructure": 14.776303909097866,
        "orientation": 14.776303909097866,
        "background": 10.473963597060688
      },
      "donor_peak_window_rwp": {
        "instrument": 14.273780930421212,
        "chemistry": 11.85177861797737,
        "microstructure": 20.08462830562262,
        "orientation": 20.08462830562262,
        "background": 13.939634579044661
      }
    }
  },
  "generation_tier": "strict_core"
}
