{
  "sample_name": "C_164",
  "phase_id": "mp-990424",
  "formula": "C",
  "space_group": 164,
  "space_group_symbol": "P-3m1",
  "crystal_system": "trigonal",
  "source_origin": "materials_project",
  "slot": "profile",
  "formula_group_id": "C1::sg::164",
  "descriptor": {
    "phase_id": "mp-990424",
    "formula": "C",
    "crystal_system": "trigonal",
    "elements": [
      "C"
    ],
    "density_g_cm3": 1.898023644177332,
    "avg_z": 6.0,
    "max_z": 6.0,
    "heavy_fraction": 0.0,
    "transition_fraction": 0.0,
    "cell_lengths": [
      2.4562276399999994,
      2.45622737,
      24.13396017
    ],
    "cell_angles": [
      90.02726664999999,
      89.97273044,
      119.99983847
    ],
    "cell_volume": 126.0947617144482,
    "cell_anisotropy": 9.82562138374022,
    "anisotropy_index": 8.82562138374022,
    "theoretical_peak_count": 138,
    "peak_density": 1.6235294117647059,
    "median_gap_deg": 0.01599884033203125,
    "crowded_fraction": 0.6861313868613139,
    "isolated_fraction": 0.18248175182481752,
    "simple_topology": false,
    "preferred_po_axis": [
      0,
      0,
      1
    ],
    "fluorescence_bucket": "none",
    "absorption_bucket": "light"
  },
  "generation": {
    "theta_min": 5.0,
    "theta_max": 90.0,
    "num_points": 8501,
    "template_rwp_percent": 27.08433368266328,
    "template_peak_window_rwp": 13.745715758604918,
    "template_peak_window_pearson": 0.9972437717636932,
    "synth_params": {
      "ka1": 1.5405929,
      "ka2": 1.5444274,
      "use_tch_profile": true,
      "sigma_scale": 0.915935817612402,
      "kb_ratio": 0.01500880233919089,
      "use_fcj_asymmetry": true,
      "detector_nonlinearity": 0.0,
      "use_ka2": true,
      "caglioti_u": 0.031390575609021656,
      "kb": 1.39225,
      "caglioti_w": 0.0018448797995058975,
      "detector_deadtime_coeff": 0.0,
      "axial_s_over_l": 0.0012,
      "sigma_min_deg": 0.008,
      "ka2_ratio": 0.48492173130236843,
      "caglioti_v": 0.007351125729718566,
      "sigma_deg": 0.019353384537189586,
      "use_kbeta": true,
      "beam_sample_ratio": 0.05,
      "fluorescence_level": 0.0,
      "muR": 0.012883265076918796,
      "trns": 0.001921343030325408,
      "fluorescence_decay": 3.0,
      "lorentz_z": 9.318430809310919e-05,
      "strain": 0.0010045100078755105,
      "pseudo_voigt_eta": -0.04963378431564783,
      "lorentz_size": 0.032,
      "macro_strain": 0.0,
      "sample_displacement_sr": -0.0002,
      "size_nm": 180.0,
      "delta_deg": -0.01,
      "lorentz_strain": 0.000648020609381769,
      "po_r": 1.0,
      "air_scatter_level": 2.410266234730674,
      "b3": -0.08593340749848365,
      "scatter_sigma_deg": 1.644719909029842,
      "b4": 0.4429109192667818,
      "scatter_level": 6.1672233266565,
      "compton_level": 0.6568697565992951,
      "holder_scatter_center_deg": 7.2776640364438006,
      "a": 1.0,
      "holder_scatter_level": 0.5573823750507921,
      "scatter_center_deg": 6.211672988063088,
      "b5": -0.2250101986332899,
      "poisson_counts_max": 1200.0,
      "air_scatter_floor": 0.06229674692407751,
      "b1": 2.608931861887388,
      "b0": 4.046813325524662,
      "b2": -1.0696747467033487,
      "holder_scatter_sigma_deg": 4.9086014885197145,
      "po_hkl_axis": [
        0.0,
        1.0,
        0.0
      ],
      "final_normalize": true
    },
    "synth_sampling_meta": {
      "family_name": "profile",
      "slot": "profile",
      "source_family": "opxrd_like",
      "preferred_source_family": "opxrd_like",
      "descriptor": {
        "phase_id": "mp-990424",
        "formula": "C",
        "crystal_system": "trigonal",
        "elements": [
          "C"
        ],
        "density_g_cm3": 1.898023644177332,
        "avg_z": 6.0,
        "max_z": 6.0,
        "heavy_fraction": 0.0,
        "transition_fraction": 0.0,
        "cell_lengths": [
          2.4562276399999994,
          2.45622737,
          24.13396017
        ],
        "cell_angles": [
          90.02726664999999,
          89.97273044,
          119.99983847
        ],
        "cell_volume": 126.0947617144482,
        "cell_anisotropy": 9.82562138374022,
        "anisotropy_index": 8.82562138374022,
        "theoretical_peak_count": 138,
        "peak_density": 1.6235294117647059,
        "median_gap_deg": 0.01599884033203125,
        "crowded_fraction": 0.6861313868613139,
        "isolated_fraction": 0.18248175182481752,
        "simple_topology": false,
        "preferred_po_axis": [
          0,
          0,
          1
        ],
        "fluorescence_bucket": "none",
        "absorption_bucket": "light"
      },
      "attempt": 1,
      "donor_rows": {
        "instrument": "1191__opxrd_000584__H1_Mg1_O1",
        "chemistry": "0113__rruff_R050045-1__Ca1_F2",
        "microstructure": "0098__rruff_R050009-1__C1_Ca1_O3",
        "orientation": "0098__rruff_R050009-1__C1_Ca1_O3",
        "background": "0385__rruff_R060020-1__Al2_O3"
      },
      "donor_rwp_percent": {
        "instrument": 5.159210709102735,
        "chemistry": 10.345769455766266,
        "microstructure": 10.473963597060688,
        "orientation": 10.473963597060688,
        "background": 26.257958244816827
      },
      "donor_peak_window_rwp": {
        "instrument": 5.48784949745101,
        "chemistry": 11.85177861797737,
        "microstructure": 13.939634579044661,
        "orientation": 13.939634579044661,
        "background": 19.032257431869365
      },
      "selected_sample_code": "1191__opxrd_000584__H1_Mg1_O1",
      "selected_peak_window_rwp": 5.48784949745101,
      "selected_peak_window_pearson": 0.9997162154875435,
      "selected_background_fraction": 0.5571789631643232
    },
    "original_sample_dir": "C_SG164",
    "original_cif_path": "phase.cif",
    "original_generated_xy_path": "generated.xy",
    "original_generation_params_json": "generation_params.json",
    "original_generation_quality_json": "generation_quality.json"
  },
  "quality": {
    "note": "These are theory-vs-generated synthetic quality indicators plus donor-template quality provenance. They are not Rietveld fit-to-experiment outputs.",
    "theory_vs_generated": {
      "profile_pearson": 0.9358172961232015,
      "profile_cosine": 0.8716079632938443,
      "rmse": 1.83157267756528,
      "mae": 1.407377223240415,
      "background_fraction_generated": 6.271874271288883,
      "top_peak_count_used": 20,
      "top_peak_height_log_mae": 15.006751659187998,
      "top_peak_shift_abs_mean_deg": 0.28263735198974527,
      "peak_window_pearson": 0.9515713592472996,
      "peak_window_cosine": 0.9369408889435245
    },
    "donor_template_quality": {
      "selected_sample_code": "1191__opxrd_000584__H1_Mg1_O1",
      "selected_peak_window_rwp": 5.48784949745101,
      "selected_peak_window_pearson": 0.9997162154875435,
      "selected_background_fraction": 0.5571789631643232,
      "donor_rows": {
        "instrument": "1191__opxrd_000584__H1_Mg1_O1",
        "chemistry": "0113__rruff_R050045-1__Ca1_F2",
        "microstructure": "0098__rruff_R050009-1__C1_Ca1_O3",
        "orientation": "0098__rruff_R050009-1__C1_Ca1_O3",
        "background": "0385__rruff_R060020-1__Al2_O3"
      },
      "donor_rwp_percent": {
        "instrument": 5.159210709102735,
        "chemistry": 10.345769455766266,
        "microstructure": 10.473963597060688,
        "orientation": 10.473963597060688,
        "background": 26.257958244816827
      },
      "donor_peak_window_rwp": {
        "instrument": 5.48784949745101,
        "chemistry": 11.85177861797737,
        "microstructure": 13.939634579044661,
        "orientation": 13.939634579044661,
        "background": 19.032257431869365
      }
    }
  },
  "generation_tier": "strict_core"
}
