{
  "sample_name": "TlF_28",
  "phase_id": "cod_2310717",
  "formula": "TlF",
  "space_group": 28,
  "space_group_symbol": "Pma2",
  "crystal_system": "orthorhombic",
  "source_origin": "cod",
  "slot": "background",
  "formula_group_id": "F1|Tl1::sg::28",
  "descriptor": {
    "phase_id": "cod_2310717",
    "formula": "TlF",
    "crystal_system": "orthorhombic",
    "elements": [
      "F",
      "Tl"
    ],
    "density_g_cm3": 8.575754420387366,
    "avg_z": 45.0,
    "max_z": 81.0,
    "heavy_fraction": 0.5,
    "transition_fraction": 0.0,
    "cell_lengths": [
      5.175,
      6.092,
      5.488
    ],
    "cell_angles": [
      90.0,
      90.0,
      90.0
    ],
    "cell_volume": 173.0152368,
    "cell_anisotropy": 1.1771980676328502,
    "anisotropy_index": 0.17719806763285018,
    "theoretical_peak_count": 90,
    "peak_density": 1.0588235294117647,
    "median_gap_deg": 0.5611495971679688,
    "crowded_fraction": 0.3595505617977528,
    "isolated_fraction": 0.20224719101123595,
    "simple_topology": false,
    "preferred_po_axis": [
      0,
      1,
      0
    ],
    "fluorescence_bucket": "none",
    "absorption_bucket": "heavy"
  },
  "generation": {
    "theta_min": 5.0,
    "theta_max": 90.0,
    "num_points": 8501,
    "template_rwp_percent": 20.116123150491998,
    "template_peak_window_rwp": 19.059785587552092,
    "template_peak_window_pearson": 0.9853439113269152,
    "synth_params": {
      "ka1": 1.5405929,
      "ka2": 1.5444274,
      "use_tch_profile": true,
      "sigma_scale": 0.915935817612402,
      "kb_ratio": 0.01500880233919089,
      "use_fcj_asymmetry": true,
      "detector_nonlinearity": 0.0,
      "use_ka2": true,
      "caglioti_u": 0.031390575609021656,
      "kb": 1.39225,
      "caglioti_w": 0.0018448797995058975,
      "detector_deadtime_coeff": 0.0,
      "axial_s_over_l": 0.0012,
      "sigma_min_deg": 0.008,
      "ka2_ratio": 0.48492173130236843,
      "caglioti_v": 0.007351125729718566,
      "sigma_deg": 0.01878969372542678,
      "use_kbeta": true,
      "beam_sample_ratio": 0.05,
      "fluorescence_level": 0.0,
      "muR": 0.04,
      "trns": 0.0,
      "fluorescence_decay": 3.0,
      "lorentz_z": 4.374300440560386e-06,
      "strain": 1.5045518550967324e-08,
      "pseudo_voigt_eta": 0.1441946515399219,
      "lorentz_size": 0.0034112829804262778,
      "macro_strain": 0.00043048822320357604,
      "sample_displacement_sr": -0.0005919258371962724,
      "size_nm": 180.0,
      "delta_deg": -0.0030216092547030193,
      "lorentz_strain": 0.008,
      "po_r": 1.0,
      "air_scatter_level": 1e-08,
      "b3": -0.1848624278005454,
      "scatter_sigma_deg": 6.0,
      "b4": 0.20595308036552476,
      "scatter_level": 1.2,
      "compton_level": 1e-08,
      "holder_scatter_center_deg": 15.0,
      "a": 2.456521703905162,
      "holder_scatter_level": 1e-08,
      "scatter_center_deg": 15.0,
      "b5": -1.0196444166448001e-06,
      "poisson_counts_max": 3119.5,
      "air_scatter_floor": 0.05,
      "b1": -4.44554467722384,
      "b0": 21.288767814184258,
      "b2": -1.9952642435986017,
      "holder_scatter_sigma_deg": 4.0,
      "po_hkl_axis": [
        0.0,
        0.0,
        1.0
      ],
      "final_normalize": true
    },
    "synth_sampling_meta": {
      "family_name": "background",
      "slot": "background",
      "source_family": "opxrd_like",
      "preferred_source_family": "opxrd_like",
      "descriptor": {
        "phase_id": "cod_2310717",
        "formula": "TlF",
        "crystal_system": "orthorhombic",
        "elements": [
          "F",
          "Tl"
        ],
        "density_g_cm3": 8.575754420387366,
        "avg_z": 45.0,
        "max_z": 81.0,
        "heavy_fraction": 0.5,
        "transition_fraction": 0.0,
        "cell_lengths": [
          5.175,
          6.092,
          5.488
        ],
        "cell_angles": [
          90.0,
          90.0,
          90.0
        ],
        "cell_volume": 173.0152368,
        "cell_anisotropy": 1.1771980676328502,
        "anisotropy_index": 0.17719806763285018,
        "theoretical_peak_count": 90,
        "peak_density": 1.0588235294117647,
        "median_gap_deg": 0.5611495971679688,
        "crowded_fraction": 0.3595505617977528,
        "isolated_fraction": 0.20224719101123595,
        "simple_topology": false,
        "preferred_po_axis": [
          0,
          1,
          0
        ],
        "fluorescence_bucket": "none",
        "absorption_bucket": "heavy"
      },
      "attempt": 1,
      "donor_rows": {
        "instrument": "1191__opxrd_000584__H1_Mg1_O1",
        "chemistry": "1191__opxrd_000584__H1_Mg1_O1",
        "microstructure": "0041__rruff_R040073-1__Al2_Be1_O4",
        "orientation": "0391__rruff_R060042-1__As1_Mg1_O8",
        "background": "1191__opxrd_000584__H1_Mg1_O1"
      },
      "donor_rwp_percent": {
        "instrument": 5.159210709102735,
        "chemistry": 5.159210709102735,
        "microstructure": 21.50594762145123,
        "orientation": 18.11520983114812,
        "background": 5.159210709102735
      },
      "donor_peak_window_rwp": {
        "instrument": 5.48784949745101,
        "chemistry": 5.48784949745101,
        "microstructure": 21.59440755253815,
        "orientation": 17.897348265328343,
        "background": 5.48784949745101
      },
      "selected_sample_code": "1191__opxrd_000584__H1_Mg1_O1",
      "selected_peak_window_rwp": 5.48784949745101,
      "selected_peak_window_pearson": 0.9997162154875435,
      "selected_background_fraction": 0.5127638626915709
    },
    "original_sample_dir": "TlF_SG28",
    "original_cif_path": "phase.cif",
    "original_generated_xy_path": "generated.xy",
    "original_generation_params_json": "generation_params.json",
    "original_generation_quality_json": "generation_quality.json"
  },
  "quality": {
    "note": "These are theory-vs-generated synthetic quality indicators plus donor-template quality provenance. They are not Rietveld fit-to-experiment outputs.",
    "theory_vs_generated": {
      "profile_pearson": 0.8014457184687294,
      "profile_cosine": 0.7736820162303206,
      "rmse": 3.012714708914769,
      "mae": 1.758304532938478,
      "background_fraction_generated": 10.01595775313926,
      "top_peak_count_used": 20,
      "top_peak_height_log_mae": 16.781593103696956,
      "top_peak_shift_abs_mean_deg": 0.2881252021789532,
      "peak_window_pearson": 0.7761198147707192,
      "peak_window_cosine": 0.8038077055139908
    },
    "donor_template_quality": {
      "selected_sample_code": "1191__opxrd_000584__H1_Mg1_O1",
      "selected_peak_window_rwp": 5.48784949745101,
      "selected_peak_window_pearson": 0.9997162154875435,
      "selected_background_fraction": 0.5127638626915709,
      "donor_rows": {
        "instrument": "1191__opxrd_000584__H1_Mg1_O1",
        "chemistry": "1191__opxrd_000584__H1_Mg1_O1",
        "microstructure": "0041__rruff_R040073-1__Al2_Be1_O4",
        "orientation": "0391__rruff_R060042-1__As1_Mg1_O8",
        "background": "1191__opxrd_000584__H1_Mg1_O1"
      },
      "donor_rwp_percent": {
        "instrument": 5.159210709102735,
        "chemistry": 5.159210709102735,
        "microstructure": 21.50594762145123,
        "orientation": 18.11520983114812,
        "background": 5.159210709102735
      },
      "donor_peak_window_rwp": {
        "instrument": 5.48784949745101,
        "chemistry": 5.48784949745101,
        "microstructure": 21.59440755253815,
        "orientation": 17.897348265328343,
        "background": 5.48784949745101
      }
    }
  },
  "generation_tier": "strict_core"
}
