{
  "sample_name": "AlPO4_119",
  "phase_id": "mp-551798",
  "formula": "AlPO4",
  "space_group": 119,
  "space_group_symbol": "I-4m2",
  "crystal_system": "tetragonal",
  "source_origin": "materials_project",
  "slot": "anchor",
  "formula_group_id": "Al1|O4|P1::sg::119",
  "descriptor": {
    "phase_id": "mp-551798",
    "formula": "AlPO4",
    "crystal_system": "tetragonal",
    "elements": [
      "Al",
      "O",
      "P"
    ],
    "density_g_cm3": 2.0713903362020782,
    "avg_z": 10.0,
    "max_z": 15.0,
    "heavy_fraction": 0.0,
    "transition_fraction": 0.0,
    "cell_lengths": [
      4.652124,
      4.652124,
      9.034554
    ],
    "cell_angles": [
      90.0,
      90.0,
      90.0
    ],
    "cell_volume": 195.52814597534285,
    "cell_anisotropy": 1.9420277705409401,
    "anisotropy_index": 0.9420277705409401,
    "theoretical_peak_count": 36,
    "peak_density": 0.4235294117647059,
    "median_gap_deg": 1.4068374633789062,
    "crowded_fraction": 0.08571428571428572,
    "isolated_fraction": 0.5428571428571428,
    "simple_topology": false,
    "preferred_po_axis": [
      0,
      0,
      1
    ],
    "fluorescence_bucket": "none",
    "absorption_bucket": "light"
  },
  "generation": {
    "theta_min": 5.0,
    "theta_max": 90.0,
    "num_points": 8501,
    "template_rwp_percent": 10.402672957057197,
    "template_peak_window_rwp": 14.072753300217883,
    "template_peak_window_pearson": 0.9910622346999242,
    "synth_params": {
      "ka1": 1.5405929,
      "ka2": 1.5444274,
      "use_tch_profile": true,
      "sigma_scale": 0.8931250612088697,
      "kb_ratio": 0.0150001935948968,
      "use_fcj_asymmetry": true,
      "detector_nonlinearity": 0.0,
      "use_ka2": true,
      "caglioti_u": 0.0007621425101656935,
      "kb": 1.39225,
      "caglioti_w": 0.0005194843263096571,
      "detector_deadtime_coeff": 0.0,
      "axial_s_over_l": 0.0012,
      "sigma_min_deg": 0.008,
      "ka2_ratio": 0.48500200238216495,
      "caglioti_v": -0.009661657695328705,
      "sigma_deg": 0.01101934406440411,
      "use_kbeta": true,
      "beam_sample_ratio": 0.05,
      "fluorescence_level": 0.0,
      "muR": 0.035,
      "trns": 0.08980818745026542,
      "fluorescence_decay": 3.0,
      "lorentz_z": 9.999931380289409e-09,
      "strain": 0.0004667909607517644,
      "pseudo_voigt_eta": 0.016775997756262973,
      "lorentz_size": 0.03,
      "macro_strain": 0.0,
      "sample_displacement_sr": -0.0006160756468993549,
      "size_nm": 234.28401912737408,
      "delta_deg": -0.009630389138422917,
      "lorentz_strain": 0.008,
      "po_r": 1.0,
      "air_scatter_level": 0.09706612532080099,
      "b3": 1.3442063835833177e-08,
      "scatter_sigma_deg": 6.745516875079763,
      "b4": -2.5548919808363584e-08,
      "scatter_level": 3.946561982338837,
      "compton_level": 0.18135052466548185,
      "holder_scatter_center_deg": 6.702251591272819,
      "a": 2.153788943583767,
      "holder_scatter_level": 1.5180855852318598,
      "scatter_center_deg": 5.377016023437027,
      "b5": -2.4223914256036022e-08,
      "poisson_counts_max": 5450.4,
      "air_scatter_floor": 0.15296218183818666,
      "b1": -4.956923696401883,
      "b0": -2.8144852857215144,
      "b2": 2.6039921031347997,
      "holder_scatter_sigma_deg": 8.020252416654412,
      "po_hkl_axis": [
        0.0,
        1.0,
        0.0
      ],
      "final_normalize": true
    },
    "synth_sampling_meta": {
      "family_name": "anchor",
      "slot": "anchor",
      "source_family": "rruff_like",
      "preferred_source_family": "rruff_like",
      "descriptor": {
        "phase_id": "mp-551798",
        "formula": "AlPO4",
        "crystal_system": "tetragonal",
        "elements": [
          "Al",
          "O",
          "P"
        ],
        "density_g_cm3": 2.0713903362020782,
        "avg_z": 10.0,
        "max_z": 15.0,
        "heavy_fraction": 0.0,
        "transition_fraction": 0.0,
        "cell_lengths": [
          4.652124,
          4.652124,
          9.034554
        ],
        "cell_angles": [
          90.0,
          90.0,
          90.0
        ],
        "cell_volume": 195.52814597534285,
        "cell_anisotropy": 1.9420277705409401,
        "anisotropy_index": 0.9420277705409401,
        "theoretical_peak_count": 36,
        "peak_density": 0.4235294117647059,
        "median_gap_deg": 1.4068374633789062,
        "crowded_fraction": 0.08571428571428572,
        "isolated_fraction": 0.5428571428571428,
        "simple_topology": false,
        "preferred_po_axis": [
          0,
          0,
          1
        ],
        "fluorescence_bucket": "none",
        "absorption_bucket": "light"
      },
      "attempt": 1,
      "donor_rows": {
        "instrument": "0114__rruff_R050046-1__Ca1_F2",
        "chemistry": "0415__rruff_R060150-1__Ca13_F10_H12_O34_Si10",
        "microstructure": "0040__rruff_R040072-1__O2_Sn1",
        "orientation": "0040__rruff_R040072-1__O2_Sn1",
        "background": "0150__rruff_R050126-1__Al3_H4_Na1_O12_P2"
      },
      "donor_rwp_percent": {
        "instrument": 9.726468019402185,
        "chemistry": 8.00315190123515,
        "microstructure": 8.949317208747097,
        "orientation": 8.949317208747097,
        "background": 12.349421546615877
      },
      "donor_peak_window_rwp": {
        "instrument": 13.19345430738523,
        "chemistry": 11.357098944708872,
        "microstructure": 10.251782402398721,
        "orientation": 10.251782402398721,
        "background": 16.546432705173878
      },
      "selected_sample_code": "0114__rruff_R050046-1__Ca1_F2",
      "selected_peak_window_rwp": 13.19345430738523,
      "selected_peak_window_pearson": 0.9922526532206353,
      "selected_background_fraction": 0.06048028654774604
    },
    "original_sample_dir": "AlPO4_SG119",
    "original_cif_path": "phase.cif",
    "original_generated_xy_path": "generated.xy",
    "original_generation_params_json": "generation_params.json",
    "original_generation_quality_json": "generation_quality.json"
  },
  "quality": {
    "note": "These are theory-vs-generated synthetic quality indicators plus donor-template quality provenance. They are not Rietveld fit-to-experiment outputs.",
    "theory_vs_generated": {
      "profile_pearson": 0.753339263207633,
      "profile_cosine": 0.7580111302990203,
      "rmse": 2.5086038530098924,
      "mae": 0.4378595677172742,
      "background_fraction_generated": -4.767840491043677,
      "top_peak_count_used": 20,
      "top_peak_height_log_mae": 0.5905413228600155,
      "top_peak_shift_abs_mean_deg": 0.06005316543579138,
      "peak_window_pearson": 0.7312858690800428,
      "peak_window_cosine": 0.7591746546069444
    },
    "donor_template_quality": {
      "selected_sample_code": "0114__rruff_R050046-1__Ca1_F2",
      "selected_peak_window_rwp": 13.19345430738523,
      "selected_peak_window_pearson": 0.9922526532206353,
      "selected_background_fraction": 0.06048028654774604,
      "donor_rows": {
        "instrument": "0114__rruff_R050046-1__Ca1_F2",
        "chemistry": "0415__rruff_R060150-1__Ca13_F10_H12_O34_Si10",
        "microstructure": "0040__rruff_R040072-1__O2_Sn1",
        "orientation": "0040__rruff_R040072-1__O2_Sn1",
        "background": "0150__rruff_R050126-1__Al3_H4_Na1_O12_P2"
      },
      "donor_rwp_percent": {
        "instrument": 9.726468019402185,
        "chemistry": 8.00315190123515,
        "microstructure": 8.949317208747097,
        "orientation": 8.949317208747097,
        "background": 12.349421546615877
      },
      "donor_peak_window_rwp": {
        "instrument": 13.19345430738523,
        "chemistry": 11.357098944708872,
        "microstructure": 10.251782402398721,
        "orientation": 10.251782402398721,
        "background": 16.546432705173878
      }
    }
  },
  "generation_tier": "strict_core"
}
