{
  "sample_name": "NaO2_61",
  "phase_id": "mp-1180346",
  "formula": "NaO2",
  "space_group": 61,
  "space_group_symbol": "Pbca",
  "crystal_system": "orthorhombic",
  "source_origin": "materials_project",
  "slot": "profile",
  "formula_group_id": "Na1|O2::sg::61",
  "descriptor": {
    "phase_id": "mp-1180346",
    "formula": "NaO2",
    "crystal_system": "orthorhombic",
    "elements": [
      "Na",
      "O"
    ],
    "density_g_cm3": 2.4785014879096647,
    "avg_z": 9.0,
    "max_z": 11.0,
    "heavy_fraction": 0.0,
    "transition_fraction": 0.0,
    "cell_lengths": [
      5.08844605,
      6.3336445,
      9.14499487
    ],
    "cell_angles": [
      90.00116795,
      89.99727376,
      90.00541525
    ],
    "cell_volume": 294.72862720922325,
    "cell_anisotropy": 1.7972077880240078,
    "anisotropy_index": 0.7972077880240078,
    "theoretical_peak_count": 372,
    "peak_density": 4.376470588235295,
    "median_gap_deg": 0.0025482177734375,
    "crowded_fraction": 0.8140161725067385,
    "isolated_fraction": 0.03234501347708895,
    "simple_topology": false,
    "preferred_po_axis": [
      0,
      0,
      1
    ],
    "fluorescence_bucket": "none",
    "absorption_bucket": "light"
  },
  "generation": {
    "theta_min": 5.0,
    "theta_max": 90.0,
    "num_points": 8501,
    "template_rwp_percent": 13.402713244316242,
    "template_peak_window_rwp": 13.36610465902315,
    "template_peak_window_pearson": 0.9814392226643239,
    "synth_params": {
      "ka1": 1.5405929,
      "ka2": 1.5444274,
      "use_tch_profile": true,
      "sigma_scale": 0.915935817612402,
      "kb_ratio": 0.01500880233919089,
      "use_fcj_asymmetry": true,
      "detector_nonlinearity": 0.0,
      "use_ka2": true,
      "caglioti_u": 0.031390575609021656,
      "kb": 1.39225,
      "caglioti_w": 0.0018448797995058975,
      "detector_deadtime_coeff": 0.0,
      "axial_s_over_l": 0.0012,
      "sigma_min_deg": 0.008,
      "ka2_ratio": 0.48492173130236843,
      "caglioti_v": 0.007351125729718566,
      "sigma_deg": 0.019353384537189586,
      "use_kbeta": true,
      "beam_sample_ratio": 0.05,
      "fluorescence_level": 0.0,
      "muR": 0.0,
      "trns": 0.0,
      "fluorescence_decay": 3.0,
      "lorentz_z": 1.7845396581974172e-06,
      "strain": 4.837382065698914e-07,
      "pseudo_voigt_eta": 0.024799510349862885,
      "lorentz_size": 0.004769892892496248,
      "macro_strain": 0.00016383915808554695,
      "sample_displacement_sr": -0.000526261951303506,
      "size_nm": 180.0,
      "delta_deg": -0.017562078112892038,
      "lorentz_strain": 0.009,
      "po_r": 1.0,
      "air_scatter_level": 1.4116590342233692,
      "b3": 0.18696257098780145,
      "scatter_sigma_deg": 2.7816420331308898,
      "b4": 0.1383373038645282,
      "scatter_level": 3.579152758761135,
      "compton_level": 0.8592089713519215,
      "holder_scatter_center_deg": 19.08676688614928,
      "a": 1.110191065981984,
      "holder_scatter_level": 0.7890705848723585,
      "scatter_center_deg": 4.542831524422445,
      "b5": -0.1269909622531953,
      "poisson_counts_max": 1200.0,
      "air_scatter_floor": 0.047253002296068755,
      "b1": 0.1561190312187623,
      "b0": 7.875117452192955,
      "b2": -2.2525031161762095,
      "holder_scatter_sigma_deg": 4.414878674003362,
      "po_hkl_axis": [
        0.0,
        1.0,
        0.0
      ],
      "final_normalize": true
    },
    "synth_sampling_meta": {
      "family_name": "profile",
      "slot": "profile",
      "source_family": "opxrd_like",
      "preferred_source_family": "opxrd_like",
      "descriptor": {
        "phase_id": "mp-1180346",
        "formula": "NaO2",
        "crystal_system": "orthorhombic",
        "elements": [
          "Na",
          "O"
        ],
        "density_g_cm3": 2.4785014879096647,
        "avg_z": 9.0,
        "max_z": 11.0,
        "heavy_fraction": 0.0,
        "transition_fraction": 0.0,
        "cell_lengths": [
          5.08844605,
          6.3336445,
          9.14499487
        ],
        "cell_angles": [
          90.00116795,
          89.99727376,
          90.00541525
        ],
        "cell_volume": 294.72862720922325,
        "cell_anisotropy": 1.7972077880240078,
        "anisotropy_index": 0.7972077880240078,
        "theoretical_peak_count": 372,
        "peak_density": 4.376470588235295,
        "median_gap_deg": 0.0025482177734375,
        "crowded_fraction": 0.8140161725067385,
        "isolated_fraction": 0.03234501347708895,
        "simple_topology": false,
        "preferred_po_axis": [
          0,
          0,
          1
        ],
        "fluorescence_bucket": "none",
        "absorption_bucket": "light"
      },
      "attempt": 1,
      "donor_rows": {
        "instrument": "1191__opxrd_000584__H1_Mg1_O1",
        "chemistry": "0098__rruff_R050009-1__C1_Ca1_O3",
        "microstructure": "0181__rruff_R050200-1__Al2_F2_O4_Si1",
        "orientation": "0181__rruff_R050200-1__Al2_F2_O4_Si1",
        "background": "0005__rruff_R040007-1__O4_S1_Sr1"
      },
      "donor_rwp_percent": {
        "instrument": 5.159210709102735,
        "chemistry": 10.473963597060688,
        "microstructure": 23.384740001121493,
        "orientation": 23.384740001121493,
        "background": 20.116123150491998
      },
      "donor_peak_window_rwp": {
        "instrument": 5.48784949745101,
        "chemistry": 13.939634579044661,
        "microstructure": 22.398779644575264,
        "orientation": 22.398779644575264,
        "background": 19.059785587552092
      },
      "selected_sample_code": "1191__opxrd_000584__H1_Mg1_O1",
      "selected_peak_window_rwp": 5.48784949745101,
      "selected_peak_window_pearson": 0.9997162154875435,
      "selected_background_fraction": 0.36098710934348555
    },
    "original_sample_dir": "NaO2_SG61",
    "original_cif_path": "phase.cif",
    "original_generated_xy_path": "generated.xy",
    "original_generation_params_json": "generation_params.json",
    "original_generation_quality_json": "generation_quality.json"
  },
  "quality": {
    "note": "These are theory-vs-generated synthetic quality indicators plus donor-template quality provenance. They are not Rietveld fit-to-experiment outputs.",
    "theory_vs_generated": {
      "profile_pearson": 0.9169486087056798,
      "profile_cosine": 0.9121237158745021,
      "rmse": 1.8509754163457584,
      "mae": 0.8025050111865766,
      "background_fraction_generated": 9.373497246626936,
      "top_peak_count_used": 20,
      "top_peak_height_log_mae": 5.6220709839807395,
      "top_peak_shift_abs_mean_deg": 0.11171762084961027,
      "peak_window_pearson": 0.9110354504062133,
      "peak_window_cosine": 0.9196345448327523
    },
    "donor_template_quality": {
      "selected_sample_code": "1191__opxrd_000584__H1_Mg1_O1",
      "selected_peak_window_rwp": 5.48784949745101,
      "selected_peak_window_pearson": 0.9997162154875435,
      "selected_background_fraction": 0.36098710934348555,
      "donor_rows": {
        "instrument": "1191__opxrd_000584__H1_Mg1_O1",
        "chemistry": "0098__rruff_R050009-1__C1_Ca1_O3",
        "microstructure": "0181__rruff_R050200-1__Al2_F2_O4_Si1",
        "orientation": "0181__rruff_R050200-1__Al2_F2_O4_Si1",
        "background": "0005__rruff_R040007-1__O4_S1_Sr1"
      },
      "donor_rwp_percent": {
        "instrument": 5.159210709102735,
        "chemistry": 10.473963597060688,
        "microstructure": 23.384740001121493,
        "orientation": 23.384740001121493,
        "background": 20.116123150491998
      },
      "donor_peak_window_rwp": {
        "instrument": 5.48784949745101,
        "chemistry": 13.939634579044661,
        "microstructure": 22.398779644575264,
        "orientation": 22.398779644575264,
        "background": 19.059785587552092
      }
    }
  },
  "generation_tier": "strict_core"
}
