{
  "sample_name": "C_191",
  "phase_id": "mp-990448",
  "formula": "C",
  "space_group": 191,
  "space_group_symbol": "P6/mmm",
  "crystal_system": "hexagonal",
  "source_origin": "materials_project",
  "slot": "anchor",
  "formula_group_id": "C1::sg::191",
  "descriptor": {
    "phase_id": "mp-990448",
    "formula": "C",
    "crystal_system": "hexagonal",
    "elements": [
      "C"
    ],
    "density_g_cm3": 0.8957080092725788,
    "avg_z": 6.0,
    "max_z": 6.0,
    "heavy_fraction": 0.0,
    "transition_fraction": 0.0,
    "cell_lengths": [
      2.45617016,
      2.45617016,
      8.52380336
    ],
    "cell_angles": [
      90.0,
      90.0,
      120.00000000000001
    ],
    "cell_volume": 44.532897749288914,
    "cell_anisotropy": 3.4703635353993554,
    "anisotropy_index": 2.4703635353993554,
    "theoretical_peak_count": 18,
    "peak_density": 0.21176470588235294,
    "median_gap_deg": 4.1238555908203125,
    "crowded_fraction": 0.23529411764705882,
    "isolated_fraction": 0.7058823529411765,
    "simple_topology": true,
    "preferred_po_axis": [
      0,
      0,
      1
    ],
    "fluorescence_bucket": "none",
    "absorption_bucket": "light"
  },
  "generation": {
    "theta_min": 5.0,
    "theta_max": 90.0,
    "num_points": 8501,
    "template_rwp_percent": 12.230971149753874,
    "template_peak_window_rwp": 16.61381662608072,
    "template_peak_window_pearson": 0.9948239611051984,
    "synth_params": {
      "ka1": 1.5405929,
      "ka2": 1.5444274,
      "use_tch_profile": true,
      "sigma_scale": 0.6,
      "kb_ratio": 0.0,
      "use_fcj_asymmetry": true,
      "detector_nonlinearity": 0.0,
      "use_ka2": true,
      "caglioti_u": 0.015993668366388946,
      "kb": 1.39225,
      "caglioti_w": 0.0012299207136324394,
      "detector_deadtime_coeff": 0.0,
      "axial_s_over_l": 0.0011999999996109912,
      "sigma_min_deg": 0.008,
      "ka2_ratio": 0.5014994769818425,
      "caglioti_v": -0.01611273624252125,
      "sigma_deg": 0.011182542556369897,
      "use_kbeta": false,
      "beam_sample_ratio": 0.04999999999979615,
      "fluorescence_level": 0.0,
      "muR": 0.012883265076918796,
      "trns": 0.001921343030325408,
      "fluorescence_decay": 3.0,
      "lorentz_z": 0.00011692124277869222,
      "strain": 2.0890460626993178e-05,
      "pseudo_voigt_eta": -0.005038350347928382,
      "lorentz_size": 0.03,
      "macro_strain": 0.0,
      "sample_displacement_sr": -0.000335218198833255,
      "size_nm": 198.3215592988922,
      "delta_deg": -0.009437018111748793,
      "lorentz_strain": 0.0002876675853948984,
      "po_r": 1.0,
      "air_scatter_level": 5.5e-09,
      "b3": -0.1755067322841092,
      "scatter_sigma_deg": 5.999999999999611,
      "b4": 0.17868298723793835,
      "scatter_level": 5.5000000000000004e-09,
      "compton_level": 2.8394658372251715e-05,
      "holder_scatter_center_deg": 15.0,
      "a": 1.196117088343281,
      "holder_scatter_level": 5.500000035593745e-09,
      "scatter_center_deg": 14.999999999998556,
      "b5": 0.1394352857747536,
      "poisson_counts_max": 1800.0,
      "air_scatter_floor": 0.05000000000050871,
      "b1": -1.4872622355899847,
      "b0": 3.1830981436792447,
      "b2": 0.8856460116469855,
      "holder_scatter_sigma_deg": 4.000000000000357,
      "po_hkl_axis": [
        0.0,
        1.0,
        0.0
      ],
      "final_normalize": true
    },
    "synth_sampling_meta": {
      "family_name": "anchor",
      "slot": "anchor",
      "source_family": "rruff_like",
      "preferred_source_family": "rruff_like",
      "descriptor": {
        "phase_id": "mp-990448",
        "formula": "C",
        "crystal_system": "hexagonal",
        "elements": [
          "C"
        ],
        "density_g_cm3": 0.8957080092725788,
        "avg_z": 6.0,
        "max_z": 6.0,
        "heavy_fraction": 0.0,
        "transition_fraction": 0.0,
        "cell_lengths": [
          2.45617016,
          2.45617016,
          8.52380336
        ],
        "cell_angles": [
          90.0,
          90.0,
          120.00000000000001
        ],
        "cell_volume": 44.532897749288914,
        "cell_anisotropy": 3.4703635353993554,
        "anisotropy_index": 2.4703635353993554,
        "theoretical_peak_count": 18,
        "peak_density": 0.21176470588235294,
        "median_gap_deg": 4.1238555908203125,
        "crowded_fraction": 0.23529411764705882,
        "isolated_fraction": 0.7058823529411765,
        "simple_topology": true,
        "preferred_po_axis": [
          0,
          0,
          1
        ],
        "fluorescence_bucket": "none",
        "absorption_bucket": "light"
      },
      "attempt": 1,
      "donor_rows": {
        "instrument": "0113__rruff_R050045-1__Ca1_F2",
        "chemistry": "0113__rruff_R050045-1__Ca1_F2",
        "microstructure": "0254__rruff_R050369-1__Ca5_F1_O12_P3",
        "orientation": "0254__rruff_R050369-1__Ca5_F1_O12_P3",
        "background": "0113__rruff_R050045-1__Ca1_F2"
      },
      "donor_rwp_percent": {
        "instrument": 10.345769455766266,
        "chemistry": 10.345769455766266,
        "microstructure": 13.558574059798776,
        "orientation": 13.558574059798776,
        "background": 10.345769455766266
      },
      "donor_peak_window_rwp": {
        "instrument": 11.85177861797737,
        "chemistry": 11.85177861797737,
        "microstructure": 18.528929065551917,
        "orientation": 18.528929065551917,
        "background": 11.85177861797737
      },
      "selected_sample_code": "0113__rruff_R050045-1__Ca1_F2",
      "selected_peak_window_rwp": 11.85177861797737,
      "selected_peak_window_pearson": 0.9964628749980051,
      "selected_background_fraction": 0.33176687476325667
    },
    "original_sample_dir": "C_SG191",
    "original_cif_path": "phase.cif",
    "original_generated_xy_path": "generated.xy",
    "original_generation_params_json": "generation_params.json",
    "original_generation_quality_json": "generation_quality.json"
  },
  "quality": {
    "note": "These are theory-vs-generated synthetic quality indicators plus donor-template quality provenance. They are not Rietveld fit-to-experiment outputs.",
    "theory_vs_generated": {
      "profile_pearson": 0.8873071130927052,
      "profile_cosine": 0.8842664265283768,
      "rmse": 1.4407137309410174,
      "mae": 0.34678158656063696,
      "background_fraction_generated": 6.491735762760608,
      "top_peak_count_used": 18,
      "top_peak_height_log_mae": 14.810990543884518,
      "top_peak_shift_abs_mean_deg": 0.2945432535807291,
      "peak_window_pearson": 0.8858542022195308,
      "peak_window_cosine": 0.8885316782217828
    },
    "donor_template_quality": {
      "selected_sample_code": "0113__rruff_R050045-1__Ca1_F2",
      "selected_peak_window_rwp": 11.85177861797737,
      "selected_peak_window_pearson": 0.9964628749980051,
      "selected_background_fraction": 0.33176687476325667,
      "donor_rows": {
        "instrument": "0113__rruff_R050045-1__Ca1_F2",
        "chemistry": "0113__rruff_R050045-1__Ca1_F2",
        "microstructure": "0254__rruff_R050369-1__Ca5_F1_O12_P3",
        "orientation": "0254__rruff_R050369-1__Ca5_F1_O12_P3",
        "background": "0113__rruff_R050045-1__Ca1_F2"
      },
      "donor_rwp_percent": {
        "instrument": 10.345769455766266,
        "chemistry": 10.345769455766266,
        "microstructure": 13.558574059798776,
        "orientation": 13.558574059798776,
        "background": 10.345769455766266
      },
      "donor_peak_window_rwp": {
        "instrument": 11.85177861797737,
        "chemistry": 11.85177861797737,
        "microstructure": 18.528929065551917,
        "orientation": 18.528929065551917,
        "background": 11.85177861797737
      }
    }
  },
  "generation_tier": "strict_core"
}
