{
  "sample_name": "B17F27_2",
  "phase_id": "mp-30935",
  "formula": "B17F27",
  "space_group": 2,
  "space_group_symbol": "P-1",
  "crystal_system": "triclinic",
  "source_origin": "materials_project",
  "slot": "profile",
  "formula_group_id": "B17|F27::sg::2",
  "descriptor": {
    "phase_id": "mp-30935",
    "formula": "B17F27",
    "crystal_system": "triclinic",
    "elements": [
      "B",
      "F"
    ],
    "density_g_cm3": 2.0972643018282273,
    "avg_z": 7.454545454545454,
    "max_z": 9.0,
    "heavy_fraction": 0.0,
    "transition_fraction": 0.0,
    "cell_lengths": [
      7.127697949999999,
      12.91190387,
      13.09554206
    ],
    "cell_angles": [
      69.35548027,
      79.62850452,
      80.81068244
    ],
    "cell_volume": 1103.3139155516103,
    "cell_anisotropy": 1.837275113488781,
    "anisotropy_index": 0.837275113488781,
    "theoretical_peak_count": 1722,
    "peak_density": 20.258823529411764,
    "median_gap_deg": 0.02484130859375,
    "crowded_fraction": 0.9872167344567112,
    "isolated_fraction": 0.0011621150493898896,
    "simple_topology": false,
    "preferred_po_axis": [
      0,
      0,
      1
    ],
    "fluorescence_bucket": "none",
    "absorption_bucket": "light"
  },
  "generation": {
    "theta_min": 5.0,
    "theta_max": 90.0,
    "num_points": 8501,
    "template_rwp_percent": 9.386449293533015,
    "template_peak_window_rwp": 12.754118396210337,
    "template_peak_window_pearson": 0.9908575696780731,
    "synth_params": {
      "ka1": 1.5405929,
      "ka2": 1.5444274,
      "use_tch_profile": true,
      "sigma_scale": 0.915935817612402,
      "kb_ratio": 0.01500880233919089,
      "use_fcj_asymmetry": true,
      "detector_nonlinearity": 0.0,
      "use_ka2": true,
      "caglioti_u": 0.031390575609021656,
      "kb": 1.39225,
      "caglioti_w": 0.0018448797995058975,
      "detector_deadtime_coeff": 0.0,
      "axial_s_over_l": 0.0012,
      "sigma_min_deg": 0.008,
      "ka2_ratio": 0.48492173130236843,
      "caglioti_v": 0.007351125729718566,
      "sigma_deg": 0.019353384537189586,
      "use_kbeta": true,
      "beam_sample_ratio": 0.05,
      "fluorescence_level": 0.0,
      "muR": 0.0,
      "trns": 0.0,
      "fluorescence_decay": 3.0,
      "lorentz_z": 0.0019205375737830783,
      "strain": 2.4192625411246928e-05,
      "pseudo_voigt_eta": -0.0048328070189086565,
      "lorentz_size": 0.032,
      "macro_strain": 0.0,
      "sample_displacement_sr": -0.0005954189482388823,
      "size_nm": 180.0,
      "delta_deg": -0.009759073331821494,
      "lorentz_strain": 0.00773370938832805,
      "po_r": 1.0,
      "air_scatter_level": 1e-08,
      "b3": -0.1848624278005454,
      "scatter_sigma_deg": 6.0,
      "b4": 0.20595308036552476,
      "scatter_level": 1e-08,
      "compton_level": 1e-08,
      "holder_scatter_center_deg": 15.0,
      "a": 2.456521703905162,
      "holder_scatter_level": 1e-08,
      "scatter_center_deg": 15.0,
      "b5": -1.0196444166448001e-06,
      "poisson_counts_max": 3486.5,
      "air_scatter_floor": 0.05,
      "b1": -4.44554467722384,
      "b0": 21.288767814184258,
      "b2": -1.9952642435986017,
      "holder_scatter_sigma_deg": 4.0,
      "po_hkl_axis": [
        0.0,
        1.0,
        0.0
      ],
      "final_normalize": true
    },
    "synth_sampling_meta": {
      "family_name": "profile",
      "slot": "profile",
      "source_family": "opxrd_like",
      "preferred_source_family": "opxrd_like",
      "descriptor": {
        "phase_id": "mp-30935",
        "formula": "B17F27",
        "crystal_system": "triclinic",
        "elements": [
          "B",
          "F"
        ],
        "density_g_cm3": 2.0972643018282273,
        "avg_z": 7.454545454545454,
        "max_z": 9.0,
        "heavy_fraction": 0.0,
        "transition_fraction": 0.0,
        "cell_lengths": [
          7.127697949999999,
          12.91190387,
          13.09554206
        ],
        "cell_angles": [
          69.35548027,
          79.62850452,
          80.81068244
        ],
        "cell_volume": 1103.3139155516103,
        "cell_anisotropy": 1.837275113488781,
        "anisotropy_index": 0.837275113488781,
        "theoretical_peak_count": 1722,
        "peak_density": 20.258823529411764,
        "median_gap_deg": 0.02484130859375,
        "crowded_fraction": 0.9872167344567112,
        "isolated_fraction": 0.0011621150493898896,
        "simple_topology": false,
        "preferred_po_axis": [
          0,
          0,
          1
        ],
        "fluorescence_bucket": "none",
        "absorption_bucket": "light"
      },
      "attempt": 1,
      "donor_rows": {
        "instrument": "1191__opxrd_000584__H1_Mg1_O1",
        "chemistry": "1191__opxrd_000584__H1_Mg1_O1",
        "microstructure": "0034__rruff_R040062-1__Al1_H1_Li1_O5_P1",
        "orientation": "1191__opxrd_000584__H1_Mg1_O1",
        "background": "1191__opxrd_000584__H1_Mg1_O1"
      },
      "donor_rwp_percent": {
        "instrument": 5.159210709102735,
        "chemistry": 5.159210709102735,
        "microstructure": 11.022858425713888,
        "orientation": 5.159210709102735,
        "background": 5.159210709102735
      },
      "donor_peak_window_rwp": {
        "instrument": 5.48784949745101,
        "chemistry": 5.48784949745101,
        "microstructure": 14.643991072056355,
        "orientation": 5.48784949745101,
        "background": 5.48784949745101
      },
      "selected_sample_code": "1191__opxrd_000584__H1_Mg1_O1",
      "selected_peak_window_rwp": 5.48784949745101,
      "selected_peak_window_pearson": 0.9997162154875435,
      "selected_background_fraction": 0.5127638626915709
    },
    "original_sample_dir": "B17F27_SG2",
    "original_cif_path": "phase.cif",
    "original_generated_xy_path": "generated.xy",
    "original_generation_params_json": "generation_params.json",
    "original_generation_quality_json": "generation_quality.json"
  },
  "quality": {
    "note": "These are theory-vs-generated synthetic quality indicators plus donor-template quality provenance. They are not Rietveld fit-to-experiment outputs.",
    "theory_vs_generated": {
      "profile_pearson": 0.8406259201027323,
      "profile_cosine": 0.8712517643737603,
      "rmse": 6.164092695725215,
      "mae": 3.6601924823658187,
      "background_fraction_generated": 2.9051539084293982,
      "top_peak_count_used": 20,
      "top_peak_height_log_mae": 1.9263967874052284,
      "top_peak_shift_abs_mean_deg": 0.13506164741516188,
      "peak_window_pearson": 0.7770837298387568,
      "peak_window_cosine": 0.8803818682293746
    },
    "donor_template_quality": {
      "selected_sample_code": "1191__opxrd_000584__H1_Mg1_O1",
      "selected_peak_window_rwp": 5.48784949745101,
      "selected_peak_window_pearson": 0.9997162154875435,
      "selected_background_fraction": 0.5127638626915709,
      "donor_rows": {
        "instrument": "1191__opxrd_000584__H1_Mg1_O1",
        "chemistry": "1191__opxrd_000584__H1_Mg1_O1",
        "microstructure": "0034__rruff_R040062-1__Al1_H1_Li1_O5_P1",
        "orientation": "1191__opxrd_000584__H1_Mg1_O1",
        "background": "1191__opxrd_000584__H1_Mg1_O1"
      },
      "donor_rwp_percent": {
        "instrument": 5.159210709102735,
        "chemistry": 5.159210709102735,
        "microstructure": 11.022858425713888,
        "orientation": 5.159210709102735,
        "background": 5.159210709102735
      },
      "donor_peak_window_rwp": {
        "instrument": 5.48784949745101,
        "chemistry": 5.48784949745101,
        "microstructure": 14.643991072056355,
        "orientation": 5.48784949745101,
        "background": 5.48784949745101
      }
    }
  },
  "generation_tier": "strict_core"
}
