{
  "sample_name": "Sb10Te3_166",
  "phase_id": "cod_2300299",
  "formula": "Sb10Te3",
  "space_group": 166,
  "space_group_symbol": "R-3m",
  "crystal_system": "trigonal",
  "source_origin": "cod",
  "slot": "background",
  "formula_group_id": "Sb10|Te3::sg::166",
  "descriptor": {
    "phase_id": "cod_2300299",
    "formula": "Sb10Te3",
    "crystal_system": "trigonal",
    "elements": [
      "Sb",
      "Te"
    ],
    "density_g_cm3": 6.627529981394559,
    "avg_z": 51.23076923076923,
    "max_z": 52.0,
    "heavy_fraction": 1.0,
    "transition_fraction": 0.0,
    "cell_lengths": [
      4.289,
      4.289,
      75.51
    ],
    "cell_angles": [
      90.0,
      90.0,
      119.99999999999999
    ],
    "cell_volume": 1202.9489417747027,
    "cell_anisotropy": 17.605502448123108,
    "anisotropy_index": 16.605502448123108,
    "theoretical_peak_count": 153,
    "peak_density": 1.8,
    "median_gap_deg": 0.3690662384033203,
    "crowded_fraction": 0.48026315789473684,
    "isolated_fraction": 0.06578947368421052,
    "simple_topology": false,
    "preferred_po_axis": [
      0,
      0,
      1
    ],
    "fluorescence_bucket": "moderate",
    "absorption_bucket": "heavy"
  },
  "generation": {
    "theta_min": 5.0,
    "theta_max": 90.0,
    "num_points": 8501,
    "template_rwp_percent": 8.894243026156627,
    "template_peak_window_rwp": 11.562371080606463,
    "template_peak_window_pearson": 0.9970396627337116,
    "synth_params": {
      "ka1": 1.5405929,
      "ka2": 1.5444274,
      "use_tch_profile": true,
      "sigma_scale": 0.915935817612402,
      "kb_ratio": 0.01500880233919089,
      "use_fcj_asymmetry": true,
      "detector_nonlinearity": 0.0,
      "use_ka2": true,
      "caglioti_u": 0.031390575609021656,
      "kb": 1.39225,
      "caglioti_w": 0.0018448797995058975,
      "detector_deadtime_coeff": 0.0,
      "axial_s_over_l": 0.0012,
      "sigma_min_deg": 0.008,
      "ka2_ratio": 0.48492173130236843,
      "caglioti_v": 0.007351125729718566,
      "sigma_deg": 0.01878969372542678,
      "use_kbeta": true,
      "beam_sample_ratio": 0.05,
      "fluorescence_level": 1.0,
      "muR": 0.04,
      "trns": 0.03,
      "fluorescence_decay": 3.0,
      "lorentz_z": 1.0000000000015138e-08,
      "strain": 3.5095110626520364e-05,
      "pseudo_voigt_eta": 0.16567302527172723,
      "lorentz_size": 0.022274374068915435,
      "macro_strain": 0.00045299185792540414,
      "sample_displacement_sr": -0.0006876847054675427,
      "size_nm": 180.0,
      "delta_deg": -0.007832133633246465,
      "lorentz_strain": 0.008,
      "po_r": 1.0,
      "air_scatter_level": 1.3367174280242036,
      "b3": 0.1494627138868337,
      "scatter_sigma_deg": 5.984483518472322,
      "b4": 0.31349578968097963,
      "scatter_level": 2.2363762161652336,
      "compton_level": 0.516782818939281,
      "holder_scatter_center_deg": 10.60642250903036,
      "a": 1.0,
      "holder_scatter_level": 1.0577727481551678,
      "scatter_center_deg": 5.426917278715111,
      "b5": -0.06738630997621678,
      "poisson_counts_max": 1433.1,
      "air_scatter_floor": 0.04082641065526568,
      "b1": 0.013887990559719171,
      "b0": 2.5647520622654447,
      "b2": -1.1971163201166726,
      "holder_scatter_sigma_deg": 6.074065463208637,
      "po_hkl_axis": [
        0.0,
        1.0,
        0.0
      ],
      "final_normalize": true
    },
    "synth_sampling_meta": {
      "family_name": "background",
      "slot": "background",
      "source_family": "opxrd_like",
      "preferred_source_family": "opxrd_like",
      "descriptor": {
        "phase_id": "cod_2300299",
        "formula": "Sb10Te3",
        "crystal_system": "trigonal",
        "elements": [
          "Sb",
          "Te"
        ],
        "density_g_cm3": 6.627529981394559,
        "avg_z": 51.23076923076923,
        "max_z": 52.0,
        "heavy_fraction": 1.0,
        "transition_fraction": 0.0,
        "cell_lengths": [
          4.289,
          4.289,
          75.51
        ],
        "cell_angles": [
          90.0,
          90.0,
          119.99999999999999
        ],
        "cell_volume": 1202.9489417747027,
        "cell_anisotropy": 17.605502448123108,
        "anisotropy_index": 16.605502448123108,
        "theoretical_peak_count": 153,
        "peak_density": 1.8,
        "median_gap_deg": 0.3690662384033203,
        "crowded_fraction": 0.48026315789473684,
        "isolated_fraction": 0.06578947368421052,
        "simple_topology": false,
        "preferred_po_axis": [
          0,
          0,
          1
        ],
        "fluorescence_bucket": "moderate",
        "absorption_bucket": "heavy"
      },
      "attempt": 1,
      "donor_rows": {
        "instrument": "1191__opxrd_000584__H1_Mg1_O1",
        "chemistry": "0574__rruff_R070304-1__As1_Ni1_S1",
        "microstructure": "0385__rruff_R060020-1__Al2_O3",
        "orientation": "0385__rruff_R060020-1__Al2_O3",
        "background": "0152__rruff_R050128-1__C1_Ca1_O3"
      },
      "donor_rwp_percent": {
        "instrument": 5.159210709102735,
        "chemistry": 10.288086505008508,
        "microstructure": 26.257958244816827,
        "orientation": 26.257958244816827,
        "background": 10.060210456264361
      },
      "donor_peak_window_rwp": {
        "instrument": 5.48784949745101,
        "chemistry": 11.23083456145956,
        "microstructure": 19.032257431869365,
        "orientation": 19.032257431869365,
        "background": 12.829743047113176
      },
      "selected_sample_code": "1191__opxrd_000584__H1_Mg1_O1",
      "selected_peak_window_rwp": 5.48784949745101,
      "selected_peak_window_pearson": 0.9997162154875435,
      "selected_background_fraction": 0.43711059782680073
    },
    "original_sample_dir": "Sb10Te3_SG166",
    "original_cif_path": "phase.cif",
    "original_generated_xy_path": "generated.xy",
    "original_generation_params_json": "generation_params.json",
    "original_generation_quality_json": "generation_quality.json"
  },
  "quality": {
    "note": "These are theory-vs-generated synthetic quality indicators plus donor-template quality provenance. They are not Rietveld fit-to-experiment outputs.",
    "theory_vs_generated": {
      "profile_pearson": 0.8198984382674758,
      "profile_cosine": 0.7936580537595244,
      "rmse": 2.825552017153615,
      "mae": 1.5275978316479888,
      "background_fraction_generated": 3.5836813259225253,
      "top_peak_count_used": 20,
      "top_peak_height_log_mae": 10.067085596224238,
      "top_peak_shift_abs_mean_deg": 0.2041385726928711,
      "peak_window_pearson": 0.811949926463671,
      "peak_window_cosine": 0.824265776855472
    },
    "donor_template_quality": {
      "selected_sample_code": "1191__opxrd_000584__H1_Mg1_O1",
      "selected_peak_window_rwp": 5.48784949745101,
      "selected_peak_window_pearson": 0.9997162154875435,
      "selected_background_fraction": 0.43711059782680073,
      "donor_rows": {
        "instrument": "1191__opxrd_000584__H1_Mg1_O1",
        "chemistry": "0574__rruff_R070304-1__As1_Ni1_S1",
        "microstructure": "0385__rruff_R060020-1__Al2_O3",
        "orientation": "0385__rruff_R060020-1__Al2_O3",
        "background": "0152__rruff_R050128-1__C1_Ca1_O3"
      },
      "donor_rwp_percent": {
        "instrument": 5.159210709102735,
        "chemistry": 10.288086505008508,
        "microstructure": 26.257958244816827,
        "orientation": 26.257958244816827,
        "background": 10.060210456264361
      },
      "donor_peak_window_rwp": {
        "instrument": 5.48784949745101,
        "chemistry": 11.23083456145956,
        "microstructure": 19.032257431869365,
        "orientation": 19.032257431869365,
        "background": 12.829743047113176
      }
    }
  },
  "generation_tier": "strict_core"
}
