{
  "sample_name": "Ac_225",
  "phase_id": "mp-10018",
  "formula": "Ac",
  "space_group": 225,
  "space_group_symbol": "Fm-3m",
  "crystal_system": "cubic",
  "source_origin": "materials_project",
  "slot": "background",
  "formula_group_id": "Ac1::sg::225",
  "descriptor": {
    "phase_id": "mp-10018",
    "formula": "Ac",
    "crystal_system": "cubic",
    "elements": [
      "Ac"
    ],
    "density_g_cm3": 8.157868510271562,
    "avg_z": 89.0,
    "max_z": 89.0,
    "heavy_fraction": 0.0,
    "transition_fraction": 0.0,
    "cell_lengths": [
      5.69621118,
      5.69621118,
      5.69621118
    ],
    "cell_angles": [
      90.0,
      90.0,
      90.0
    ],
    "cell_volume": 184.82394913339542,
    "cell_anisotropy": 1.0,
    "anisotropy_index": 0.0,
    "theoretical_peak_count": 10,
    "peak_density": 0.11764705882352941,
    "median_gap_deg": 6.751953125,
    "crowded_fraction": 0.0,
    "isolated_fraction": 1.0,
    "simple_topology": true,
    "preferred_po_axis": [
      0,
      0,
      1
    ],
    "fluorescence_bucket": "none",
    "absorption_bucket": "heavy"
  },
  "generation": {
    "theta_min": 5.0,
    "theta_max": 90.0,
    "num_points": 8501,
    "template_rwp_percent": 10.768191488948645,
    "template_peak_window_rwp": 15.790698905860124,
    "template_peak_window_pearson": 0.9939831093215756,
    "synth_params": {
      "ka1": 1.5405929,
      "ka2": 1.5444274,
      "use_tch_profile": true,
      "sigma_scale": 0.915935817612402,
      "kb_ratio": 0.01500880233919089,
      "use_fcj_asymmetry": true,
      "detector_nonlinearity": 0.0,
      "use_ka2": true,
      "caglioti_u": 0.031390575609021656,
      "kb": 1.39225,
      "caglioti_w": 0.0018448797995058975,
      "detector_deadtime_coeff": 0.0,
      "axial_s_over_l": 0.0012,
      "sigma_min_deg": 0.008,
      "ka2_ratio": 0.48492173130236843,
      "caglioti_v": 0.007351125729718566,
      "sigma_deg": 0.01878969372542678,
      "use_kbeta": true,
      "beam_sample_ratio": 0.05,
      "fluorescence_level": 0.0,
      "muR": 0.04,
      "trns": 0.03,
      "fluorescence_decay": 3.0,
      "lorentz_z": 0.0002852591022493662,
      "strain": 6.179683030770121e-08,
      "pseudo_voigt_eta": -0.04397998529906312,
      "lorentz_size": 0.00033605931717867513,
      "macro_strain": 0.0007963612901985812,
      "sample_displacement_sr": 0.00019767666757242706,
      "size_nm": 186.5583730307765,
      "delta_deg": 0.04987454981535714,
      "lorentz_strain": 0.00028177361056344353,
      "po_r": 1.0,
      "air_scatter_level": 1e-08,
      "b3": -0.1848624278005454,
      "scatter_sigma_deg": 6.0,
      "b4": 0.20595308036552476,
      "scatter_level": 1.2,
      "compton_level": 1e-08,
      "holder_scatter_center_deg": 15.0,
      "a": 2.456521703905162,
      "holder_scatter_level": 1e-08,
      "scatter_center_deg": 15.0,
      "b5": -1.0196444166448001e-06,
      "poisson_counts_max": 3119.5,
      "air_scatter_floor": 0.05,
      "b1": -4.44554467722384,
      "b0": 21.288767814184258,
      "b2": -1.9952642435986017,
      "holder_scatter_sigma_deg": 4.0,
      "po_hkl_axis": [
        0.0,
        1.0,
        0.0
      ],
      "final_normalize": true
    },
    "synth_sampling_meta": {
      "family_name": "background",
      "slot": "background",
      "source_family": "opxrd_like",
      "preferred_source_family": "opxrd_like",
      "descriptor": {
        "phase_id": "mp-10018",
        "formula": "Ac",
        "crystal_system": "cubic",
        "elements": [
          "Ac"
        ],
        "density_g_cm3": 8.157868510271562,
        "avg_z": 89.0,
        "max_z": 89.0,
        "heavy_fraction": 0.0,
        "transition_fraction": 0.0,
        "cell_lengths": [
          5.69621118,
          5.69621118,
          5.69621118
        ],
        "cell_angles": [
          90.0,
          90.0,
          90.0
        ],
        "cell_volume": 184.82394913339542,
        "cell_anisotropy": 1.0,
        "anisotropy_index": 0.0,
        "theoretical_peak_count": 10,
        "peak_density": 0.11764705882352941,
        "median_gap_deg": 6.751953125,
        "crowded_fraction": 0.0,
        "isolated_fraction": 1.0,
        "simple_topology": true,
        "preferred_po_axis": [
          0,
          0,
          1
        ],
        "fluorescence_bucket": "none",
        "absorption_bucket": "heavy"
      },
      "attempt": 1,
      "donor_rows": {
        "instrument": "1191__opxrd_000584__H1_Mg1_O1",
        "chemistry": "0035__rruff_R040065-1__Al2_Ca3_O12_Si3",
        "microstructure": "0080__rruff_R040168-1__Al2_Fe3_O12_Si3",
        "orientation": "0473__rruff_R060452-1__Al2_Ca3_O12_Si3",
        "background": "1191__opxrd_000584__H1_Mg1_O1"
      },
      "donor_rwp_percent": {
        "instrument": 5.159210709102735,
        "chemistry": 22.622475049937155,
        "microstructure": 9.54789840237016,
        "orientation": 13.92963543966282,
        "background": 5.159210709102735
      },
      "donor_peak_window_rwp": {
        "instrument": 5.48784949745101,
        "chemistry": 21.833382787012113,
        "microstructure": 9.416748231634234,
        "orientation": 18.602466410635316,
        "background": 5.48784949745101
      },
      "selected_sample_code": "1191__opxrd_000584__H1_Mg1_O1",
      "selected_peak_window_rwp": 5.48784949745101,
      "selected_peak_window_pearson": 0.9997162154875435,
      "selected_background_fraction": 0.5127638626915709
    },
    "original_sample_dir": "Ac_SG225",
    "original_cif_path": "phase.cif",
    "original_generated_xy_path": "generated.xy",
    "original_generation_params_json": "generation_params.json",
    "original_generation_quality_json": "generation_quality.json"
  },
  "quality": {
    "note": "These are theory-vs-generated synthetic quality indicators plus donor-template quality provenance. They are not Rietveld fit-to-experiment outputs.",
    "theory_vs_generated": {
      "profile_pearson": 0.9711177268143455,
      "profile_cosine": 0.9356342198153113,
      "rmse": 1.7576407879021667,
      "mae": 1.4315987186776509,
      "background_fraction_generated": 11.63453581851584,
      "top_peak_count_used": 10,
      "top_peak_height_log_mae": 12.84765791907721,
      "top_peak_shift_abs_mean_deg": 0.21270178222656036,
      "peak_window_pearson": 0.9707855470342216,
      "peak_window_cosine": 0.9660733186695589
    },
    "donor_template_quality": {
      "selected_sample_code": "1191__opxrd_000584__H1_Mg1_O1",
      "selected_peak_window_rwp": 5.48784949745101,
      "selected_peak_window_pearson": 0.9997162154875435,
      "selected_background_fraction": 0.5127638626915709,
      "donor_rows": {
        "instrument": "1191__opxrd_000584__H1_Mg1_O1",
        "chemistry": "0035__rruff_R040065-1__Al2_Ca3_O12_Si3",
        "microstructure": "0080__rruff_R040168-1__Al2_Fe3_O12_Si3",
        "orientation": "0473__rruff_R060452-1__Al2_Ca3_O12_Si3",
        "background": "1191__opxrd_000584__H1_Mg1_O1"
      },
      "donor_rwp_percent": {
        "instrument": 5.159210709102735,
        "chemistry": 22.622475049937155,
        "microstructure": 9.54789840237016,
        "orientation": 13.92963543966282,
        "background": 5.159210709102735
      },
      "donor_peak_window_rwp": {
        "instrument": 5.48784949745101,
        "chemistry": 21.833382787012113,
        "microstructure": 9.416748231634234,
        "orientation": 18.602466410635316,
        "background": 5.48784949745101
      }
    }
  },
  "generation_tier": "strict_core"
}
