{
  "sample_name": "N2_74",
  "phase_id": "mp-754514",
  "formula": "N2",
  "space_group": 74,
  "space_group_symbol": "Imma",
  "crystal_system": "orthorhombic",
  "source_origin": "materials_project",
  "slot": "anchor",
  "formula_group_id": "N1::sg::74",
  "descriptor": {
    "phase_id": "mp-754514",
    "formula": "N2",
    "crystal_system": "orthorhombic",
    "elements": [
      "N"
    ],
    "density_g_cm3": 1.6315213443022365,
    "avg_z": 7.0,
    "max_z": 7.0,
    "heavy_fraction": 0.0,
    "transition_fraction": 0.0,
    "cell_lengths": [
      2.167272,
      7.77297,
      3.384946
    ],
    "cell_angles": [
      90.0,
      90.0,
      90.0
    ],
    "cell_volume": 57.02327501351555,
    "cell_anisotropy": 3.586522596148522,
    "anisotropy_index": 2.586522596148522,
    "theoretical_peak_count": 15,
    "peak_density": 0.17647058823529413,
    "median_gap_deg": 4.086164474487305,
    "crowded_fraction": 0.0,
    "isolated_fraction": 0.9285714285714286,
    "simple_topology": true,
    "preferred_po_axis": [
      0,
      1,
      0
    ],
    "fluorescence_bucket": "none",
    "absorption_bucket": "light"
  },
  "generation": {
    "theta_min": 5.0,
    "theta_max": 90.0,
    "num_points": 8501,
    "template_rwp_percent": 10.842870596894375,
    "template_peak_window_rwp": 9.019290975003878,
    "template_peak_window_pearson": 0.9923523761905567,
    "synth_params": {
      "ka1": 1.5405929,
      "ka2": 1.5444274,
      "use_tch_profile": true,
      "sigma_scale": 0.8852201476666917,
      "kb_ratio": 0.0,
      "use_fcj_asymmetry": true,
      "detector_nonlinearity": 0.0,
      "use_ka2": true,
      "caglioti_u": 0.003763498604886867,
      "kb": 1.39225,
      "caglioti_w": 0.0005000116891956745,
      "detector_deadtime_coeff": 0.0,
      "axial_s_over_l": 0.0011998657558701064,
      "sigma_min_deg": 0.008787014561263429,
      "ka2_ratio": 0.4849979636692636,
      "caglioti_v": 0.002448352963181503,
      "sigma_deg": 0.008118787143467612,
      "use_kbeta": false,
      "beam_sample_ratio": 0.199994710239221,
      "fluorescence_level": 0.0,
      "muR": 0.0,
      "trns": 0.0,
      "fluorescence_decay": 3.0,
      "lorentz_z": 0.0025615741864937146,
      "strain": 0.00035251942474801733,
      "pseudo_voigt_eta": 0.019998137563054755,
      "lorentz_size": 0.03,
      "macro_strain": 0.0007754606980393147,
      "sample_displacement_sr": -0.0004363673523633122,
      "size_nm": 214.42985623728077,
      "delta_deg": -0.00985351084817813,
      "lorentz_strain": 0.008,
      "po_r": 1.0,
      "air_scatter_level": 5.500000000000385e-09,
      "b3": 6.3203101563040995e-06,
      "scatter_sigma_deg": 6.0,
      "b4": -2.7325016753084457e-06,
      "scatter_level": 5.499999999998345e-09,
      "compton_level": 5.499999999999996e-09,
      "holder_scatter_center_deg": 15.0,
      "a": 0.977906046144876,
      "holder_scatter_level": 5.500000000002196e-09,
      "scatter_center_deg": 15.0,
      "b5": 1.6491811420758495e-06,
      "poisson_counts_max": 2584.7999999999997,
      "air_scatter_floor": 0.049999999999999996,
      "b1": -1.0621837808842336,
      "b0": 2.7818043743245324,
      "b2": 0.8246859397168971,
      "holder_scatter_sigma_deg": 4.0,
      "po_hkl_axis": [
        0.0,
        0.0,
        1.0
      ],
      "final_normalize": true
    },
    "synth_sampling_meta": {
      "family_name": "anchor",
      "slot": "anchor",
      "source_family": "rruff_like",
      "preferred_source_family": "rruff_like",
      "descriptor": {
        "phase_id": "mp-754514",
        "formula": "N2",
        "crystal_system": "orthorhombic",
        "elements": [
          "N"
        ],
        "density_g_cm3": 1.6315213443022365,
        "avg_z": 7.0,
        "max_z": 7.0,
        "heavy_fraction": 0.0,
        "transition_fraction": 0.0,
        "cell_lengths": [
          2.167272,
          7.77297,
          3.384946
        ],
        "cell_angles": [
          90.0,
          90.0,
          90.0
        ],
        "cell_volume": 57.02327501351555,
        "cell_anisotropy": 3.586522596148522,
        "anisotropy_index": 2.586522596148522,
        "theoretical_peak_count": 15,
        "peak_density": 0.17647058823529413,
        "median_gap_deg": 4.086164474487305,
        "crowded_fraction": 0.0,
        "isolated_fraction": 0.9285714285714286,
        "simple_topology": true,
        "preferred_po_axis": [
          0,
          1,
          0
        ],
        "fluorescence_bucket": "none",
        "absorption_bucket": "light"
      },
      "attempt": 1,
      "donor_rows": {
        "instrument": "0313__rruff_R050491-1__B5_Ca1_H16_Na1_O17",
        "chemistry": "0322__rruff_R050504-1__Al3_H4_Na1_O12_P2",
        "microstructure": "0249__rruff_R050363-1__O2_Ti1",
        "orientation": "0249__rruff_R050363-1__O2_Ti1",
        "background": "0144__rruff_R050115-1__Ca1_F2"
      },
      "donor_rwp_percent": {
        "instrument": 9.386449293533015,
        "chemistry": 11.633403992332628,
        "microstructure": 14.776303909097866,
        "orientation": 14.776303909097866,
        "background": 10.8136128591309
      },
      "donor_peak_window_rwp": {
        "instrument": 12.754118396210337,
        "chemistry": 16.797295087846315,
        "microstructure": 20.08462830562262,
        "orientation": 20.08462830562262,
        "background": 14.273780930421212
      },
      "selected_sample_code": "0313__rruff_R050491-1__B5_Ca1_H16_Na1_O17",
      "selected_peak_window_rwp": 12.754118396210337,
      "selected_peak_window_pearson": 0.9908575696780731,
      "selected_background_fraction": 0.2583068632884111
    },
    "original_sample_dir": "N2_SG74",
    "original_cif_path": "phase.cif",
    "original_generated_xy_path": "generated.xy",
    "original_generation_params_json": "generation_params.json",
    "original_generation_quality_json": "generation_quality.json"
  },
  "quality": {
    "note": "These are theory-vs-generated synthetic quality indicators plus donor-template quality provenance. They are not Rietveld fit-to-experiment outputs.",
    "theory_vs_generated": {
      "profile_pearson": 0.9548586919102258,
      "profile_cosine": 0.9507800960686639,
      "rmse": 1.250729942107728,
      "mae": 0.46922818890878787,
      "background_fraction_generated": 3.402174575614875,
      "top_peak_count_used": 15,
      "top_peak_height_log_mae": 6.256167707485569,
      "top_peak_shift_abs_mean_deg": 0.13090738423665346,
      "peak_window_pearson": 0.9540489039107248,
      "peak_window_cosine": 0.9548281522786659
    },
    "donor_template_quality": {
      "selected_sample_code": "0313__rruff_R050491-1__B5_Ca1_H16_Na1_O17",
      "selected_peak_window_rwp": 12.754118396210337,
      "selected_peak_window_pearson": 0.9908575696780731,
      "selected_background_fraction": 0.2583068632884111,
      "donor_rows": {
        "instrument": "0313__rruff_R050491-1__B5_Ca1_H16_Na1_O17",
        "chemistry": "0322__rruff_R050504-1__Al3_H4_Na1_O12_P2",
        "microstructure": "0249__rruff_R050363-1__O2_Ti1",
        "orientation": "0249__rruff_R050363-1__O2_Ti1",
        "background": "0144__rruff_R050115-1__Ca1_F2"
      },
      "donor_rwp_percent": {
        "instrument": 9.386449293533015,
        "chemistry": 11.633403992332628,
        "microstructure": 14.776303909097866,
        "orientation": 14.776303909097866,
        "background": 10.8136128591309
      },
      "donor_peak_window_rwp": {
        "instrument": 12.754118396210337,
        "chemistry": 16.797295087846315,
        "microstructure": 20.08462830562262,
        "orientation": 20.08462830562262,
        "background": 14.273780930421212
      }
    }
  },
  "generation_tier": "strict_core"
}
