{
  "sample_name": "Mn9As3O22_62",
  "phase_id": "cod_9000212",
  "formula": "Mn9As3O22",
  "space_group": 62,
  "space_group_symbol": "Pnma",
  "crystal_system": "orthorhombic",
  "source_origin": "cod",
  "slot": "background",
  "formula_group_id": "As3|Mn9|O22::sg::62",
  "descriptor": {
    "phase_id": "cod_9000212",
    "formula": "Mn9As3O22",
    "crystal_system": "orthorhombic",
    "elements": [
      "As",
      "Mn",
      "O"
    ],
    "density_g_cm3": 3.548278048287515,
    "avg_z": 14.705882352941176,
    "max_z": 33.0,
    "heavy_fraction": 0.0,
    "transition_fraction": 0.2647058823529412,
    "cell_lengths": [
      10.754,
      18.865,
      9.884
    ],
    "cell_angles": [
      90.0,
      90.0,
      90.0
    ],
    "cell_volume": 2005.2086916399999,
    "cell_anisotropy": 1.9086402266288949,
    "anisotropy_index": 0.9086402266288949,
    "theoretical_peak_count": 808,
    "peak_density": 9.505882352941176,
    "median_gap_deg": 0.05507659912109375,
    "crowded_fraction": 0.9603469640644362,
    "isolated_fraction": 0.0024783147459727386,
    "simple_topology": false,
    "preferred_po_axis": [
      0,
      1,
      0
    ],
    "fluorescence_bucket": "high",
    "absorption_bucket": "medium"
  },
  "generation": {
    "theta_min": 5.0,
    "theta_max": 90.0,
    "num_points": 8501,
    "template_rwp_percent": 20.116123150491998,
    "template_peak_window_rwp": 19.059785587552092,
    "template_peak_window_pearson": 0.9853439113269152,
    "synth_params": {
      "ka1": 1.5405929,
      "ka2": 1.5444274,
      "use_tch_profile": true,
      "sigma_scale": 0.915935817612402,
      "kb_ratio": 0.01500880233919089,
      "use_fcj_asymmetry": true,
      "detector_nonlinearity": 0.0,
      "use_ka2": true,
      "caglioti_u": 0.031390575609021656,
      "kb": 1.39225,
      "caglioti_w": 0.0018448797995058975,
      "detector_deadtime_coeff": 0.0,
      "axial_s_over_l": 0.0012,
      "sigma_min_deg": 0.008,
      "ka2_ratio": 0.48492173130236843,
      "caglioti_v": 0.007351125729718566,
      "sigma_deg": 0.01878969372542678,
      "use_kbeta": true,
      "beam_sample_ratio": 0.05,
      "fluorescence_level": 2.0,
      "muR": 0.022681513988789433,
      "trns": 0.08,
      "fluorescence_decay": 3.0,
      "lorentz_z": 1.7845396581974172e-06,
      "strain": 4.837382065698914e-07,
      "pseudo_voigt_eta": 0.024799510349862885,
      "lorentz_size": 0.004722666230194305,
      "macro_strain": 0.00016383915808554695,
      "sample_displacement_sr": -0.000526261951303506,
      "size_nm": 180.0,
      "delta_deg": -0.017562078112892038,
      "lorentz_strain": 0.008,
      "po_r": 1.0,
      "air_scatter_level": 1e-08,
      "b3": -0.1848624278005454,
      "scatter_sigma_deg": 6.0,
      "b4": 0.20595308036552476,
      "scatter_level": 1.2,
      "compton_level": 1e-08,
      "holder_scatter_center_deg": 15.0,
      "a": 2.456521703905162,
      "holder_scatter_level": 1e-08,
      "scatter_center_deg": 15.0,
      "b5": -1.0196444166448001e-06,
      "poisson_counts_max": 3119.5,
      "air_scatter_floor": 0.05,
      "b1": -4.44554467722384,
      "b0": 21.288767814184258,
      "b2": -1.9952642435986017,
      "holder_scatter_sigma_deg": 4.0,
      "po_hkl_axis": [
        0.0,
        0.0,
        1.0
      ],
      "final_normalize": true
    },
    "synth_sampling_meta": {
      "family_name": "background",
      "slot": "background",
      "source_family": "opxrd_like",
      "preferred_source_family": "opxrd_like",
      "descriptor": {
        "phase_id": "cod_9000212",
        "formula": "Mn9As3O22",
        "crystal_system": "orthorhombic",
        "elements": [
          "As",
          "Mn",
          "O"
        ],
        "density_g_cm3": 3.548278048287515,
        "avg_z": 14.705882352941176,
        "max_z": 33.0,
        "heavy_fraction": 0.0,
        "transition_fraction": 0.2647058823529412,
        "cell_lengths": [
          10.754,
          18.865,
          9.884
        ],
        "cell_angles": [
          90.0,
          90.0,
          90.0
        ],
        "cell_volume": 2005.2086916399999,
        "cell_anisotropy": 1.9086402266288949,
        "anisotropy_index": 0.9086402266288949,
        "theoretical_peak_count": 808,
        "peak_density": 9.505882352941176,
        "median_gap_deg": 0.05507659912109375,
        "crowded_fraction": 0.9603469640644362,
        "isolated_fraction": 0.0024783147459727386,
        "simple_topology": false,
        "preferred_po_axis": [
          0,
          1,
          0
        ],
        "fluorescence_bucket": "high",
        "absorption_bucket": "medium"
      },
      "attempt": 1,
      "donor_rows": {
        "instrument": "1191__opxrd_000584__H1_Mg1_O1",
        "chemistry": "0523__rruff_R060900-1__Mn1_O4_W1",
        "microstructure": "0181__rruff_R050200-1__Al2_F2_O4_Si1",
        "orientation": "0116__rruff_R050052-1__O4_Pb1_S1",
        "background": "1191__opxrd_000584__H1_Mg1_O1"
      },
      "donor_rwp_percent": {
        "instrument": 5.159210709102735,
        "chemistry": 21.93109890454813,
        "microstructure": 23.384740001121493,
        "orientation": 22.335820608816555,
        "background": 5.159210709102735
      },
      "donor_peak_window_rwp": {
        "instrument": 5.48784949745101,
        "chemistry": 21.497037372434484,
        "microstructure": 22.398779644575264,
        "orientation": 20.345268965436535,
        "background": 5.48784949745101
      },
      "selected_sample_code": "1191__opxrd_000584__H1_Mg1_O1",
      "selected_peak_window_rwp": 5.48784949745101,
      "selected_peak_window_pearson": 0.9997162154875435,
      "selected_background_fraction": 0.5127638626915709
    },
    "original_sample_dir": "Mn9As3O22_SG62",
    "original_cif_path": "phase.cif",
    "original_generated_xy_path": "generated.xy",
    "original_generation_params_json": "generation_params.json",
    "original_generation_quality_json": "generation_quality.json"
  },
  "quality": {
    "note": "These are theory-vs-generated synthetic quality indicators plus donor-template quality provenance. They are not Rietveld fit-to-experiment outputs.",
    "theory_vs_generated": {
      "profile_pearson": 0.8872773214400982,
      "profile_cosine": 0.8759069243159315,
      "rmse": 3.0751714354528277,
      "mae": 2.080082068407338,
      "background_fraction_generated": 6.434664072975666,
      "top_peak_count_used": 20,
      "top_peak_height_log_mae": 11.93398066793823,
      "top_peak_shift_abs_mean_deg": 0.22375980377197183,
      "peak_window_pearson": 0.8700467537312726,
      "peak_window_cosine": 0.8907924711112258
    },
    "donor_template_quality": {
      "selected_sample_code": "1191__opxrd_000584__H1_Mg1_O1",
      "selected_peak_window_rwp": 5.48784949745101,
      "selected_peak_window_pearson": 0.9997162154875435,
      "selected_background_fraction": 0.5127638626915709,
      "donor_rows": {
        "instrument": "1191__opxrd_000584__H1_Mg1_O1",
        "chemistry": "0523__rruff_R060900-1__Mn1_O4_W1",
        "microstructure": "0181__rruff_R050200-1__Al2_F2_O4_Si1",
        "orientation": "0116__rruff_R050052-1__O4_Pb1_S1",
        "background": "1191__opxrd_000584__H1_Mg1_O1"
      },
      "donor_rwp_percent": {
        "instrument": 5.159210709102735,
        "chemistry": 21.93109890454813,
        "microstructure": 23.384740001121493,
        "orientation": 22.335820608816555,
        "background": 5.159210709102735
      },
      "donor_peak_window_rwp": {
        "instrument": 5.48784949745101,
        "chemistry": 21.497037372434484,
        "microstructure": 22.398779644575264,
        "orientation": 20.345268965436535,
        "background": 5.48784949745101
      }
    }
  },
  "generation_tier": "strict_core"
}
