{
  "sample_name": "YbGa2_194",
  "phase_id": "cod_4303251",
  "formula": "YbGa2",
  "space_group": 194,
  "space_group_symbol": "P6_3/mmc",
  "crystal_system": "hexagonal",
  "source_origin": "cod",
  "slot": "background",
  "formula_group_id": "Ga2|Yb1::sg::194",
  "descriptor": {
    "phase_id": "cod_4303251",
    "formula": "YbGa2",
    "crystal_system": "hexagonal",
    "elements": [
      "Ga",
      "Yb"
    ],
    "density_g_cm3": 8.398209174908663,
    "avg_z": 44.0,
    "max_z": 70.0,
    "heavy_fraction": 0.3333333333333333,
    "transition_fraction": 0.0,
    "cell_lengths": [
      4.4527,
      4.4527,
      7.1969
    ],
    "cell_angles": [
      90.0,
      90.0,
      119.99999999999999
    ],
    "cell_volume": 123.57282384459741,
    "cell_anisotropy": 1.616300222337009,
    "anisotropy_index": 0.6163002223370091,
    "theoretical_peak_count": 27,
    "peak_density": 0.3176470588235294,
    "median_gap_deg": 1.9846458435058594,
    "crowded_fraction": 0.038461538461538464,
    "isolated_fraction": 0.7692307692307693,
    "simple_topology": false,
    "preferred_po_axis": [
      0,
      0,
      1
    ],
    "fluorescence_bucket": "none",
    "absorption_bucket": "heavy"
  },
  "generation": {
    "theta_min": 5.0,
    "theta_max": 90.0,
    "num_points": 8501,
    "template_rwp_percent": 11.800676499373662,
    "template_peak_window_rwp": 16.67151917078972,
    "template_peak_window_pearson": 0.9867544375397198,
    "synth_params": {
      "ka1": 1.5405929,
      "ka2": 1.5444274,
      "use_tch_profile": true,
      "sigma_scale": 0.915935817612402,
      "kb_ratio": 0.01500880233919089,
      "use_fcj_asymmetry": true,
      "detector_nonlinearity": 0.0,
      "use_ka2": true,
      "caglioti_u": 0.031390575609021656,
      "kb": 1.39225,
      "caglioti_w": 0.0018448797995058975,
      "detector_deadtime_coeff": 0.0,
      "axial_s_over_l": 0.0012,
      "sigma_min_deg": 0.008,
      "ka2_ratio": 0.48492173130236843,
      "caglioti_v": 0.007351125729718566,
      "sigma_deg": 0.01878969372542678,
      "use_kbeta": true,
      "beam_sample_ratio": 0.05,
      "fluorescence_level": 0.0,
      "muR": 0.04,
      "trns": 0.03,
      "fluorescence_decay": 3.0,
      "lorentz_z": 2.2733290599233295e-08,
      "strain": 0.00015211502821968354,
      "pseudo_voigt_eta": -0.040895833121234376,
      "lorentz_size": 0.00015767263305436997,
      "macro_strain": 6.310879138475143e-09,
      "sample_displacement_sr": -0.00048372134917160396,
      "size_nm": 186.14185603025092,
      "delta_deg": -0.0027998297930967625,
      "lorentz_strain": 0.01,
      "po_r": 1.0,
      "air_scatter_level": 1.2529703144072104,
      "b3": -0.17275557549414391,
      "scatter_sigma_deg": 1.546645733773962,
      "b4": 0.2488810753712736,
      "scatter_level": 3.26331292278243,
      "compton_level": 0.3631734003808239,
      "holder_scatter_center_deg": 6.1010635073141914,
      "a": 0.33680431075857237,
      "holder_scatter_level": 1.8837777612306568,
      "scatter_center_deg": 6.371993682135624,
      "b5": -0.22713123560530543,
      "poisson_counts_max": 900.0,
      "air_scatter_floor": 0.05738922721448685,
      "b1": -0.32843479444032864,
      "b0": 0.9266493861890328,
      "b2": -0.11015658226602068,
      "holder_scatter_sigma_deg": 2.576593012166959,
      "po_hkl_axis": [
        0.0,
        1.0,
        0.0
      ],
      "final_normalize": true
    },
    "synth_sampling_meta": {
      "family_name": "background",
      "slot": "background",
      "source_family": "opxrd_like",
      "preferred_source_family": "opxrd_like",
      "descriptor": {
        "phase_id": "cod_4303251",
        "formula": "YbGa2",
        "crystal_system": "hexagonal",
        "elements": [
          "Ga",
          "Yb"
        ],
        "density_g_cm3": 8.398209174908663,
        "avg_z": 44.0,
        "max_z": 70.0,
        "heavy_fraction": 0.3333333333333333,
        "transition_fraction": 0.0,
        "cell_lengths": [
          4.4527,
          4.4527,
          7.1969
        ],
        "cell_angles": [
          90.0,
          90.0,
          119.99999999999999
        ],
        "cell_volume": 123.57282384459741,
        "cell_anisotropy": 1.616300222337009,
        "anisotropy_index": 0.6163002223370091,
        "theoretical_peak_count": 27,
        "peak_density": 0.3176470588235294,
        "median_gap_deg": 1.9846458435058594,
        "crowded_fraction": 0.038461538461538464,
        "isolated_fraction": 0.7692307692307693,
        "simple_topology": false,
        "preferred_po_axis": [
          0,
          0,
          1
        ],
        "fluorescence_bucket": "none",
        "absorption_bucket": "heavy"
      },
      "attempt": 1,
      "donor_rows": {
        "instrument": "1191__opxrd_000584__H1_Mg1_O1",
        "chemistry": "0263__rruff_R050383-1__As2_O3",
        "microstructure": "0239__rruff_R050347-1__Al2_Be3_O18_Si6",
        "orientation": "0608__rruff_R090045-1__Cd1_S1",
        "background": "0456__rruff_R060421-1__Ca5_F1_O12_P3"
      },
      "donor_rwp_percent": {
        "instrument": 5.159210709102735,
        "chemistry": 17.41046189245676,
        "microstructure": 27.558196770523587,
        "orientation": 30.88090151282266,
        "background": 15.272610154817642
      },
      "donor_peak_window_rwp": {
        "instrument": 5.48784949745101,
        "chemistry": 12.218284496370515,
        "microstructure": 26.96064098560354,
        "orientation": 25.6560935570999,
        "background": 21.636095490570618
      },
      "selected_sample_code": "1191__opxrd_000584__H1_Mg1_O1",
      "selected_peak_window_rwp": 5.48784949745101,
      "selected_peak_window_pearson": 0.9997162154875435,
      "selected_background_fraction": 0.43162039189980456
    },
    "original_sample_dir": "YbGa2_SG194",
    "original_cif_path": "phase.cif",
    "original_generated_xy_path": "generated.xy",
    "original_generation_params_json": "generation_params.json",
    "original_generation_quality_json": "generation_quality.json"
  },
  "quality": {
    "note": "These are theory-vs-generated synthetic quality indicators plus donor-template quality provenance. They are not Rietveld fit-to-experiment outputs.",
    "theory_vs_generated": {
      "profile_pearson": 0.8240381528586196,
      "profile_cosine": 0.7833708923778027,
      "rmse": 3.3034884579713633,
      "mae": 2.092723372974974,
      "background_fraction_generated": 1.6162248603156437,
      "top_peak_count_used": 20,
      "top_peak_height_log_mae": 0.48557023065138044,
      "top_peak_shift_abs_mean_deg": 0.06870072174072313,
      "peak_window_pearson": 0.8460360957822016,
      "peak_window_cosine": 0.8586836710857754
    },
    "donor_template_quality": {
      "selected_sample_code": "1191__opxrd_000584__H1_Mg1_O1",
      "selected_peak_window_rwp": 5.48784949745101,
      "selected_peak_window_pearson": 0.9997162154875435,
      "selected_background_fraction": 0.43162039189980456,
      "donor_rows": {
        "instrument": "1191__opxrd_000584__H1_Mg1_O1",
        "chemistry": "0263__rruff_R050383-1__As2_O3",
        "microstructure": "0239__rruff_R050347-1__Al2_Be3_O18_Si6",
        "orientation": "0608__rruff_R090045-1__Cd1_S1",
        "background": "0456__rruff_R060421-1__Ca5_F1_O12_P3"
      },
      "donor_rwp_percent": {
        "instrument": 5.159210709102735,
        "chemistry": 17.41046189245676,
        "microstructure": 27.558196770523587,
        "orientation": 30.88090151282266,
        "background": 15.272610154817642
      },
      "donor_peak_window_rwp": {
        "instrument": 5.48784949745101,
        "chemistry": 12.218284496370515,
        "microstructure": 26.96064098560354,
        "orientation": 25.6560935570999,
        "background": 21.636095490570618
      }
    }
  },
  "generation_tier": "strict_core"
}
