{
  "sample_name": "PoO2_225",
  "phase_id": "cod_1534201",
  "formula": "PoO2",
  "space_group": 225,
  "space_group_symbol": "Fm-3m",
  "crystal_system": "cubic",
  "source_origin": "cod",
  "slot": "background",
  "formula_group_id": "O2|Po1::sg::225",
  "descriptor": {
    "phase_id": "cod_1534201",
    "formula": "PoO2",
    "crystal_system": "cubic",
    "elements": [
      "O",
      "Po"
    ],
    "density_g_cm3": 8.973837425791697,
    "avg_z": 33.333333333333336,
    "max_z": 84.0,
    "heavy_fraction": 0.0,
    "transition_fraction": 0.0,
    "cell_lengths": [
      5.637,
      5.637,
      5.637
    ],
    "cell_angles": [
      90.0,
      90.0,
      90.0
    ],
    "cell_volume": 179.12000985299997,
    "cell_anisotropy": 1.0,
    "anisotropy_index": 0.0,
    "theoretical_peak_count": 9,
    "peak_density": 0.10588235294117647,
    "median_gap_deg": 7.645805358886719,
    "crowded_fraction": 0.0,
    "isolated_fraction": 1.0,
    "simple_topology": true,
    "preferred_po_axis": [
      0,
      0,
      1
    ],
    "fluorescence_bucket": "none",
    "absorption_bucket": "heavy"
  },
  "generation": {
    "theta_min": 5.0,
    "theta_max": 90.0,
    "num_points": 8501,
    "template_rwp_percent": 10.768191488948645,
    "template_peak_window_rwp": 15.790698905860124,
    "template_peak_window_pearson": 0.9939831093215756,
    "synth_params": {
      "ka1": 1.5405929,
      "ka2": 1.5444274,
      "use_tch_profile": true,
      "sigma_scale": 0.915935817612402,
      "kb_ratio": 0.01500880233919089,
      "use_fcj_asymmetry": true,
      "detector_nonlinearity": 0.0,
      "use_ka2": true,
      "caglioti_u": 0.031390575609021656,
      "kb": 1.39225,
      "caglioti_w": 0.0018448797995058975,
      "detector_deadtime_coeff": 0.0,
      "axial_s_over_l": 0.0012,
      "sigma_min_deg": 0.008,
      "ka2_ratio": 0.48492173130236843,
      "caglioti_v": 0.007351125729718566,
      "sigma_deg": 0.01878969372542678,
      "use_kbeta": true,
      "beam_sample_ratio": 0.05,
      "fluorescence_level": 0.0,
      "muR": 0.04,
      "trns": 0.03,
      "fluorescence_decay": 3.0,
      "lorentz_z": 6.979869699557629e-06,
      "strain": 1.5143718941522696e-06,
      "pseudo_voigt_eta": -0.01609074240252782,
      "lorentz_size": 0.0005236963135045803,
      "macro_strain": 0.0003157977144742707,
      "sample_displacement_sr": -0.0006513199100501733,
      "size_nm": 251.58722753052675,
      "delta_deg": -0.01647652337243243,
      "lorentz_strain": 0.01,
      "po_r": 1.0,
      "air_scatter_level": 2.5713685049682047,
      "b3": 0.131822212950664,
      "scatter_sigma_deg": 8.164588744645966,
      "b4": 0.47136977703259,
      "scatter_level": 1.2,
      "compton_level": 0.9055471748523348,
      "holder_scatter_center_deg": 9.092422351688583,
      "a": 1.5910181007450837,
      "holder_scatter_level": 0.36058021299606424,
      "scatter_center_deg": 5.409510339587221,
      "b5": -0.6213851729507031,
      "poisson_counts_max": 3089.75,
      "air_scatter_floor": 0.10898812675762802,
      "b1": 0.06967746317460986,
      "b0": 9.272668067947018,
      "b2": -1.0419314037805136,
      "holder_scatter_sigma_deg": 7.840182688270039,
      "po_hkl_axis": [
        0.0,
        1.0,
        0.0
      ],
      "final_normalize": true
    },
    "synth_sampling_meta": {
      "family_name": "background",
      "slot": "background",
      "source_family": "opxrd_like",
      "preferred_source_family": "opxrd_like",
      "descriptor": {
        "phase_id": "cod_1534201",
        "formula": "PoO2",
        "crystal_system": "cubic",
        "elements": [
          "O",
          "Po"
        ],
        "density_g_cm3": 8.973837425791697,
        "avg_z": 33.333333333333336,
        "max_z": 84.0,
        "heavy_fraction": 0.0,
        "transition_fraction": 0.0,
        "cell_lengths": [
          5.637,
          5.637,
          5.637
        ],
        "cell_angles": [
          90.0,
          90.0,
          90.0
        ],
        "cell_volume": 179.12000985299997,
        "cell_anisotropy": 1.0,
        "anisotropy_index": 0.0,
        "theoretical_peak_count": 9,
        "peak_density": 0.10588235294117647,
        "median_gap_deg": 7.645805358886719,
        "crowded_fraction": 0.0,
        "isolated_fraction": 1.0,
        "simple_topology": true,
        "preferred_po_axis": [
          0,
          0,
          1
        ],
        "fluorescence_bucket": "none",
        "absorption_bucket": "heavy"
      },
      "attempt": 1,
      "donor_rows": {
        "instrument": "1191__opxrd_000584__H1_Mg1_O1",
        "chemistry": "0035__rruff_R040065-1__Al2_Ca3_O12_Si3",
        "microstructure": "0035__rruff_R040065-1__Al2_Ca3_O12_Si3",
        "orientation": "0080__rruff_R040168-1__Al2_Fe3_O12_Si3",
        "background": "0016__rruff_R040030-1__C2_Ca1_Mg1_O6"
      },
      "donor_rwp_percent": {
        "instrument": 5.159210709102735,
        "chemistry": 22.622475049937155,
        "microstructure": 22.622475049937155,
        "orientation": 9.54789840237016,
        "background": 27.23933763789696
      },
      "donor_peak_window_rwp": {
        "instrument": 5.48784949745101,
        "chemistry": 21.833382787012113,
        "microstructure": 21.833382787012113,
        "orientation": 9.416748231634234,
        "background": 14.145313767601136
      },
      "selected_sample_code": "1191__opxrd_000584__H1_Mg1_O1",
      "selected_peak_window_rwp": 5.48784949745101,
      "selected_peak_window_pearson": 0.9997162154875435,
      "selected_background_fraction": 0.5302922580835425
    },
    "original_sample_dir": "PoO2_SG225",
    "original_cif_path": "phase.cif",
    "original_generated_xy_path": "generated.xy",
    "original_generation_params_json": "generation_params.json",
    "original_generation_quality_json": "generation_quality.json"
  },
  "quality": {
    "note": "These are theory-vs-generated synthetic quality indicators plus donor-template quality provenance. They are not Rietveld fit-to-experiment outputs.",
    "theory_vs_generated": {
      "profile_pearson": 0.8494783721112977,
      "profile_cosine": 0.8105516793663171,
      "rmse": 2.848987813321108,
      "mae": 1.7426089524232204,
      "background_fraction_generated": 7.491456671251252,
      "top_peak_count_used": 9,
      "top_peak_height_log_mae": 9.60583215813286,
      "top_peak_shift_abs_mean_deg": 0.172277442084417,
      "peak_window_pearson": 0.8833881819170811,
      "peak_window_cosine": 0.8978116842048178
    },
    "donor_template_quality": {
      "selected_sample_code": "1191__opxrd_000584__H1_Mg1_O1",
      "selected_peak_window_rwp": 5.48784949745101,
      "selected_peak_window_pearson": 0.9997162154875435,
      "selected_background_fraction": 0.5302922580835425,
      "donor_rows": {
        "instrument": "1191__opxrd_000584__H1_Mg1_O1",
        "chemistry": "0035__rruff_R040065-1__Al2_Ca3_O12_Si3",
        "microstructure": "0035__rruff_R040065-1__Al2_Ca3_O12_Si3",
        "orientation": "0080__rruff_R040168-1__Al2_Fe3_O12_Si3",
        "background": "0016__rruff_R040030-1__C2_Ca1_Mg1_O6"
      },
      "donor_rwp_percent": {
        "instrument": 5.159210709102735,
        "chemistry": 22.622475049937155,
        "microstructure": 22.622475049937155,
        "orientation": 9.54789840237016,
        "background": 27.23933763789696
      },
      "donor_peak_window_rwp": {
        "instrument": 5.48784949745101,
        "chemistry": 21.833382787012113,
        "microstructure": 21.833382787012113,
        "orientation": 9.416748231634234,
        "background": 14.145313767601136
      }
    }
  },
  "generation_tier": "strict_core"
}
