{
  "sample_name": "Ca3(Al3Rh)4_194",
  "phase_id": "cod_7704164",
  "formula": "Ca3(Al3Rh)4",
  "space_group": 194,
  "space_group_symbol": "P6_3/mmc",
  "crystal_system": "hexagonal",
  "source_origin": "cod",
  "slot": "profile",
  "formula_group_id": "Al12|Ca3|Rh4::sg::194",
  "descriptor": {
    "phase_id": "cod_7704164",
    "formula": "Ca3(Al3Rh)4",
    "crystal_system": "hexagonal",
    "elements": [
      "Al",
      "Ca",
      "Rh"
    ],
    "density_g_cm3": 4.412375441208441,
    "avg_z": 20.842105263157894,
    "max_z": 45.0,
    "heavy_fraction": 0.21052631578947367,
    "transition_fraction": 0.21052631578947367,
    "cell_lengths": [
      8.8324,
      8.8324,
      9.5325
    ],
    "cell_angles": [
      90.0,
      90.0,
      119.99999999999999
    ],
    "cell_volume": 644.0133999426239,
    "cell_anisotropy": 1.0792649789411712,
    "anisotropy_index": 0.07926497894117124,
    "theoretical_peak_count": 116,
    "peak_density": 1.3647058823529412,
    "median_gap_deg": 0.48299407958984375,
    "crowded_fraction": 0.3652173913043478,
    "isolated_fraction": 0.1565217391304348,
    "simple_topology": false,
    "preferred_po_axis": [
      0,
      0,
      1
    ],
    "fluorescence_bucket": "none",
    "absorption_bucket": "medium"
  },
  "generation": {
    "theta_min": 5.0,
    "theta_max": 90.0,
    "num_points": 8501,
    "template_rwp_percent": 21.029857301235502,
    "template_peak_window_rwp": 19.69336809879984,
    "template_peak_window_pearson": 0.9824044303010827,
    "synth_params": {
      "ka1": 1.5405929,
      "ka2": 1.5444274,
      "use_tch_profile": true,
      "sigma_scale": 0.915935817612402,
      "kb_ratio": 0.01500880233919089,
      "use_fcj_asymmetry": true,
      "detector_nonlinearity": 0.0,
      "use_ka2": true,
      "caglioti_u": 0.031390575609021656,
      "kb": 1.39225,
      "caglioti_w": 0.0018448797995058975,
      "detector_deadtime_coeff": 0.0,
      "axial_s_over_l": 0.0012,
      "sigma_min_deg": 0.008,
      "ka2_ratio": 0.48492173130236843,
      "caglioti_v": 0.007351125729718566,
      "sigma_deg": 0.019353384537189586,
      "use_kbeta": true,
      "beam_sample_ratio": 0.05,
      "fluorescence_level": 0.0,
      "muR": 0.01,
      "trns": 0.0,
      "fluorescence_decay": 3.0,
      "lorentz_z": 0.00011692124277869222,
      "strain": 2.0890460626993178e-05,
      "pseudo_voigt_eta": -0.005038350347928382,
      "lorentz_size": 0.032,
      "macro_strain": 0.0,
      "sample_displacement_sr": -0.000335218198833255,
      "size_nm": 180.0,
      "delta_deg": -0.009437018111748793,
      "lorentz_strain": 0.0002876675853948984,
      "po_r": 1.0,
      "air_scatter_level": 1.0620226493266718,
      "b3": 0.06477202067221789,
      "scatter_sigma_deg": 8.626581882942178,
      "b4": 0.06528002471603768,
      "scatter_level": 4.0960318067685195,
      "compton_level": 0.018260490246119785,
      "holder_scatter_center_deg": 8.733630486426796,
      "a": 2.7860400406715473,
      "holder_scatter_level": 1.748677487426722,
      "scatter_center_deg": 3.8378658127202927,
      "b5": 2.4817244509620853e-06,
      "poisson_counts_max": 2813.9,
      "air_scatter_floor": 0.023676712864369537,
      "b1": -1.9302030990920167,
      "b0": -1.304914537860174,
      "b2": 1.2713466601275605,
      "holder_scatter_sigma_deg": 1.4457971233688056,
      "po_hkl_axis": [
        0.0,
        1.0,
        0.0
      ],
      "final_normalize": true
    },
    "synth_sampling_meta": {
      "family_name": "profile",
      "slot": "profile",
      "source_family": "opxrd_like",
      "preferred_source_family": "opxrd_like",
      "descriptor": {
        "phase_id": "cod_7704164",
        "formula": "Ca3(Al3Rh)4",
        "crystal_system": "hexagonal",
        "elements": [
          "Al",
          "Ca",
          "Rh"
        ],
        "density_g_cm3": 4.412375441208441,
        "avg_z": 20.842105263157894,
        "max_z": 45.0,
        "heavy_fraction": 0.21052631578947367,
        "transition_fraction": 0.21052631578947367,
        "cell_lengths": [
          8.8324,
          8.8324,
          9.5325
        ],
        "cell_angles": [
          90.0,
          90.0,
          119.99999999999999
        ],
        "cell_volume": 644.0133999426239,
        "cell_anisotropy": 1.0792649789411712,
        "anisotropy_index": 0.07926497894117124,
        "theoretical_peak_count": 116,
        "peak_density": 1.3647058823529412,
        "median_gap_deg": 0.48299407958984375,
        "crowded_fraction": 0.3652173913043478,
        "isolated_fraction": 0.1565217391304348,
        "simple_topology": false,
        "preferred_po_axis": [
          0,
          0,
          1
        ],
        "fluorescence_bucket": "none",
        "absorption_bucket": "medium"
      },
      "attempt": 1,
      "donor_rows": {
        "instrument": "1191__opxrd_000584__H1_Mg1_O1",
        "chemistry": "1191__opxrd_000584__H1_Mg1_O1",
        "microstructure": "0254__rruff_R050369-1__Ca5_F1_O12_P3",
        "orientation": "0532__rruff_R060943-1__Al2_Be3_O18_Si6",
        "background": "0415__rruff_R060150-1__Ca13_F10_H12_O34_Si10"
      },
      "donor_rwp_percent": {
        "instrument": 5.159210709102735,
        "chemistry": 5.159210709102735,
        "microstructure": 13.558574059798776,
        "orientation": 25.451740347362545,
        "background": 8.00315190123515
      },
      "donor_peak_window_rwp": {
        "instrument": 5.48784949745101,
        "chemistry": 5.48784949745101,
        "microstructure": 18.528929065551917,
        "orientation": 25.36333655527431,
        "background": 11.357098944708872
      },
      "selected_sample_code": "1191__opxrd_000584__H1_Mg1_O1",
      "selected_peak_window_rwp": 5.48784949745101,
      "selected_peak_window_pearson": 0.9997162154875435,
      "selected_background_fraction": 0.11764110715388022
    },
    "original_sample_dir": "Ca3(Al3Rh)4_SG194",
    "original_cif_path": "phase.cif",
    "original_generated_xy_path": "generated.xy",
    "original_generation_params_json": "generation_params.json",
    "original_generation_quality_json": "generation_quality.json"
  },
  "quality": {
    "note": "These are theory-vs-generated synthetic quality indicators plus donor-template quality provenance. They are not Rietveld fit-to-experiment outputs.",
    "theory_vs_generated": {
      "profile_pearson": 0.9179653943388197,
      "profile_cosine": 0.9187126585712293,
      "rmse": 3.172099856836696,
      "mae": 1.1949461174151748,
      "background_fraction_generated": 0.4529168730986119,
      "top_peak_count_used": 20,
      "top_peak_height_log_mae": 0.12586658907025422,
      "top_peak_shift_abs_mean_deg": 0.06905776596069443,
      "peak_window_pearson": 0.9072233303121949,
      "peak_window_cosine": 0.9211531163356155
    },
    "donor_template_quality": {
      "selected_sample_code": "1191__opxrd_000584__H1_Mg1_O1",
      "selected_peak_window_rwp": 5.48784949745101,
      "selected_peak_window_pearson": 0.9997162154875435,
      "selected_background_fraction": 0.11764110715388022,
      "donor_rows": {
        "instrument": "1191__opxrd_000584__H1_Mg1_O1",
        "chemistry": "1191__opxrd_000584__H1_Mg1_O1",
        "microstructure": "0254__rruff_R050369-1__Ca5_F1_O12_P3",
        "orientation": "0532__rruff_R060943-1__Al2_Be3_O18_Si6",
        "background": "0415__rruff_R060150-1__Ca13_F10_H12_O34_Si10"
      },
      "donor_rwp_percent": {
        "instrument": 5.159210709102735,
        "chemistry": 5.159210709102735,
        "microstructure": 13.558574059798776,
        "orientation": 25.451740347362545,
        "background": 8.00315190123515
      },
      "donor_peak_window_rwp": {
        "instrument": 5.48784949745101,
        "chemistry": 5.48784949745101,
        "microstructure": 18.528929065551917,
        "orientation": 25.36333655527431,
        "background": 11.357098944708872
      }
    }
  },
  "generation_tier": "strict_core"
}
