{
  "sample_name": "Li4V6O13_12",
  "phase_id": "cod_2007661",
  "formula": "Li4V6O13",
  "space_group": 12,
  "space_group_symbol": "C2/m",
  "crystal_system": "monoclinic",
  "source_origin": "cod",
  "slot": "background",
  "formula_group_id": "Li4|O13|V6::sg::12",
  "descriptor": {
    "phase_id": "cod_2007661",
    "formula": "Li4V6O13",
    "crystal_system": "monoclinic",
    "elements": [
      "Li",
      "O",
      "V"
    ],
    "density_g_cm3": 3.89106596319901,
    "avg_z": 11.043478260869565,
    "max_z": 23.0,
    "heavy_fraction": 0.0,
    "transition_fraction": 0.2608695652173913,
    "cell_lengths": [
      11.776000000000002,
      3.918,
      10.189
    ],
    "cell_angles": [
      90.0,
      100.59,
      90.0
    ],
    "cell_volume": 462.0967597153352,
    "cell_anisotropy": 3.005615109749873,
    "anisotropy_index": 2.005615109749873,
    "theoretical_peak_count": 220,
    "peak_density": 2.588235294117647,
    "median_gap_deg": 0.1953582763671875,
    "crowded_fraction": 0.6894977168949772,
    "isolated_fraction": 0.0547945205479452,
    "simple_topology": false,
    "preferred_po_axis": [
      1,
      0,
      0
    ],
    "fluorescence_bucket": "high",
    "absorption_bucket": "medium"
  },
  "generation": {
    "theta_min": 5.0,
    "theta_max": 90.0,
    "num_points": 8501,
    "template_rwp_percent": 15.143708118394594,
    "template_peak_window_rwp": 18.848401616478842,
    "template_peak_window_pearson": 0.9850067327473799,
    "synth_params": {
      "ka1": 1.5405929,
      "ka2": 1.5444274,
      "use_tch_profile": true,
      "sigma_scale": 0.915935817612402,
      "kb_ratio": 0.01500880233919089,
      "use_fcj_asymmetry": true,
      "detector_nonlinearity": 0.0,
      "use_ka2": true,
      "caglioti_u": 0.031390575609021656,
      "kb": 1.39225,
      "caglioti_w": 0.0018448797995058975,
      "detector_deadtime_coeff": 0.0,
      "axial_s_over_l": 0.0012,
      "sigma_min_deg": 0.008,
      "ka2_ratio": 0.48492173130236843,
      "caglioti_v": 0.007351125729718566,
      "sigma_deg": 0.01878969372542678,
      "use_kbeta": true,
      "beam_sample_ratio": 0.05,
      "fluorescence_level": 2.0,
      "muR": 0.06001543343868599,
      "trns": 0.08,
      "fluorescence_decay": 3.0,
      "lorentz_z": 1e-08,
      "strain": 0.0008066038044366333,
      "pseudo_voigt_eta": 0.02000045420867489,
      "lorentz_size": 7.332752869101727e-06,
      "macro_strain": 3.8941467058979094e-08,
      "sample_displacement_sr": -0.00018118235460065868,
      "size_nm": 180.0,
      "delta_deg": -0.010004323118418248,
      "lorentz_strain": 0.008,
      "po_r": 1.0,
      "air_scatter_level": 1e-08,
      "b3": -0.1848624278005454,
      "scatter_sigma_deg": 6.0,
      "b4": 0.20595308036552476,
      "scatter_level": 1.2,
      "compton_level": 1e-08,
      "holder_scatter_center_deg": 15.0,
      "a": 2.456521703905162,
      "holder_scatter_level": 1e-08,
      "scatter_center_deg": 15.0,
      "b5": -1.0196444166448001e-06,
      "poisson_counts_max": 3119.5,
      "air_scatter_floor": 0.05,
      "b1": -4.44554467722384,
      "b0": 21.288767814184258,
      "b2": -1.9952642435986017,
      "holder_scatter_sigma_deg": 4.0,
      "po_hkl_axis": [
        0.0,
        1.0,
        0.0
      ],
      "final_normalize": true
    },
    "synth_sampling_meta": {
      "family_name": "background",
      "slot": "background",
      "source_family": "opxrd_like",
      "preferred_source_family": "opxrd_like",
      "descriptor": {
        "phase_id": "cod_2007661",
        "formula": "Li4V6O13",
        "crystal_system": "monoclinic",
        "elements": [
          "Li",
          "O",
          "V"
        ],
        "density_g_cm3": 3.89106596319901,
        "avg_z": 11.043478260869565,
        "max_z": 23.0,
        "heavy_fraction": 0.0,
        "transition_fraction": 0.2608695652173913,
        "cell_lengths": [
          11.776000000000002,
          3.918,
          10.189
        ],
        "cell_angles": [
          90.0,
          100.59,
          90.0
        ],
        "cell_volume": 462.0967597153352,
        "cell_anisotropy": 3.005615109749873,
        "anisotropy_index": 2.005615109749873,
        "theoretical_peak_count": 220,
        "peak_density": 2.588235294117647,
        "median_gap_deg": 0.1953582763671875,
        "crowded_fraction": 0.6894977168949772,
        "isolated_fraction": 0.0547945205479452,
        "simple_topology": false,
        "preferred_po_axis": [
          1,
          0,
          0
        ],
        "fluorescence_bucket": "high",
        "absorption_bucket": "medium"
      },
      "attempt": 1,
      "donor_rows": {
        "instrument": "1191__opxrd_000584__H1_Mg1_O1",
        "chemistry": "0249__rruff_R050363-1__O2_Ti1",
        "microstructure": "0595__rruff_R070589-1__H8_Mg1_O8_S1",
        "orientation": "0363__rruff_R050638-1__C2_Cu3_H2_O8",
        "background": "1191__opxrd_000584__H1_Mg1_O1"
      },
      "donor_rwp_percent": {
        "instrument": 5.159210709102735,
        "chemistry": 14.776303909097866,
        "microstructure": 23.89073423416258,
        "orientation": 11.336277291932815,
        "background": 5.159210709102735
      },
      "donor_peak_window_rwp": {
        "instrument": 5.48784949745101,
        "chemistry": 20.08462830562262,
        "microstructure": 24.378023894358048,
        "orientation": 11.208554719735723,
        "background": 5.48784949745101
      },
      "selected_sample_code": "1191__opxrd_000584__H1_Mg1_O1",
      "selected_peak_window_rwp": 5.48784949745101,
      "selected_peak_window_pearson": 0.9997162154875435,
      "selected_background_fraction": 0.5127638626915709
    },
    "original_sample_dir": "Li4V6O13_SG12",
    "original_cif_path": "phase.cif",
    "original_generated_xy_path": "generated.xy",
    "original_generation_params_json": "generation_params.json",
    "original_generation_quality_json": "generation_quality.json"
  },
  "quality": {
    "note": "These are theory-vs-generated synthetic quality indicators plus donor-template quality provenance. They are not Rietveld fit-to-experiment outputs.",
    "theory_vs_generated": {
      "profile_pearson": 0.9663569951445815,
      "profile_cosine": 0.9437028593280861,
      "rmse": 3.0422984576769667,
      "mae": 2.302393298181939,
      "background_fraction_generated": 5.83280669483505,
      "top_peak_count_used": 20,
      "top_peak_height_log_mae": 7.252369478318542,
      "top_peak_shift_abs_mean_deg": 0.14353246498107897,
      "peak_window_pearson": 0.9676230088624133,
      "peak_window_cosine": 0.9616400117009682
    },
    "donor_template_quality": {
      "selected_sample_code": "1191__opxrd_000584__H1_Mg1_O1",
      "selected_peak_window_rwp": 5.48784949745101,
      "selected_peak_window_pearson": 0.9997162154875435,
      "selected_background_fraction": 0.5127638626915709,
      "donor_rows": {
        "instrument": "1191__opxrd_000584__H1_Mg1_O1",
        "chemistry": "0249__rruff_R050363-1__O2_Ti1",
        "microstructure": "0595__rruff_R070589-1__H8_Mg1_O8_S1",
        "orientation": "0363__rruff_R050638-1__C2_Cu3_H2_O8",
        "background": "1191__opxrd_000584__H1_Mg1_O1"
      },
      "donor_rwp_percent": {
        "instrument": 5.159210709102735,
        "chemistry": 14.776303909097866,
        "microstructure": 23.89073423416258,
        "orientation": 11.336277291932815,
        "background": 5.159210709102735
      },
      "donor_peak_window_rwp": {
        "instrument": 5.48784949745101,
        "chemistry": 20.08462830562262,
        "microstructure": 24.378023894358048,
        "orientation": 11.208554719735723,
        "background": 5.48784949745101
      }
    }
  },
  "generation_tier": "strict_core"
}
