{
  "sample_name": "Am2O3_206",
  "phase_id": "cod_4124688",
  "formula": "Am2O3",
  "space_group": 206,
  "space_group_symbol": "Ia-3",
  "crystal_system": "cubic",
  "source_origin": "cod",
  "slot": "background",
  "formula_group_id": "Am2|O3::sg::206",
  "descriptor": {
    "phase_id": "cod_4124688",
    "formula": "Am2O3",
    "crystal_system": "cubic",
    "elements": [
      "Am",
      "O"
    ],
    "density_g_cm3": 10.5726130228707,
    "avg_z": 42.8,
    "max_z": 95.0,
    "heavy_fraction": 0.0,
    "transition_fraction": 0.0,
    "cell_lengths": [
      11.03,
      11.03,
      11.03
    ],
    "cell_angles": [
      90.0,
      90.0,
      90.0
    ],
    "cell_volume": 1341.9197269999997,
    "cell_anisotropy": 1.0,
    "anisotropy_index": 0.0,
    "theoretical_peak_count": 44,
    "peak_density": 0.5176470588235295,
    "median_gap_deg": 1.3119583129882812,
    "crowded_fraction": 0.0,
    "isolated_fraction": 0.627906976744186,
    "simple_topology": false,
    "preferred_po_axis": [
      0,
      0,
      1
    ],
    "fluorescence_bucket": "none",
    "absorption_bucket": "heavy"
  },
  "generation": {
    "theta_min": 5.0,
    "theta_max": 90.0,
    "num_points": 8501,
    "template_rwp_percent": 10.768191488948645,
    "template_peak_window_rwp": 15.790698905860124,
    "template_peak_window_pearson": 0.9939831093215756,
    "synth_params": {
      "ka1": 1.5405929,
      "ka2": 1.5444274,
      "use_tch_profile": true,
      "sigma_scale": 0.915935817612402,
      "kb_ratio": 0.01500880233919089,
      "use_fcj_asymmetry": true,
      "detector_nonlinearity": 0.0,
      "use_ka2": true,
      "caglioti_u": 0.031390575609021656,
      "kb": 1.39225,
      "caglioti_w": 0.0018448797995058975,
      "detector_deadtime_coeff": 0.0,
      "axial_s_over_l": 0.0012,
      "sigma_min_deg": 0.008,
      "ka2_ratio": 0.48492173130236843,
      "caglioti_v": 0.007351125729718566,
      "sigma_deg": 0.01878969372542678,
      "use_kbeta": true,
      "beam_sample_ratio": 0.05,
      "fluorescence_level": 0.0,
      "muR": 0.04,
      "trns": 0.03,
      "fluorescence_decay": 3.0,
      "lorentz_z": 1e-08,
      "strain": 2.8267528732320415e-07,
      "pseudo_voigt_eta": 0.011405330022536072,
      "lorentz_size": 0.0064418709886323085,
      "macro_strain": 0.0006924038841283815,
      "sample_displacement_sr": 4.249450565513976e-05,
      "size_nm": 189.83873774578126,
      "delta_deg": 0.04238575262934382,
      "lorentz_strain": 0.004241479714151518,
      "po_r": 1.0,
      "air_scatter_level": 1.4357404941558356,
      "b3": -7.576725277383578e-11,
      "scatter_sigma_deg": 4.818082639389946,
      "b4": -2.1719731118129621e-10,
      "scatter_level": 2.0028293523831486,
      "compton_level": 0.4792061653746479,
      "holder_scatter_center_deg": 13.148005929148589,
      "a": 1.0,
      "holder_scatter_level": 0.1290811588285118,
      "scatter_center_deg": 4.506047819214484,
      "b5": -1.592642915397184e-10,
      "poisson_counts_max": 1525.75,
      "air_scatter_floor": 0.018226773556866804,
      "b1": 0.9190948725100639,
      "b0": 7.359388055552824,
      "b2": -3.0212307845003545,
      "holder_scatter_sigma_deg": 9.171233576757148,
      "po_hkl_axis": [
        0.0,
        1.0,
        0.0
      ],
      "final_normalize": true
    },
    "synth_sampling_meta": {
      "family_name": "background",
      "slot": "background",
      "source_family": "opxrd_like",
      "preferred_source_family": "opxrd_like",
      "descriptor": {
        "phase_id": "cod_4124688",
        "formula": "Am2O3",
        "crystal_system": "cubic",
        "elements": [
          "Am",
          "O"
        ],
        "density_g_cm3": 10.5726130228707,
        "avg_z": 42.8,
        "max_z": 95.0,
        "heavy_fraction": 0.0,
        "transition_fraction": 0.0,
        "cell_lengths": [
          11.03,
          11.03,
          11.03
        ],
        "cell_angles": [
          90.0,
          90.0,
          90.0
        ],
        "cell_volume": 1341.9197269999997,
        "cell_anisotropy": 1.0,
        "anisotropy_index": 0.0,
        "theoretical_peak_count": 44,
        "peak_density": 0.5176470588235295,
        "median_gap_deg": 1.3119583129882812,
        "crowded_fraction": 0.0,
        "isolated_fraction": 0.627906976744186,
        "simple_topology": false,
        "preferred_po_axis": [
          0,
          0,
          1
        ],
        "fluorescence_bucket": "none",
        "absorption_bucket": "heavy"
      },
      "attempt": 1,
      "donor_rows": {
        "instrument": "1191__opxrd_000584__H1_Mg1_O1",
        "chemistry": "0035__rruff_R040065-1__Al2_Ca3_O12_Si3",
        "microstructure": "0297__rruff_R050446-1__Al2_Mg3_O12_Si3",
        "orientation": "0035__rruff_R040065-1__Al2_Ca3_O12_Si3",
        "background": "0066__rruff_R040126-1__C4_Ca1_Mg3_O12"
      },
      "donor_rwp_percent": {
        "instrument": 5.159210709102735,
        "chemistry": 22.622475049937155,
        "microstructure": 14.217604787907447,
        "orientation": 22.622475049937155,
        "background": 8.894243026156627
      },
      "donor_peak_window_rwp": {
        "instrument": 5.48784949745101,
        "chemistry": 21.833382787012113,
        "microstructure": 14.03530463336448,
        "orientation": 21.833382787012113,
        "background": 11.562371080606463
      },
      "selected_sample_code": "1191__opxrd_000584__H1_Mg1_O1",
      "selected_peak_window_rwp": 5.48784949745101,
      "selected_peak_window_pearson": 0.9997162154875435,
      "selected_background_fraction": 0.5445765611275475
    },
    "original_sample_dir": "Am2O3_SG206",
    "original_cif_path": "phase.cif",
    "original_generated_xy_path": "generated.xy",
    "original_generation_params_json": "generation_params.json",
    "original_generation_quality_json": "generation_quality.json"
  },
  "quality": {
    "note": "These are theory-vs-generated synthetic quality indicators plus donor-template quality provenance. They are not Rietveld fit-to-experiment outputs.",
    "theory_vs_generated": {
      "profile_pearson": 0.9584122277851107,
      "profile_cosine": 0.8919235696553698,
      "rmse": 2.169498660542227,
      "mae": 1.857265380122872,
      "background_fraction_generated": 4.988033946556645,
      "top_peak_count_used": 20,
      "top_peak_height_log_mae": 16.053294481241686,
      "top_peak_shift_abs_mean_deg": 0.2784923591613751,
      "peak_window_pearson": 0.9615898554691767,
      "peak_window_cosine": 0.9467802882357889
    },
    "donor_template_quality": {
      "selected_sample_code": "1191__opxrd_000584__H1_Mg1_O1",
      "selected_peak_window_rwp": 5.48784949745101,
      "selected_peak_window_pearson": 0.9997162154875435,
      "selected_background_fraction": 0.5445765611275475,
      "donor_rows": {
        "instrument": "1191__opxrd_000584__H1_Mg1_O1",
        "chemistry": "0035__rruff_R040065-1__Al2_Ca3_O12_Si3",
        "microstructure": "0297__rruff_R050446-1__Al2_Mg3_O12_Si3",
        "orientation": "0035__rruff_R040065-1__Al2_Ca3_O12_Si3",
        "background": "0066__rruff_R040126-1__C4_Ca1_Mg3_O12"
      },
      "donor_rwp_percent": {
        "instrument": 5.159210709102735,
        "chemistry": 22.622475049937155,
        "microstructure": 14.217604787907447,
        "orientation": 22.622475049937155,
        "background": 8.894243026156627
      },
      "donor_peak_window_rwp": {
        "instrument": 5.48784949745101,
        "chemistry": 21.833382787012113,
        "microstructure": 14.03530463336448,
        "orientation": 21.833382787012113,
        "background": 11.562371080606463
      }
    }
  },
  "generation_tier": "strict_core"
}
