{
  "sample_name": "AlPO4_152",
  "phase_id": "mp-5331",
  "formula": "AlPO4",
  "space_group": 152,
  "space_group_symbol": "P3_121",
  "crystal_system": "trigonal",
  "source_origin": "materials_project",
  "slot": "profile",
  "formula_group_id": "Al1|O4|P1::sg::152",
  "descriptor": {
    "phase_id": "mp-5331",
    "formula": "AlPO4",
    "crystal_system": "trigonal",
    "elements": [
      "Al",
      "O",
      "P"
    ],
    "density_g_cm3": 2.6215130977193097,
    "avg_z": 10.0,
    "max_z": 15.0,
    "heavy_fraction": 0.0,
    "transition_fraction": 0.0,
    "cell_lengths": [
      4.94223691,
      4.94223691,
      10.95551263
    ],
    "cell_angles": [
      90.0,
      90.0,
      120.00000000000001
    ],
    "cell_volume": 231.74504394877542,
    "cell_anisotropy": 2.2167113453895513,
    "anisotropy_index": 1.2167113453895513,
    "theoretical_peak_count": 55,
    "peak_density": 0.6470588235294118,
    "median_gap_deg": 0.884124755859375,
    "crowded_fraction": 0.2222222222222222,
    "isolated_fraction": 0.37037037037037035,
    "simple_topology": false,
    "preferred_po_axis": [
      0,
      0,
      1
    ],
    "fluorescence_bucket": "none",
    "absorption_bucket": "light"
  },
  "generation": {
    "theta_min": 5.0,
    "theta_max": 90.0,
    "num_points": 8501,
    "template_rwp_percent": 27.08433368266328,
    "template_peak_window_rwp": 13.745715758604918,
    "template_peak_window_pearson": 0.9972437717636932,
    "synth_params": {
      "ka1": 1.5405929,
      "ka2": 1.5444274,
      "use_tch_profile": true,
      "sigma_scale": 0.915935817612402,
      "kb_ratio": 0.01500880233919089,
      "use_fcj_asymmetry": true,
      "detector_nonlinearity": 0.0,
      "use_ka2": true,
      "caglioti_u": 0.031390575609021656,
      "kb": 1.39225,
      "caglioti_w": 0.0018448797995058975,
      "detector_deadtime_coeff": 0.0,
      "axial_s_over_l": 0.0012,
      "sigma_min_deg": 0.008,
      "ka2_ratio": 0.48492173130236843,
      "caglioti_v": 0.007351125729718566,
      "sigma_deg": 0.019353384537189586,
      "use_kbeta": true,
      "beam_sample_ratio": 0.05,
      "fluorescence_level": 0.0,
      "muR": 0.012883265076918796,
      "trns": 0.001921343030325408,
      "fluorescence_decay": 3.0,
      "lorentz_z": 9.318430809310919e-05,
      "strain": 0.0010045100078755105,
      "pseudo_voigt_eta": -0.04963378431564783,
      "lorentz_size": 0.042,
      "macro_strain": 0.0,
      "sample_displacement_sr": -0.0002,
      "size_nm": 206.22549848414644,
      "delta_deg": -0.01,
      "lorentz_strain": 0.000648020609381769,
      "po_r": 1.0,
      "air_scatter_level": 1e-08,
      "b3": -0.1848624278005454,
      "scatter_sigma_deg": 6.0,
      "b4": 0.20595308036552476,
      "scatter_level": 1e-08,
      "compton_level": 1e-08,
      "holder_scatter_center_deg": 15.0,
      "a": 2.456521703905162,
      "holder_scatter_level": 1e-08,
      "scatter_center_deg": 15.0,
      "b5": -1.0196444166448001e-06,
      "poisson_counts_max": 3486.5,
      "air_scatter_floor": 0.05,
      "b1": -4.44554467722384,
      "b0": 21.288767814184258,
      "b2": -1.9952642435986017,
      "holder_scatter_sigma_deg": 4.0,
      "po_hkl_axis": [
        0.0,
        1.0,
        0.0
      ],
      "final_normalize": true
    },
    "synth_sampling_meta": {
      "family_name": "profile",
      "slot": "profile",
      "source_family": "opxrd_like",
      "preferred_source_family": "opxrd_like",
      "descriptor": {
        "phase_id": "mp-5331",
        "formula": "AlPO4",
        "crystal_system": "trigonal",
        "elements": [
          "Al",
          "O",
          "P"
        ],
        "density_g_cm3": 2.6215130977193097,
        "avg_z": 10.0,
        "max_z": 15.0,
        "heavy_fraction": 0.0,
        "transition_fraction": 0.0,
        "cell_lengths": [
          4.94223691,
          4.94223691,
          10.95551263
        ],
        "cell_angles": [
          90.0,
          90.0,
          120.00000000000001
        ],
        "cell_volume": 231.74504394877542,
        "cell_anisotropy": 2.2167113453895513,
        "anisotropy_index": 1.2167113453895513,
        "theoretical_peak_count": 55,
        "peak_density": 0.6470588235294118,
        "median_gap_deg": 0.884124755859375,
        "crowded_fraction": 0.2222222222222222,
        "isolated_fraction": 0.37037037037037035,
        "simple_topology": false,
        "preferred_po_axis": [
          0,
          0,
          1
        ],
        "fluorescence_bucket": "none",
        "absorption_bucket": "light"
      },
      "attempt": 1,
      "donor_rows": {
        "instrument": "1191__opxrd_000584__H1_Mg1_O1",
        "chemistry": "0113__rruff_R050045-1__Ca1_F2",
        "microstructure": "0098__rruff_R050009-1__C1_Ca1_O3",
        "orientation": "0016__rruff_R040030-1__C2_Ca1_Mg1_O6",
        "background": "1191__opxrd_000584__H1_Mg1_O1"
      },
      "donor_rwp_percent": {
        "instrument": 5.159210709102735,
        "chemistry": 10.345769455766266,
        "microstructure": 10.473963597060688,
        "orientation": 27.23933763789696,
        "background": 5.159210709102735
      },
      "donor_peak_window_rwp": {
        "instrument": 5.48784949745101,
        "chemistry": 11.85177861797737,
        "microstructure": 13.939634579044661,
        "orientation": 14.145313767601136,
        "background": 5.48784949745101
      },
      "selected_sample_code": "1191__opxrd_000584__H1_Mg1_O1",
      "selected_peak_window_rwp": 5.48784949745101,
      "selected_peak_window_pearson": 0.9997162154875435,
      "selected_background_fraction": 0.5127638626915709
    },
    "original_sample_dir": "AlPO4_SG152",
    "original_cif_path": "phase.cif",
    "original_generated_xy_path": "generated.xy",
    "original_generation_params_json": "generation_params.json",
    "original_generation_quality_json": "generation_quality.json"
  },
  "quality": {
    "note": "These are theory-vs-generated synthetic quality indicators plus donor-template quality provenance. They are not Rietveld fit-to-experiment outputs.",
    "theory_vs_generated": {
      "profile_pearson": 0.9436363569615523,
      "profile_cosine": 0.8857755807829807,
      "rmse": 2.2039286775203837,
      "mae": 1.6970250314570183,
      "background_fraction_generated": 10.703579763074693,
      "top_peak_count_used": 20,
      "top_peak_height_log_mae": 18.06132697435865,
      "top_peak_shift_abs_mean_deg": 0.31387667465209856,
      "peak_window_pearson": 0.945201783752864,
      "peak_window_cosine": 0.9310657250208921
    },
    "donor_template_quality": {
      "selected_sample_code": "1191__opxrd_000584__H1_Mg1_O1",
      "selected_peak_window_rwp": 5.48784949745101,
      "selected_peak_window_pearson": 0.9997162154875435,
      "selected_background_fraction": 0.5127638626915709,
      "donor_rows": {
        "instrument": "1191__opxrd_000584__H1_Mg1_O1",
        "chemistry": "0113__rruff_R050045-1__Ca1_F2",
        "microstructure": "0098__rruff_R050009-1__C1_Ca1_O3",
        "orientation": "0016__rruff_R040030-1__C2_Ca1_Mg1_O6",
        "background": "1191__opxrd_000584__H1_Mg1_O1"
      },
      "donor_rwp_percent": {
        "instrument": 5.159210709102735,
        "chemistry": 10.345769455766266,
        "microstructure": 10.473963597060688,
        "orientation": 27.23933763789696,
        "background": 5.159210709102735
      },
      "donor_peak_window_rwp": {
        "instrument": 5.48784949745101,
        "chemistry": 11.85177861797737,
        "microstructure": 13.939634579044661,
        "orientation": 14.145313767601136,
        "background": 5.48784949745101
      }
    }
  },
  "generation_tier": "strict_core"
}
