{
  "sample_name": "SmCd2_164",
  "phase_id": "cod_1524583",
  "formula": "SmCd2",
  "space_group": 164,
  "space_group_symbol": "P-3m1",
  "crystal_system": "trigonal",
  "source_origin": "cod",
  "slot": "background",
  "formula_group_id": "Cd2|Sm1::sg::164",
  "descriptor": {
    "phase_id": "cod_1524583",
    "formula": "SmCd2",
    "crystal_system": "trigonal",
    "elements": [
      "Cd",
      "Sm"
    ],
    "density_g_cm3": 8.391724529428368,
    "avg_z": 52.666666666666664,
    "max_z": 62.0,
    "heavy_fraction": 1.0,
    "transition_fraction": 0.6666666666666666,
    "cell_lengths": [
      4.979,
      4.979,
      3.458
    ],
    "cell_angles": [
      90.0,
      90.0,
      120.00000000000001
    ],
    "cell_volume": 74.24032649913276,
    "cell_anisotropy": 1.4398496240601504,
    "anisotropy_index": 0.4398496240601504,
    "theoretical_peak_count": 23,
    "peak_density": 0.27058823529411763,
    "median_gap_deg": 2.913877487182617,
    "crowded_fraction": 0.0,
    "isolated_fraction": 0.8181818181818182,
    "simple_topology": true,
    "preferred_po_axis": [
      0,
      0,
      1
    ],
    "fluorescence_bucket": "moderate",
    "absorption_bucket": "heavy"
  },
  "generation": {
    "theta_min": 5.0,
    "theta_max": 90.0,
    "num_points": 8501,
    "template_rwp_percent": 8.894243026156627,
    "template_peak_window_rwp": 11.562371080606463,
    "template_peak_window_pearson": 0.9970396627337116,
    "synth_params": {
      "ka1": 1.5405929,
      "ka2": 1.5444274,
      "use_tch_profile": true,
      "sigma_scale": 0.915935817612402,
      "kb_ratio": 0.01500880233919089,
      "use_fcj_asymmetry": true,
      "detector_nonlinearity": 0.0,
      "use_ka2": true,
      "caglioti_u": 0.031390575609021656,
      "kb": 1.39225,
      "caglioti_w": 0.0018448797995058975,
      "detector_deadtime_coeff": 0.0,
      "axial_s_over_l": 0.0012,
      "sigma_min_deg": 0.008,
      "ka2_ratio": 0.48492173130236843,
      "caglioti_v": 0.007351125729718566,
      "sigma_deg": 0.01878969372542678,
      "use_kbeta": true,
      "beam_sample_ratio": 0.05,
      "fluorescence_level": 1.0,
      "muR": 0.04,
      "trns": 0.03,
      "fluorescence_decay": 3.0,
      "lorentz_z": 3.6876415067891553e-06,
      "strain": 0.0001625136266296003,
      "pseudo_voigt_eta": 0.3260482349352064,
      "lorentz_size": 0.0012205433175682045,
      "macro_strain": 0.0003287850493203544,
      "sample_displacement_sr": -0.0005249232506760368,
      "size_nm": 261.94153311445643,
      "delta_deg": -0.00180716943661973,
      "lorentz_strain": 0.01,
      "po_r": 1.0,
      "air_scatter_level": 0.8861378528576019,
      "b3": 0.12983099683487814,
      "scatter_sigma_deg": 3.386481852670044,
      "b4": 0.2149603090671543,
      "scatter_level": 4.133636868095255,
      "compton_level": 0.2291000672335518,
      "holder_scatter_center_deg": 9.886237662115688,
      "a": 1.8294313988971667,
      "holder_scatter_level": 1.4276164006709218,
      "scatter_center_deg": 7.263036254578887,
      "b5": -0.16940598909819246,
      "poisson_counts_max": 2641.7999999999997,
      "air_scatter_floor": 0.026371317916073306,
      "b1": -0.5229649913433729,
      "b0": 4.429602191788569,
      "b2": -0.6458512272522411,
      "holder_scatter_sigma_deg": 7.949166026551394,
      "po_hkl_axis": [
        0.0,
        1.0,
        0.0
      ],
      "final_normalize": true
    },
    "synth_sampling_meta": {
      "family_name": "background",
      "slot": "background",
      "source_family": "opxrd_like",
      "preferred_source_family": "opxrd_like",
      "descriptor": {
        "phase_id": "cod_1524583",
        "formula": "SmCd2",
        "crystal_system": "trigonal",
        "elements": [
          "Cd",
          "Sm"
        ],
        "density_g_cm3": 8.391724529428368,
        "avg_z": 52.666666666666664,
        "max_z": 62.0,
        "heavy_fraction": 1.0,
        "transition_fraction": 0.6666666666666666,
        "cell_lengths": [
          4.979,
          4.979,
          3.458
        ],
        "cell_angles": [
          90.0,
          90.0,
          120.00000000000001
        ],
        "cell_volume": 74.24032649913276,
        "cell_anisotropy": 1.4398496240601504,
        "anisotropy_index": 0.4398496240601504,
        "theoretical_peak_count": 23,
        "peak_density": 0.27058823529411763,
        "median_gap_deg": 2.913877487182617,
        "crowded_fraction": 0.0,
        "isolated_fraction": 0.8181818181818182,
        "simple_topology": true,
        "preferred_po_axis": [
          0,
          0,
          1
        ],
        "fluorescence_bucket": "moderate",
        "absorption_bucket": "heavy"
      },
      "attempt": 1,
      "donor_rows": {
        "instrument": "1191__opxrd_000584__H1_Mg1_O1",
        "chemistry": "0258__rruff_R050373-1__As1_Cu3_S4",
        "microstructure": "0157__rruff_R050137-1__Be2_O4_Si1",
        "orientation": "0016__rruff_R040030-1__C2_Ca1_Mg1_O6",
        "background": "0154__rruff_R050130-1__C1_Ca1_O3"
      },
      "donor_rwp_percent": {
        "instrument": 5.159210709102735,
        "chemistry": 13.402713244316242,
        "microstructure": 25.04239825817296,
        "orientation": 27.23933763789696,
        "background": 10.499124209338653
      },
      "donor_peak_window_rwp": {
        "instrument": 5.48784949745101,
        "chemistry": 13.36610465902315,
        "microstructure": 24.922234468748936,
        "orientation": 14.145313767601136,
        "background": 14.501948057757202
      },
      "selected_sample_code": "1191__opxrd_000584__H1_Mg1_O1",
      "selected_peak_window_rwp": 5.48784949745101,
      "selected_peak_window_pearson": 0.9997162154875435,
      "selected_background_fraction": 0.4602129848480656
    },
    "original_sample_dir": "SmCd2_SG164",
    "original_cif_path": "phase.cif",
    "original_generated_xy_path": "generated.xy",
    "original_generation_params_json": "generation_params.json",
    "original_generation_quality_json": "generation_quality.json"
  },
  "quality": {
    "note": "These are theory-vs-generated synthetic quality indicators plus donor-template quality provenance. They are not Rietveld fit-to-experiment outputs.",
    "theory_vs_generated": {
      "profile_pearson": 0.8793325816317076,
      "profile_cosine": 0.871569588906118,
      "rmse": 2.602432821339718,
      "mae": 1.1028171831194455,
      "background_fraction_generated": 4.950243134850242,
      "top_peak_count_used": 20,
      "top_peak_height_log_mae": 10.186258589872228,
      "top_peak_shift_abs_mean_deg": 0.1863423538208,
      "peak_window_pearson": 0.8708109042720668,
      "peak_window_cosine": 0.8811692484171894
    },
    "donor_template_quality": {
      "selected_sample_code": "1191__opxrd_000584__H1_Mg1_O1",
      "selected_peak_window_rwp": 5.48784949745101,
      "selected_peak_window_pearson": 0.9997162154875435,
      "selected_background_fraction": 0.4602129848480656,
      "donor_rows": {
        "instrument": "1191__opxrd_000584__H1_Mg1_O1",
        "chemistry": "0258__rruff_R050373-1__As1_Cu3_S4",
        "microstructure": "0157__rruff_R050137-1__Be2_O4_Si1",
        "orientation": "0016__rruff_R040030-1__C2_Ca1_Mg1_O6",
        "background": "0154__rruff_R050130-1__C1_Ca1_O3"
      },
      "donor_rwp_percent": {
        "instrument": 5.159210709102735,
        "chemistry": 13.402713244316242,
        "microstructure": 25.04239825817296,
        "orientation": 27.23933763789696,
        "background": 10.499124209338653
      },
      "donor_peak_window_rwp": {
        "instrument": 5.48784949745101,
        "chemistry": 13.36610465902315,
        "microstructure": 24.922234468748936,
        "orientation": 14.145313767601136,
        "background": 14.501948057757202
      }
    }
  },
  "generation_tier": "strict_core"
}
