{
  "sample_name": "BeO_186",
  "phase_id": "mp-2542",
  "formula": "BeO",
  "space_group": 186,
  "space_group_symbol": "P6_3mc",
  "crystal_system": "hexagonal",
  "source_origin": "materials_project",
  "slot": "anchor",
  "formula_group_id": "Be1|O1::sg::186",
  "descriptor": {
    "phase_id": "mp-2542",
    "formula": "BeO",
    "crystal_system": "hexagonal",
    "elements": [
      "Be",
      "O"
    ],
    "density_g_cm3": 3.0194374832060253,
    "avg_z": 6.0,
    "max_z": 8.0,
    "heavy_fraction": 0.0,
    "transition_fraction": 0.0,
    "cell_lengths": [
      2.69427671,
      2.69427671,
      4.37601889
    ],
    "cell_angles": [
      90.0,
      90.0,
      120.00000000000001
    ],
    "cell_volume": 27.510229516258747,
    "cell_anisotropy": 1.624190593994334,
    "anisotropy_index": 0.624190593994334,
    "theoretical_peak_count": 10,
    "peak_density": 0.11764705882352941,
    "median_gap_deg": 3.3125152587890625,
    "crowded_fraction": 0.0,
    "isolated_fraction": 1.0,
    "simple_topology": true,
    "preferred_po_axis": [
      0,
      0,
      1
    ],
    "fluorescence_bucket": "none",
    "absorption_bucket": "light"
  },
  "generation": {
    "theta_min": 5.0,
    "theta_max": 90.0,
    "num_points": 8501,
    "template_rwp_percent": 12.230971149753874,
    "template_peak_window_rwp": 16.61381662608072,
    "template_peak_window_pearson": 0.9948239611051984,
    "synth_params": {
      "ka1": 1.5405929,
      "ka2": 1.5444274,
      "use_tch_profile": true,
      "sigma_scale": 0.7097762439530134,
      "kb_ratio": 0.0,
      "use_fcj_asymmetry": true,
      "detector_nonlinearity": 0.0,
      "use_ka2": true,
      "caglioti_u": 0.014202988898396902,
      "kb": 1.39225,
      "caglioti_w": 0.001188948060207421,
      "detector_deadtime_coeff": 0.0,
      "axial_s_over_l": 0.0012,
      "sigma_min_deg": 0.012102193254282726,
      "ka2_ratio": 0.4850159142430186,
      "caglioti_v": -0.009161033398688678,
      "sigma_deg": 0.01620000219242523,
      "use_kbeta": false,
      "beam_sample_ratio": 0.05,
      "fluorescence_level": 0.0,
      "muR": 0.035,
      "trns": 0.08980818745026542,
      "fluorescence_decay": 3.0,
      "lorentz_z": 0.00011692124277869222,
      "strain": 2.0890460626993178e-05,
      "pseudo_voigt_eta": -0.005038350347928382,
      "lorentz_size": 0.03,
      "macro_strain": 0.0,
      "sample_displacement_sr": -0.000335218198833255,
      "size_nm": 198.3215592988922,
      "delta_deg": -0.009437018111748793,
      "lorentz_strain": 0.0002876675853948984,
      "po_r": 1.0,
      "air_scatter_level": 0.5841124571296695,
      "b3": 0.06477202067221789,
      "scatter_sigma_deg": 8.626581882942178,
      "b4": 0.06528002471603768,
      "scatter_level": 2.252817493722686,
      "compton_level": 0.010043269635365882,
      "holder_scatter_center_deg": 8.733630486426796,
      "a": 2.7860400406715473,
      "holder_scatter_level": 0.9617726180846972,
      "scatter_center_deg": 3.8378658127202927,
      "b5": 2.4817244509620853e-06,
      "poisson_counts_max": 3554.4,
      "air_scatter_floor": 0.023676712864369537,
      "b1": -1.9302030990920167,
      "b0": -1.304914537860174,
      "b2": 1.2713466601275605,
      "holder_scatter_sigma_deg": 1.4457971233688056,
      "po_hkl_axis": [
        0.0,
        1.0,
        0.0
      ],
      "final_normalize": true
    },
    "synth_sampling_meta": {
      "family_name": "anchor",
      "slot": "anchor",
      "source_family": "rruff_like",
      "preferred_source_family": "rruff_like",
      "descriptor": {
        "phase_id": "mp-2542",
        "formula": "BeO",
        "crystal_system": "hexagonal",
        "elements": [
          "Be",
          "O"
        ],
        "density_g_cm3": 3.0194374832060253,
        "avg_z": 6.0,
        "max_z": 8.0,
        "heavy_fraction": 0.0,
        "transition_fraction": 0.0,
        "cell_lengths": [
          2.69427671,
          2.69427671,
          4.37601889
        ],
        "cell_angles": [
          90.0,
          90.0,
          120.00000000000001
        ],
        "cell_volume": 27.510229516258747,
        "cell_anisotropy": 1.624190593994334,
        "anisotropy_index": 0.624190593994334,
        "theoretical_peak_count": 10,
        "peak_density": 0.11764705882352941,
        "median_gap_deg": 3.3125152587890625,
        "crowded_fraction": 0.0,
        "isolated_fraction": 1.0,
        "simple_topology": true,
        "preferred_po_axis": [
          0,
          0,
          1
        ],
        "fluorescence_bucket": "none",
        "absorption_bucket": "light"
      },
      "attempt": 1,
      "donor_rows": {
        "instrument": "0254__rruff_R050369-1__Ca5_F1_O12_P3",
        "chemistry": "0415__rruff_R060150-1__Ca13_F10_H12_O34_Si10",
        "microstructure": "0254__rruff_R050369-1__Ca5_F1_O12_P3",
        "orientation": "0148__rruff_R050121-1__Al2_Be3_O18_Si6",
        "background": "0415__rruff_R060150-1__Ca13_F10_H12_O34_Si10"
      },
      "donor_rwp_percent": {
        "instrument": 13.558574059798776,
        "chemistry": 8.00315190123515,
        "microstructure": 13.558574059798776,
        "orientation": 11.800676499373662,
        "background": 8.00315190123515
      },
      "donor_peak_window_rwp": {
        "instrument": 18.528929065551917,
        "chemistry": 11.357098944708872,
        "microstructure": 18.528929065551917,
        "orientation": 16.67151917078972,
        "background": 11.357098944708872
      },
      "selected_sample_code": "0254__rruff_R050369-1__Ca5_F1_O12_P3",
      "selected_peak_window_rwp": 18.528929065551917,
      "selected_peak_window_pearson": 0.9902351309963979,
      "selected_background_fraction": 0.11764110715388022
    },
    "original_sample_dir": "BeO_SG186",
    "original_cif_path": "phase.cif",
    "original_generated_xy_path": "generated.xy",
    "original_generation_params_json": "generation_params.json",
    "original_generation_quality_json": "generation_quality.json"
  },
  "quality": {
    "note": "These are theory-vs-generated synthetic quality indicators plus donor-template quality provenance. They are not Rietveld fit-to-experiment outputs.",
    "theory_vs_generated": {
      "profile_pearson": 0.7384094383583318,
      "profile_cosine": 0.7433297854453037,
      "rmse": 3.6501969324850543,
      "mae": 0.5482941210721199,
      "background_fraction_generated": -0.23597500081620623,
      "top_peak_count_used": 10,
      "top_peak_height_log_mae": 0.28059205107180735,
      "top_peak_shift_abs_mean_deg": 0.027988540649413807,
      "peak_window_pearson": 0.7895572311918826,
      "peak_window_cosine": 0.8340226218771439
    },
    "donor_template_quality": {
      "selected_sample_code": "0254__rruff_R050369-1__Ca5_F1_O12_P3",
      "selected_peak_window_rwp": 18.528929065551917,
      "selected_peak_window_pearson": 0.9902351309963979,
      "selected_background_fraction": 0.11764110715388022,
      "donor_rows": {
        "instrument": "0254__rruff_R050369-1__Ca5_F1_O12_P3",
        "chemistry": "0415__rruff_R060150-1__Ca13_F10_H12_O34_Si10",
        "microstructure": "0254__rruff_R050369-1__Ca5_F1_O12_P3",
        "orientation": "0148__rruff_R050121-1__Al2_Be3_O18_Si6",
        "background": "0415__rruff_R060150-1__Ca13_F10_H12_O34_Si10"
      },
      "donor_rwp_percent": {
        "instrument": 13.558574059798776,
        "chemistry": 8.00315190123515,
        "microstructure": 13.558574059798776,
        "orientation": 11.800676499373662,
        "background": 8.00315190123515
      },
      "donor_peak_window_rwp": {
        "instrument": 18.528929065551917,
        "chemistry": 11.357098944708872,
        "microstructure": 18.528929065551917,
        "orientation": 16.67151917078972,
        "background": 11.357098944708872
      }
    }
  },
  "generation_tier": "strict_core"
}
