{
  "sample_name": "As_64",
  "phase_id": "mp-158",
  "formula": "As",
  "space_group": 64,
  "space_group_symbol": "Cmce",
  "crystal_system": "orthorhombic",
  "source_origin": "materials_project",
  "slot": "profile",
  "formula_group_id": "As1::sg::64",
  "descriptor": {
    "phase_id": "mp-158",
    "formula": "As",
    "crystal_system": "orthorhombic",
    "elements": [
      "As"
    ],
    "density_g_cm3": 5.049641054631182,
    "avg_z": 33.0,
    "max_z": 33.0,
    "heavy_fraction": 0.0,
    "transition_fraction": 0.0,
    "cell_lengths": [
      3.65188582,
      11.38680115,
      4.73987287
    ],
    "cell_angles": [
      90.0,
      90.0,
      90.0
    ],
    "cell_volume": 197.09954439933298,
    "cell_anisotropy": 3.1180605613786687,
    "anisotropy_index": 2.1180605613786687,
    "theoretical_peak_count": 51,
    "peak_density": 0.6,
    "median_gap_deg": 0.8925762176513672,
    "crowded_fraction": 0.18,
    "isolated_fraction": 0.3,
    "simple_topology": false,
    "preferred_po_axis": [
      0,
      1,
      0
    ],
    "fluorescence_bucket": "none",
    "absorption_bucket": "medium"
  },
  "generation": {
    "theta_min": 5.0,
    "theta_max": 90.0,
    "num_points": 8501,
    "template_rwp_percent": 13.402713244316242,
    "template_peak_window_rwp": 13.36610465902315,
    "template_peak_window_pearson": 0.9814392226643239,
    "synth_params": {
      "ka1": 1.5405929,
      "ka2": 1.5444274,
      "use_tch_profile": true,
      "sigma_scale": 0.915935817612402,
      "kb_ratio": 0.01500880233919089,
      "use_fcj_asymmetry": true,
      "detector_nonlinearity": 0.0,
      "use_ka2": true,
      "caglioti_u": 0.031390575609021656,
      "kb": 1.39225,
      "caglioti_w": 0.0018448797995058975,
      "detector_deadtime_coeff": 0.0,
      "axial_s_over_l": 0.0012,
      "sigma_min_deg": 0.008,
      "ka2_ratio": 0.48492173130236843,
      "caglioti_v": 0.007351125729718566,
      "sigma_deg": 0.019353384537189586,
      "use_kbeta": true,
      "beam_sample_ratio": 0.05,
      "fluorescence_level": 0.0,
      "muR": 0.010640742702009907,
      "trns": 0.08,
      "fluorescence_decay": 3.0,
      "lorentz_z": 0.0003494793788265509,
      "strain": 0.001755533258727417,
      "pseudo_voigt_eta": 0.24288310120542217,
      "lorentz_size": 0.019069637230009522,
      "macro_strain": 0.0002712868795529252,
      "sample_displacement_sr": -0.0006055468525743351,
      "size_nm": 180.02072359253782,
      "delta_deg": -0.016335066137269483,
      "lorentz_strain": 0.012,
      "po_r": 1.0,
      "air_scatter_level": 1e-08,
      "b3": -0.1848624278005454,
      "scatter_sigma_deg": 6.0,
      "b4": 0.20595308036552476,
      "scatter_level": 1e-08,
      "compton_level": 1e-08,
      "holder_scatter_center_deg": 15.0,
      "a": 2.456521703905162,
      "holder_scatter_level": 1e-08,
      "scatter_center_deg": 15.0,
      "b5": -1.0196444166448001e-06,
      "poisson_counts_max": 3486.5,
      "air_scatter_floor": 0.05,
      "b1": -4.44554467722384,
      "b0": 21.288767814184258,
      "b2": -1.9952642435986017,
      "holder_scatter_sigma_deg": 4.0,
      "po_hkl_axis": [
        0.0,
        0.0,
        1.0
      ],
      "final_normalize": true
    },
    "synth_sampling_meta": {
      "family_name": "profile",
      "slot": "profile",
      "source_family": "opxrd_like",
      "preferred_source_family": "opxrd_like",
      "descriptor": {
        "phase_id": "mp-158",
        "formula": "As",
        "crystal_system": "orthorhombic",
        "elements": [
          "As"
        ],
        "density_g_cm3": 5.049641054631182,
        "avg_z": 33.0,
        "max_z": 33.0,
        "heavy_fraction": 0.0,
        "transition_fraction": 0.0,
        "cell_lengths": [
          3.65188582,
          11.38680115,
          4.73987287
        ],
        "cell_angles": [
          90.0,
          90.0,
          90.0
        ],
        "cell_volume": 197.09954439933298,
        "cell_anisotropy": 3.1180605613786687,
        "anisotropy_index": 2.1180605613786687,
        "theoretical_peak_count": 51,
        "peak_density": 0.6,
        "median_gap_deg": 0.8925762176513672,
        "crowded_fraction": 0.18,
        "isolated_fraction": 0.3,
        "simple_topology": false,
        "preferred_po_axis": [
          0,
          1,
          0
        ],
        "fluorescence_bucket": "none",
        "absorption_bucket": "medium"
      },
      "attempt": 1,
      "donor_rows": {
        "instrument": "1191__opxrd_000584__H1_Mg1_O1",
        "chemistry": "0091__rruff_R040183-1__Na2_O4_S1",
        "microstructure": "0005__rruff_R040007-1__O4_S1_Sr1",
        "orientation": "0097__rruff_R050008-1__O4_S1_Sr1",
        "background": "1191__opxrd_000584__H1_Mg1_O1"
      },
      "donor_rwp_percent": {
        "instrument": 5.159210709102735,
        "chemistry": 26.07834482842284,
        "microstructure": 20.116123150491998,
        "orientation": 21.876050617722377,
        "background": 5.159210709102735
      },
      "donor_peak_window_rwp": {
        "instrument": 5.48784949745101,
        "chemistry": 23.02991917058872,
        "microstructure": 19.059785587552092,
        "orientation": 20.027752015008467,
        "background": 5.48784949745101
      },
      "selected_sample_code": "1191__opxrd_000584__H1_Mg1_O1",
      "selected_peak_window_rwp": 5.48784949745101,
      "selected_peak_window_pearson": 0.9997162154875435,
      "selected_background_fraction": 0.5127638626915709
    },
    "original_sample_dir": "As_SG64",
    "original_cif_path": "phase.cif",
    "original_generated_xy_path": "generated.xy",
    "original_generation_params_json": "generation_params.json",
    "original_generation_quality_json": "generation_quality.json"
  },
  "quality": {
    "note": "These are theory-vs-generated synthetic quality indicators plus donor-template quality provenance. They are not Rietveld fit-to-experiment outputs.",
    "theory_vs_generated": {
      "profile_pearson": 0.8540196867847909,
      "profile_cosine": 0.8091301215491088,
      "rmse": 3.8820727388605167,
      "mae": 2.6580319055303474,
      "background_fraction_generated": 6.5509806414703355,
      "top_peak_count_used": 20,
      "top_peak_height_log_mae": 14.95701973737834,
      "top_peak_shift_abs_mean_deg": 0.2577717342376687,
      "peak_window_pearson": 0.8391633464783899,
      "peak_window_cosine": 0.8485709968259604
    },
    "donor_template_quality": {
      "selected_sample_code": "1191__opxrd_000584__H1_Mg1_O1",
      "selected_peak_window_rwp": 5.48784949745101,
      "selected_peak_window_pearson": 0.9997162154875435,
      "selected_background_fraction": 0.5127638626915709,
      "donor_rows": {
        "instrument": "1191__opxrd_000584__H1_Mg1_O1",
        "chemistry": "0091__rruff_R040183-1__Na2_O4_S1",
        "microstructure": "0005__rruff_R040007-1__O4_S1_Sr1",
        "orientation": "0097__rruff_R050008-1__O4_S1_Sr1",
        "background": "1191__opxrd_000584__H1_Mg1_O1"
      },
      "donor_rwp_percent": {
        "instrument": 5.159210709102735,
        "chemistry": 26.07834482842284,
        "microstructure": 20.116123150491998,
        "orientation": 21.876050617722377,
        "background": 5.159210709102735
      },
      "donor_peak_window_rwp": {
        "instrument": 5.48784949745101,
        "chemistry": 23.02991917058872,
        "microstructure": 19.059785587552092,
        "orientation": 20.027752015008467,
        "background": 5.48784949745101
      }
    }
  },
  "generation_tier": "strict_core"
}
