{
  "sample_name": "Be4B_129",
  "phase_id": "mp-27757",
  "formula": "Be4B",
  "space_group": 129,
  "space_group_symbol": "P4/nmm",
  "crystal_system": "tetragonal",
  "source_origin": "materials_project",
  "slot": "anchor",
  "formula_group_id": "B1|Be4::sg::129",
  "descriptor": {
    "phase_id": "mp-27757",
    "formula": "Be4B",
    "crystal_system": "tetragonal",
    "elements": [
      "B",
      "Be"
    ],
    "density_g_cm3": 1.9709409157262543,
    "avg_z": 4.2,
    "max_z": 5.0,
    "heavy_fraction": 0.0,
    "transition_fraction": 0.0,
    "cell_lengths": [
      3.35699684,
      3.35699684,
      7.00653647
    ],
    "cell_angles": [
      90.0,
      90.0,
      90.0
    ],
    "cell_volume": 78.95965676301567,
    "cell_anisotropy": 2.087144195822359,
    "anisotropy_index": 1.087144195822359,
    "theoretical_peak_count": 31,
    "peak_density": 0.36470588235294116,
    "median_gap_deg": 1.6529693603515625,
    "crowded_fraction": 0.06666666666666667,
    "isolated_fraction": 0.6666666666666666,
    "simple_topology": false,
    "preferred_po_axis": [
      0,
      0,
      1
    ],
    "fluorescence_bucket": "none",
    "absorption_bucket": "light"
  },
  "generation": {
    "theta_min": 5.0,
    "theta_max": 90.0,
    "num_points": 8501,
    "template_rwp_percent": 10.402672957057197,
    "template_peak_window_rwp": 14.072753300217883,
    "template_peak_window_pearson": 0.9910622346999242,
    "synth_params": {
      "ka1": 1.5405929,
      "ka2": 1.5444274,
      "use_tch_profile": true,
      "sigma_scale": 0.8805347106198046,
      "kb_ratio": 0.014982047083771436,
      "use_fcj_asymmetry": true,
      "detector_nonlinearity": 0.0,
      "use_ka2": true,
      "caglioti_u": 0.013822224394406626,
      "kb": 1.39225,
      "caglioti_w": 0.000500001708094026,
      "detector_deadtime_coeff": 0.0,
      "axial_s_over_l": 0.0011999999980278867,
      "sigma_min_deg": 0.010876371904527476,
      "ka2_ratio": 0.484876744585052,
      "caglioti_v": -0.007969508602996948,
      "sigma_deg": 0.012504884538093371,
      "use_kbeta": true,
      "beam_sample_ratio": 0.1997843142136801,
      "fluorescence_level": 0.0,
      "muR": 0.035,
      "trns": 0.08999756937291836,
      "fluorescence_decay": 3.0,
      "lorentz_z": 9.999931380289409e-09,
      "strain": 0.0004667909607517644,
      "pseudo_voigt_eta": 0.016775997756262973,
      "lorentz_size": 0.03,
      "macro_strain": 0.0,
      "sample_displacement_sr": -0.0006160756468993549,
      "size_nm": 234.28401912737408,
      "delta_deg": -0.009630389138422917,
      "lorentz_strain": 0.008,
      "po_r": 1.0,
      "air_scatter_level": 5.5000000000000004e-09,
      "b3": -1.429575915200572e-07,
      "scatter_sigma_deg": 6.0,
      "b4": 4.551041246111535e-07,
      "scatter_level": 5.5000000000000004e-09,
      "compton_level": 5.5000000000000004e-09,
      "holder_scatter_center_deg": 15.0,
      "a": 0.639202688928806,
      "holder_scatter_level": 5.5000000000000004e-09,
      "scatter_center_deg": 15.0,
      "b5": 3.9742261840428897e-07,
      "poisson_counts_max": 2204.4,
      "air_scatter_floor": 0.05,
      "b1": -1.3500830629349507,
      "b0": 3.087688618646331,
      "b2": 0.6742610756466367,
      "holder_scatter_sigma_deg": 4.0,
      "po_hkl_axis": [
        0.0,
        1.0,
        0.0
      ],
      "final_normalize": true
    },
    "synth_sampling_meta": {
      "family_name": "anchor",
      "slot": "anchor",
      "source_family": "rruff_like",
      "preferred_source_family": "rruff_like",
      "descriptor": {
        "phase_id": "mp-27757",
        "formula": "Be4B",
        "crystal_system": "tetragonal",
        "elements": [
          "B",
          "Be"
        ],
        "density_g_cm3": 1.9709409157262543,
        "avg_z": 4.2,
        "max_z": 5.0,
        "heavy_fraction": 0.0,
        "transition_fraction": 0.0,
        "cell_lengths": [
          3.35699684,
          3.35699684,
          7.00653647
        ],
        "cell_angles": [
          90.0,
          90.0,
          90.0
        ],
        "cell_volume": 78.95965676301567,
        "cell_anisotropy": 2.087144195822359,
        "anisotropy_index": 1.087144195822359,
        "theoretical_peak_count": 31,
        "peak_density": 0.36470588235294116,
        "median_gap_deg": 1.6529693603515625,
        "crowded_fraction": 0.06666666666666667,
        "isolated_fraction": 0.6666666666666666,
        "simple_topology": false,
        "preferred_po_axis": [
          0,
          0,
          1
        ],
        "fluorescence_bucket": "none",
        "absorption_bucket": "light"
      },
      "attempt": 1,
      "donor_rows": {
        "instrument": "0415__rruff_R060150-1__Ca13_F10_H12_O34_Si10",
        "chemistry": "0144__rruff_R050115-1__Ca1_F2",
        "microstructure": "0040__rruff_R040072-1__O2_Sn1",
        "orientation": "0040__rruff_R040072-1__O2_Sn1",
        "background": "0114__rruff_R050046-1__Ca1_F2"
      },
      "donor_rwp_percent": {
        "instrument": 8.00315190123515,
        "chemistry": 10.8136128591309,
        "microstructure": 8.949317208747097,
        "orientation": 8.949317208747097,
        "background": 9.726468019402185
      },
      "donor_peak_window_rwp": {
        "instrument": 11.357098944708872,
        "chemistry": 14.273780930421212,
        "microstructure": 10.251782402398721,
        "orientation": 10.251782402398721,
        "background": 13.19345430738523
      },
      "selected_sample_code": "0415__rruff_R060150-1__Ca13_F10_H12_O34_Si10",
      "selected_peak_window_rwp": 11.357098944708872,
      "selected_peak_window_pearson": 0.9958883322196659,
      "selected_background_fraction": 0.2967336936952244
    },
    "original_sample_dir": "Be4B_SG129",
    "original_cif_path": "phase.cif",
    "original_generated_xy_path": "generated.xy",
    "original_generation_params_json": "generation_params.json",
    "original_generation_quality_json": "generation_quality.json"
  },
  "quality": {
    "note": "These are theory-vs-generated synthetic quality indicators plus donor-template quality provenance. They are not Rietveld fit-to-experiment outputs.",
    "theory_vs_generated": {
      "profile_pearson": 0.8029304639567648,
      "profile_cosine": 0.7986269069588308,
      "rmse": 3.1548612685946784,
      "mae": 1.1821816432161538,
      "background_fraction_generated": 1.8846785999093818,
      "top_peak_count_used": 20,
      "top_peak_height_log_mae": 1.6931728865954714,
      "top_peak_shift_abs_mean_deg": 0.08113612747192515,
      "peak_window_pearson": 0.7854202277060448,
      "peak_window_cosine": 0.8085536501969559
    },
    "donor_template_quality": {
      "selected_sample_code": "0415__rruff_R060150-1__Ca13_F10_H12_O34_Si10",
      "selected_peak_window_rwp": 11.357098944708872,
      "selected_peak_window_pearson": 0.9958883322196659,
      "selected_background_fraction": 0.2967336936952244,
      "donor_rows": {
        "instrument": "0415__rruff_R060150-1__Ca13_F10_H12_O34_Si10",
        "chemistry": "0144__rruff_R050115-1__Ca1_F2",
        "microstructure": "0040__rruff_R040072-1__O2_Sn1",
        "orientation": "0040__rruff_R040072-1__O2_Sn1",
        "background": "0114__rruff_R050046-1__Ca1_F2"
      },
      "donor_rwp_percent": {
        "instrument": 8.00315190123515,
        "chemistry": 10.8136128591309,
        "microstructure": 8.949317208747097,
        "orientation": 8.949317208747097,
        "background": 9.726468019402185
      },
      "donor_peak_window_rwp": {
        "instrument": 11.357098944708872,
        "chemistry": 14.273780930421212,
        "microstructure": 10.251782402398721,
        "orientation": 10.251782402398721,
        "background": 13.19345430738523
      }
    }
  },
  "generation_tier": "strict_core"
}
