{
  "sample_name": "Se_152",
  "phase_id": "mp-14",
  "formula": "Se",
  "space_group": 152,
  "space_group_symbol": "P3_121",
  "crystal_system": "trigonal",
  "source_origin": "materials_project",
  "slot": "anchor",
  "formula_group_id": "Se1::sg::152",
  "descriptor": {
    "phase_id": "mp-14",
    "formula": "Se",
    "crystal_system": "trigonal",
    "elements": [
      "Se"
    ],
    "density_g_cm3": 4.495391095307337,
    "avg_z": 34.0,
    "max_z": 34.0,
    "heavy_fraction": 0.0,
    "transition_fraction": 0.0,
    "cell_lengths": [
      4.5048207,
      4.5048207,
      4.97879632
    ],
    "cell_angles": [
      90.0,
      90.0,
      119.99999999999999
    ],
    "cell_volume": 87.50039458332766,
    "cell_anisotropy": 1.1052152020168085,
    "anisotropy_index": 0.10521520201680845,
    "theoretical_peak_count": 23,
    "peak_density": 0.27058823529411763,
    "median_gap_deg": 2.435657501220703,
    "crowded_fraction": 0.045454545454545456,
    "isolated_fraction": 0.7272727272727273,
    "simple_topology": true,
    "preferred_po_axis": [
      0,
      0,
      1
    ],
    "fluorescence_bucket": "none",
    "absorption_bucket": "medium"
  },
  "generation": {
    "theta_min": 5.0,
    "theta_max": 90.0,
    "num_points": 8501,
    "template_rwp_percent": 10.499124209338653,
    "template_peak_window_rwp": 14.501948057757202,
    "template_peak_window_pearson": 0.9910612006867483,
    "synth_params": {
      "ka1": 1.5405929,
      "ka2": 1.5444274,
      "use_tch_profile": true,
      "sigma_scale": 0.9733895392104909,
      "kb_ratio": 0.0,
      "use_fcj_asymmetry": true,
      "detector_nonlinearity": 0.0,
      "use_ka2": true,
      "caglioti_u": 0.017265878882835557,
      "kb": 1.39225,
      "caglioti_w": 0.001558007918238464,
      "detector_deadtime_coeff": 0.0,
      "axial_s_over_l": 0.0012,
      "sigma_min_deg": 0.020323126576927676,
      "ka2_ratio": 0.4850000000773525,
      "caglioti_v": -0.00592142597999106,
      "sigma_deg": 0.010906953052344555,
      "use_kbeta": false,
      "beam_sample_ratio": 0.05,
      "fluorescence_level": 0.0,
      "muR": 0.01,
      "trns": 0.0,
      "fluorescence_decay": 3.0,
      "lorentz_z": 9.318430809310919e-05,
      "strain": 0.0010045100078755105,
      "pseudo_voigt_eta": -0.04963378431564783,
      "lorentz_size": 0.03,
      "macro_strain": 0.0,
      "sample_displacement_sr": -0.0002,
      "size_nm": 206.22549848414644,
      "delta_deg": -0.01,
      "lorentz_strain": 0.000648020609381769,
      "po_r": 1.0,
      "air_scatter_level": 5.5e-09,
      "b3": -0.1755067322841092,
      "scatter_sigma_deg": 5.999999999999611,
      "b4": 0.17868298723793835,
      "scatter_level": 5.5000000000000004e-09,
      "compton_level": 2.8394658372251715e-05,
      "holder_scatter_center_deg": 15.0,
      "a": 1.196117088343281,
      "holder_scatter_level": 5.500000035593745e-09,
      "scatter_center_deg": 14.999999999998556,
      "b5": 0.1394352857747536,
      "poisson_counts_max": 1800.0,
      "air_scatter_floor": 0.05000000000050871,
      "b1": -1.4872622355899847,
      "b0": 3.1830981436792447,
      "b2": 0.8856460116469855,
      "holder_scatter_sigma_deg": 4.000000000000357,
      "po_hkl_axis": [
        0.0,
        1.0,
        0.0
      ],
      "final_normalize": true
    },
    "synth_sampling_meta": {
      "family_name": "anchor",
      "slot": "anchor",
      "source_family": "rruff_like",
      "preferred_source_family": "rruff_like",
      "descriptor": {
        "phase_id": "mp-14",
        "formula": "Se",
        "crystal_system": "trigonal",
        "elements": [
          "Se"
        ],
        "density_g_cm3": 4.495391095307337,
        "avg_z": 34.0,
        "max_z": 34.0,
        "heavy_fraction": 0.0,
        "transition_fraction": 0.0,
        "cell_lengths": [
          4.5048207,
          4.5048207,
          4.97879632
        ],
        "cell_angles": [
          90.0,
          90.0,
          119.99999999999999
        ],
        "cell_volume": 87.50039458332766,
        "cell_anisotropy": 1.1052152020168085,
        "anisotropy_index": 0.10521520201680845,
        "theoretical_peak_count": 23,
        "peak_density": 0.27058823529411763,
        "median_gap_deg": 2.435657501220703,
        "crowded_fraction": 0.045454545454545456,
        "isolated_fraction": 0.7272727272727273,
        "simple_topology": true,
        "preferred_po_axis": [
          0,
          0,
          1
        ],
        "fluorescence_bucket": "none",
        "absorption_bucket": "medium"
      },
      "attempt": 1,
      "donor_rows": {
        "instrument": "0154__rruff_R050130-1__C1_Ca1_O3",
        "chemistry": "0098__rruff_R050009-1__C1_Ca1_O3",
        "microstructure": "0098__rruff_R050009-1__C1_Ca1_O3",
        "orientation": "0415__rruff_R060150-1__Ca13_F10_H12_O34_Si10",
        "background": "0113__rruff_R050045-1__Ca1_F2"
      },
      "donor_rwp_percent": {
        "instrument": 10.499124209338653,
        "chemistry": 10.473963597060688,
        "microstructure": 10.473963597060688,
        "orientation": 8.00315190123515,
        "background": 10.345769455766266
      },
      "donor_peak_window_rwp": {
        "instrument": 14.501948057757202,
        "chemistry": 13.939634579044661,
        "microstructure": 13.939634579044661,
        "orientation": 11.357098944708872,
        "background": 11.85177861797737
      },
      "selected_sample_code": "0154__rruff_R050130-1__C1_Ca1_O3",
      "selected_peak_window_rwp": 14.501948057757202,
      "selected_peak_window_pearson": 0.9910612006867483,
      "selected_background_fraction": 0.33176687476325667
    },
    "original_sample_dir": "Se_SG152",
    "original_cif_path": "phase.cif",
    "original_generated_xy_path": "generated.xy",
    "original_generation_params_json": "generation_params.json",
    "original_generation_quality_json": "generation_quality.json"
  },
  "quality": {
    "note": "These are theory-vs-generated synthetic quality indicators plus donor-template quality provenance. They are not Rietveld fit-to-experiment outputs.",
    "theory_vs_generated": {
      "profile_pearson": 0.9563346666904704,
      "profile_cosine": 0.9508550733198257,
      "rmse": 1.5502958861157266,
      "mae": 0.74825825318423,
      "background_fraction_generated": 2.2469902511494397,
      "top_peak_count_used": 20,
      "top_peak_height_log_mae": 0.6678080168632989,
      "top_peak_shift_abs_mean_deg": 0.07736763381958003,
      "peak_window_pearson": 0.9547091362990997,
      "peak_window_cosine": 0.9552922494431679
    },
    "donor_template_quality": {
      "selected_sample_code": "0154__rruff_R050130-1__C1_Ca1_O3",
      "selected_peak_window_rwp": 14.501948057757202,
      "selected_peak_window_pearson": 0.9910612006867483,
      "selected_background_fraction": 0.33176687476325667,
      "donor_rows": {
        "instrument": "0154__rruff_R050130-1__C1_Ca1_O3",
        "chemistry": "0098__rruff_R050009-1__C1_Ca1_O3",
        "microstructure": "0098__rruff_R050009-1__C1_Ca1_O3",
        "orientation": "0415__rruff_R060150-1__Ca13_F10_H12_O34_Si10",
        "background": "0113__rruff_R050045-1__Ca1_F2"
      },
      "donor_rwp_percent": {
        "instrument": 10.499124209338653,
        "chemistry": 10.473963597060688,
        "microstructure": 10.473963597060688,
        "orientation": 8.00315190123515,
        "background": 10.345769455766266
      },
      "donor_peak_window_rwp": {
        "instrument": 14.501948057757202,
        "chemistry": 13.939634579044661,
        "microstructure": 13.939634579044661,
        "orientation": 11.357098944708872,
        "background": 11.85177861797737
      }
    }
  },
  "generation_tier": "strict_core"
}
