{
  "sample_name": "Ba_229",
  "phase_id": "mp-122",
  "formula": "Ba",
  "space_group": 229,
  "space_group_symbol": "Im-3m",
  "crystal_system": "cubic",
  "source_origin": "materials_project",
  "slot": "background",
  "formula_group_id": "Ba1::sg::229",
  "descriptor": {
    "phase_id": "mp-122",
    "formula": "Ba",
    "crystal_system": "cubic",
    "elements": [
      "Ba"
    ],
    "density_g_cm3": 7.016616613725261,
    "avg_z": 56.0,
    "max_z": 56.0,
    "heavy_fraction": 1.0,
    "transition_fraction": 0.0,
    "cell_lengths": [
      4.38584603,
      4.38584603,
      7.19004518
    ],
    "cell_angles": [
      90.0,
      90.0,
      109.95896744000001
    ],
    "cell_volume": 129.99818075937742,
    "cell_anisotropy": 1.6393747365545344,
    "anisotropy_index": 0.6393747365545344,
    "theoretical_peak_count": 37,
    "peak_density": 0.43529411764705883,
    "median_gap_deg": 0.181488037109375,
    "crowded_fraction": 0.6111111111111112,
    "isolated_fraction": 0.25,
    "simple_topology": false,
    "preferred_po_axis": [
      0,
      0,
      1
    ],
    "fluorescence_bucket": "moderate",
    "absorption_bucket": "heavy"
  },
  "generation": {
    "theta_min": 5.0,
    "theta_max": 90.0,
    "num_points": 8501,
    "template_rwp_percent": 10.768191488948645,
    "template_peak_window_rwp": 15.790698905860124,
    "template_peak_window_pearson": 0.9939831093215756,
    "synth_params": {
      "ka1": 1.5405929,
      "ka2": 1.5444274,
      "use_tch_profile": true,
      "sigma_scale": 0.915935817612402,
      "kb_ratio": 0.01500880233919089,
      "use_fcj_asymmetry": true,
      "detector_nonlinearity": 0.0,
      "use_ka2": true,
      "caglioti_u": 0.031390575609021656,
      "kb": 1.39225,
      "caglioti_w": 0.0018448797995058975,
      "detector_deadtime_coeff": 0.0,
      "axial_s_over_l": 0.0012,
      "sigma_min_deg": 0.008,
      "ka2_ratio": 0.48492173130236843,
      "caglioti_v": 0.007351125729718566,
      "sigma_deg": 0.01878969372542678,
      "use_kbeta": true,
      "beam_sample_ratio": 0.05,
      "fluorescence_level": 1.0,
      "muR": 0.04793080224635921,
      "trns": 0.03,
      "fluorescence_decay": 2.999999996363511,
      "lorentz_z": 0.0002852591022493662,
      "strain": 6.179683030770121e-08,
      "pseudo_voigt_eta": -0.04397998529906312,
      "lorentz_size": 0.00033605931717867513,
      "macro_strain": 0.0007963612901985812,
      "sample_displacement_sr": 0.00019767666757242706,
      "size_nm": 180.0,
      "delta_deg": 0.04987454981535714,
      "lorentz_strain": 0.00028177361056344353,
      "po_r": 1.0,
      "air_scatter_level": 0.0699409243167614,
      "b3": 0.2867560980286222,
      "scatter_sigma_deg": 2.4032796574175057,
      "b4": 0.0724132652676619,
      "scatter_level": 1.2,
      "compton_level": 0.3373117747484129,
      "holder_scatter_center_deg": 5.59236850449496,
      "a": 1.0,
      "holder_scatter_level": 0.4253962331563511,
      "scatter_center_deg": 12.576372474115276,
      "b5": 0.11107137416839634,
      "poisson_counts_max": 900.0,
      "air_scatter_floor": 0.3489504647724788,
      "b1": -1.0907857618693582,
      "b0": 7.411490744712526,
      "b2": -0.040521856813679515,
      "holder_scatter_sigma_deg": 3.6823886828917276,
      "po_hkl_axis": [
        0.0,
        1.0,
        0.0
      ],
      "final_normalize": true
    },
    "synth_sampling_meta": {
      "family_name": "background",
      "slot": "background",
      "source_family": "opxrd_like",
      "preferred_source_family": "opxrd_like",
      "descriptor": {
        "phase_id": "mp-122",
        "formula": "Ba",
        "crystal_system": "cubic",
        "elements": [
          "Ba"
        ],
        "density_g_cm3": 7.016616613725261,
        "avg_z": 56.0,
        "max_z": 56.0,
        "heavy_fraction": 1.0,
        "transition_fraction": 0.0,
        "cell_lengths": [
          4.38584603,
          4.38584603,
          7.19004518
        ],
        "cell_angles": [
          90.0,
          90.0,
          109.95896744000001
        ],
        "cell_volume": 129.99818075937742,
        "cell_anisotropy": 1.6393747365545344,
        "anisotropy_index": 0.6393747365545344,
        "theoretical_peak_count": 37,
        "peak_density": 0.43529411764705883,
        "median_gap_deg": 0.181488037109375,
        "crowded_fraction": 0.6111111111111112,
        "isolated_fraction": 0.25,
        "simple_topology": false,
        "preferred_po_axis": [
          0,
          0,
          1
        ],
        "fluorescence_bucket": "moderate",
        "absorption_bucket": "heavy"
      },
      "attempt": 1,
      "donor_rows": {
        "instrument": "1191__opxrd_000584__H1_Mg1_O1",
        "chemistry": "0116__rruff_R050052-1__O4_Pb1_S1",
        "microstructure": "0080__rruff_R040168-1__Al2_Fe3_O12_Si3",
        "orientation": "0577__rruff_R070325-1__Pb1_S1",
        "background": "0416__rruff_R060151-1__Ca2_Nb2_O7"
      },
      "donor_rwp_percent": {
        "instrument": 5.159210709102735,
        "chemistry": 22.335820608816555,
        "microstructure": 9.54789840237016,
        "orientation": 25.4358314883228,
        "background": 10.768191488948645
      },
      "donor_peak_window_rwp": {
        "instrument": 5.48784949745101,
        "chemistry": 20.345268965436535,
        "microstructure": 9.416748231634234,
        "orientation": 22.725990793938916,
        "background": 15.790698905860124
      },
      "selected_sample_code": "1191__opxrd_000584__H1_Mg1_O1",
      "selected_peak_window_rwp": 5.48784949745101,
      "selected_peak_window_pearson": 0.9997162154875435,
      "selected_background_fraction": 0.5803735966783352
    },
    "original_sample_dir": "Ba_SG229",
    "original_cif_path": "phase.cif",
    "original_generated_xy_path": "generated.xy",
    "original_generation_params_json": "generation_params.json",
    "original_generation_quality_json": "generation_quality.json"
  },
  "quality": {
    "note": "These are theory-vs-generated synthetic quality indicators plus donor-template quality provenance. They are not Rietveld fit-to-experiment outputs.",
    "theory_vs_generated": {
      "profile_pearson": 0.9827590201687494,
      "profile_cosine": 0.9571254242984487,
      "rmse": 1.4079787290329489,
      "mae": 1.147477770936538,
      "background_fraction_generated": 4.914027561557144,
      "top_peak_count_used": 20,
      "top_peak_height_log_mae": 0.5455187326646989,
      "top_peak_shift_abs_mean_deg": 0.10362870407104534,
      "peak_window_pearson": 0.9865682576358067,
      "peak_window_cosine": 0.9822482975388207
    },
    "donor_template_quality": {
      "selected_sample_code": "1191__opxrd_000584__H1_Mg1_O1",
      "selected_peak_window_rwp": 5.48784949745101,
      "selected_peak_window_pearson": 0.9997162154875435,
      "selected_background_fraction": 0.5803735966783352,
      "donor_rows": {
        "instrument": "1191__opxrd_000584__H1_Mg1_O1",
        "chemistry": "0116__rruff_R050052-1__O4_Pb1_S1",
        "microstructure": "0080__rruff_R040168-1__Al2_Fe3_O12_Si3",
        "orientation": "0577__rruff_R070325-1__Pb1_S1",
        "background": "0416__rruff_R060151-1__Ca2_Nb2_O7"
      },
      "donor_rwp_percent": {
        "instrument": 5.159210709102735,
        "chemistry": 22.335820608816555,
        "microstructure": 9.54789840237016,
        "orientation": 25.4358314883228,
        "background": 10.768191488948645
      },
      "donor_peak_window_rwp": {
        "instrument": 5.48784949745101,
        "chemistry": 20.345268965436535,
        "microstructure": 9.416748231634234,
        "orientation": 22.725990793938916,
        "background": 15.790698905860124
      }
    }
  },
  "generation_tier": "strict_core"
}
