{
  "sample_name": "H2O_148",
  "phase_id": "mp-24043",
  "formula": "H2O",
  "space_group": 148,
  "space_group_symbol": "R-3",
  "crystal_system": "trigonal",
  "source_origin": "materials_project",
  "slot": "profile",
  "formula_group_id": "H2|O1::sg::148",
  "descriptor": {
    "phase_id": "mp-24043",
    "formula": "H2O",
    "crystal_system": "trigonal",
    "elements": [
      "H",
      "O"
    ],
    "density_g_cm3": 1.3210905088301652,
    "avg_z": 3.3333333333333335,
    "max_z": 8.0,
    "heavy_fraction": 0.0,
    "transition_fraction": 0.0,
    "cell_lengths": [
      12.4716006,
      12.4716006,
      6.05180635
    ],
    "cell_angles": [
      90.0,
      90.0,
      119.99999999999999
    ],
    "cell_volume": 815.1922512446414,
    "cell_anisotropy": 2.060806291331513,
    "anisotropy_index": 1.060806291331513,
    "theoretical_peak_count": 79,
    "peak_density": 0.9294117647058824,
    "median_gap_deg": 0.5930213928222656,
    "crowded_fraction": 0.358974358974359,
    "isolated_fraction": 0.3076923076923077,
    "simple_topology": false,
    "preferred_po_axis": [
      0,
      0,
      1
    ],
    "fluorescence_bucket": "none",
    "absorption_bucket": "light"
  },
  "generation": {
    "theta_min": 5.0,
    "theta_max": 90.0,
    "num_points": 8501,
    "template_rwp_percent": 27.08433368266328,
    "template_peak_window_rwp": 13.745715758604918,
    "template_peak_window_pearson": 0.9972437717636932,
    "synth_params": {
      "ka1": 1.5405929,
      "ka2": 1.5444274,
      "use_tch_profile": true,
      "sigma_scale": 0.915935817612402,
      "kb_ratio": 0.01500880233919089,
      "use_fcj_asymmetry": true,
      "detector_nonlinearity": 0.0,
      "use_ka2": true,
      "caglioti_u": 0.031390575609021656,
      "kb": 1.39225,
      "caglioti_w": 0.0018448797995058975,
      "detector_deadtime_coeff": 0.0,
      "axial_s_over_l": 0.0012,
      "sigma_min_deg": 0.008,
      "ka2_ratio": 0.48492173130236843,
      "caglioti_v": 0.007351125729718566,
      "sigma_deg": 0.019353384537189586,
      "use_kbeta": true,
      "beam_sample_ratio": 0.05,
      "fluorescence_level": 0.0,
      "muR": 0.0,
      "trns": 0.0,
      "fluorescence_decay": 3.0,
      "lorentz_z": 0.014473165627292143,
      "strain": 0.000579747929110386,
      "pseudo_voigt_eta": -0.04996940622818023,
      "lorentz_size": 0.00011488281367624397,
      "macro_strain": 0.0,
      "sample_displacement_sr": -0.00020000257415803656,
      "size_nm": 180.0,
      "delta_deg": -0.010000658332223796,
      "lorentz_strain": 0.00014177554357049798,
      "po_r": 1.0,
      "air_scatter_level": 2.5713685049682047,
      "b3": 0.131822212950664,
      "scatter_sigma_deg": 8.164588744645966,
      "b4": 0.47136977703259,
      "scatter_level": 0.1620157148192672,
      "compton_level": 0.9055471748523348,
      "holder_scatter_center_deg": 9.092422351688583,
      "a": 1.5910181007450837,
      "holder_scatter_level": 0.36058021299606424,
      "scatter_center_deg": 5.409510339587221,
      "b5": -0.6213851729507031,
      "poisson_counts_max": 3453.25,
      "air_scatter_floor": 0.10898812675762802,
      "b1": 0.06967746317460986,
      "b0": 9.272668067947018,
      "b2": -1.0419314037805136,
      "holder_scatter_sigma_deg": 7.840182688270039,
      "po_hkl_axis": [
        0.0,
        1.0,
        0.0
      ],
      "final_normalize": true
    },
    "synth_sampling_meta": {
      "family_name": "profile",
      "slot": "profile",
      "source_family": "opxrd_like",
      "preferred_source_family": "opxrd_like",
      "descriptor": {
        "phase_id": "mp-24043",
        "formula": "H2O",
        "crystal_system": "trigonal",
        "elements": [
          "H",
          "O"
        ],
        "density_g_cm3": 1.3210905088301652,
        "avg_z": 3.3333333333333335,
        "max_z": 8.0,
        "heavy_fraction": 0.0,
        "transition_fraction": 0.0,
        "cell_lengths": [
          12.4716006,
          12.4716006,
          6.05180635
        ],
        "cell_angles": [
          90.0,
          90.0,
          119.99999999999999
        ],
        "cell_volume": 815.1922512446414,
        "cell_anisotropy": 2.060806291331513,
        "anisotropy_index": 1.060806291331513,
        "theoretical_peak_count": 79,
        "peak_density": 0.9294117647058824,
        "median_gap_deg": 0.5930213928222656,
        "crowded_fraction": 0.358974358974359,
        "isolated_fraction": 0.3076923076923077,
        "simple_topology": false,
        "preferred_po_axis": [
          0,
          0,
          1
        ],
        "fluorescence_bucket": "none",
        "absorption_bucket": "light"
      },
      "attempt": 1,
      "donor_rows": {
        "instrument": "1191__opxrd_000584__H1_Mg1_O1",
        "chemistry": "0152__rruff_R050128-1__C1_Ca1_O3",
        "microstructure": "0154__rruff_R050130-1__C1_Ca1_O3",
        "orientation": "0066__rruff_R040126-1__C4_Ca1_Mg3_O12",
        "background": "0016__rruff_R040030-1__C2_Ca1_Mg1_O6"
      },
      "donor_rwp_percent": {
        "instrument": 5.159210709102735,
        "chemistry": 10.060210456264361,
        "microstructure": 10.499124209338653,
        "orientation": 8.894243026156627,
        "background": 27.23933763789696
      },
      "donor_peak_window_rwp": {
        "instrument": 5.48784949745101,
        "chemistry": 12.829743047113176,
        "microstructure": 14.501948057757202,
        "orientation": 11.562371080606463,
        "background": 14.145313767601136
      },
      "selected_sample_code": "1191__opxrd_000584__H1_Mg1_O1",
      "selected_peak_window_rwp": 5.48784949745101,
      "selected_peak_window_pearson": 0.9997162154875435,
      "selected_background_fraction": 0.5302922580835425
    },
    "original_sample_dir": "H2O_SG148",
    "original_cif_path": "phase.cif",
    "original_generated_xy_path": "generated.xy",
    "original_generation_params_json": "generation_params.json",
    "original_generation_quality_json": "generation_quality.json"
  },
  "quality": {
    "note": "These are theory-vs-generated synthetic quality indicators plus donor-template quality provenance. They are not Rietveld fit-to-experiment outputs.",
    "theory_vs_generated": {
      "profile_pearson": 0.963242468097481,
      "profile_cosine": 0.9418360351107156,
      "rmse": 3.3333055138216356,
      "mae": 2.341651526685437,
      "background_fraction_generated": 4.18394462566108,
      "top_peak_count_used": 20,
      "top_peak_height_log_mae": 8.880702920936436,
      "top_peak_shift_abs_mean_deg": 0.15506594848632743,
      "peak_window_pearson": 0.963056184925037,
      "peak_window_cosine": 0.9587672444696196
    },
    "donor_template_quality": {
      "selected_sample_code": "1191__opxrd_000584__H1_Mg1_O1",
      "selected_peak_window_rwp": 5.48784949745101,
      "selected_peak_window_pearson": 0.9997162154875435,
      "selected_background_fraction": 0.5302922580835425,
      "donor_rows": {
        "instrument": "1191__opxrd_000584__H1_Mg1_O1",
        "chemistry": "0152__rruff_R050128-1__C1_Ca1_O3",
        "microstructure": "0154__rruff_R050130-1__C1_Ca1_O3",
        "orientation": "0066__rruff_R040126-1__C4_Ca1_Mg3_O12",
        "background": "0016__rruff_R040030-1__C2_Ca1_Mg1_O6"
      },
      "donor_rwp_percent": {
        "instrument": 5.159210709102735,
        "chemistry": 10.060210456264361,
        "microstructure": 10.499124209338653,
        "orientation": 8.894243026156627,
        "background": 27.23933763789696
      },
      "donor_peak_window_rwp": {
        "instrument": 5.48784949745101,
        "chemistry": 12.829743047113176,
        "microstructure": 14.501948057757202,
        "orientation": 11.562371080606463,
        "background": 14.145313767601136
      }
    }
  },
  "generation_tier": "strict_core"
}
