{
  "sample_name": "MgSiO3_9",
  "phase_id": "cod_9002929",
  "formula": "MgSiO3",
  "space_group": 9,
  "space_group_symbol": "Cc",
  "crystal_system": "monoclinic",
  "source_origin": "cod",
  "slot": "anchor",
  "formula_group_id": "Mg1|O3|Si1::sg::9",
  "descriptor": {
    "phase_id": "cod_9002929",
    "formula": "MgSiO3",
    "crystal_system": "monoclinic",
    "elements": [
      "Mg",
      "O",
      "Si"
    ],
    "density_g_cm3": 9.822853884197954,
    "avg_z": 10.0,
    "max_z": 14.0,
    "heavy_fraction": 0.0,
    "transition_fraction": 0.0,
    "cell_lengths": [
      19.89974874,
      6.0,
      3.46410162
    ],
    "cell_angles": [
      90.0,
      100.02498786,
      90.0
    ],
    "cell_volume": 407.2935064940964,
    "cell_anisotropy": 5.744562637859336,
    "anisotropy_index": 4.744562637859336,
    "theoretical_peak_count": 48,
    "peak_density": 0.5647058823529412,
    "median_gap_deg": 1.242340087890625,
    "crowded_fraction": 0.14893617021276595,
    "isolated_fraction": 0.5319148936170213,
    "simple_topology": false,
    "preferred_po_axis": [
      1,
      0,
      0
    ],
    "fluorescence_bucket": "none",
    "absorption_bucket": "medium"
  },
  "generation": {
    "theta_min": 5.0,
    "theta_max": 90.0,
    "num_points": 8501,
    "template_rwp_percent": 8.21525338400341,
    "template_peak_window_rwp": 10.183805736992447,
    "template_peak_window_pearson": 0.996386289021188,
    "synth_params": {
      "ka1": 1.5405929,
      "ka2": 1.5444274,
      "use_tch_profile": true,
      "sigma_scale": 0.8935539807674204,
      "kb_ratio": 0.01500035486308769,
      "use_fcj_asymmetry": true,
      "detector_nonlinearity": 0.0,
      "use_ka2": true,
      "caglioti_u": 0.006930765444543381,
      "kb": 1.39225,
      "caglioti_w": 0.0005042726937185834,
      "detector_deadtime_coeff": 0.0,
      "axial_s_over_l": 0.0012,
      "sigma_min_deg": 0.011926571727703119,
      "ka2_ratio": 0.48499791048358015,
      "caglioti_v": -0.003767410052026085,
      "sigma_deg": 0.011933323900181564,
      "use_kbeta": true,
      "beam_sample_ratio": 0.19996673284396763,
      "fluorescence_level": 0.0,
      "muR": 0.01,
      "trns": 0.0,
      "fluorescence_decay": 3.0,
      "lorentz_z": 0.00022963776115713248,
      "strain": 2.8585091953874865e-05,
      "pseudo_voigt_eta": -0.03819439894674802,
      "lorentz_size": 0.03,
      "macro_strain": 0.0,
      "sample_displacement_sr": -0.0009847952734493629,
      "size_nm": 296.13241238561847,
      "delta_deg": -0.009473085371824124,
      "lorentz_strain": 0.0039759046170622855,
      "po_r": 1.0,
      "air_scatter_level": 0.09706612532080099,
      "b3": 1.3442063835833177e-08,
      "scatter_sigma_deg": 6.745516875079763,
      "b4": -2.5548919808363584e-08,
      "scatter_level": 3.946561982338837,
      "compton_level": 0.18135052466548185,
      "holder_scatter_center_deg": 6.702251591272819,
      "a": 2.153788943583767,
      "holder_scatter_level": 1.5180855852318598,
      "scatter_center_deg": 5.377016023437027,
      "b5": -2.4223914256036022e-08,
      "poisson_counts_max": 5450.4,
      "air_scatter_floor": 0.15296218183818666,
      "b1": -4.956923696401883,
      "b0": -2.8144852857215144,
      "b2": 2.6039921031347997,
      "holder_scatter_sigma_deg": 8.020252416654412,
      "po_hkl_axis": [
        0.0,
        1.0,
        0.0
      ],
      "final_normalize": true
    },
    "synth_sampling_meta": {
      "family_name": "anchor",
      "slot": "anchor",
      "source_family": "rruff_like",
      "preferred_source_family": "rruff_like",
      "descriptor": {
        "phase_id": "cod_9002929",
        "formula": "MgSiO3",
        "crystal_system": "monoclinic",
        "elements": [
          "Mg",
          "O",
          "Si"
        ],
        "density_g_cm3": 9.822853884197954,
        "avg_z": 10.0,
        "max_z": 14.0,
        "heavy_fraction": 0.0,
        "transition_fraction": 0.0,
        "cell_lengths": [
          19.89974874,
          6.0,
          3.46410162
        ],
        "cell_angles": [
          90.0,
          100.02498786,
          90.0
        ],
        "cell_volume": 407.2935064940964,
        "cell_anisotropy": 5.744562637859336,
        "anisotropy_index": 4.744562637859336,
        "theoretical_peak_count": 48,
        "peak_density": 0.5647058823529412,
        "median_gap_deg": 1.242340087890625,
        "crowded_fraction": 0.14893617021276595,
        "isolated_fraction": 0.5319148936170213,
        "simple_topology": false,
        "preferred_po_axis": [
          1,
          0,
          0
        ],
        "fluorescence_bucket": "none",
        "absorption_bucket": "medium"
      },
      "attempt": 1,
      "donor_rows": {
        "instrument": "0136__rruff_R050100-1__Al2_O7_P1",
        "chemistry": "0322__rruff_R050504-1__Al3_H4_Na1_O12_P2",
        "microstructure": "0328__rruff_R050520-1__Be1_Ca1_O5_P1",
        "orientation": "0150__rruff_R050126-1__Al3_H4_Na1_O12_P2",
        "background": "0150__rruff_R050126-1__Al3_H4_Na1_O12_P2"
      },
      "donor_rwp_percent": {
        "instrument": 11.140544664536845,
        "chemistry": 11.633403992332628,
        "microstructure": 13.16757170747424,
        "orientation": 12.349421546615877,
        "background": 12.349421546615877
      },
      "donor_peak_window_rwp": {
        "instrument": 15.446070104443251,
        "chemistry": 16.797295087846315,
        "microstructure": 18.431471601339165,
        "orientation": 16.546432705173878,
        "background": 16.546432705173878
      },
      "selected_sample_code": "0136__rruff_R050100-1__Al2_O7_P1",
      "selected_peak_window_rwp": 15.446070104443251,
      "selected_peak_window_pearson": 0.9885978407848028,
      "selected_background_fraction": 0.06048028654774604
    },
    "original_sample_dir": "MgSiO3_SG9",
    "original_cif_path": "phase.cif",
    "original_generated_xy_path": "generated.xy",
    "original_generation_params_json": "generation_params.json",
    "original_generation_quality_json": "generation_quality.json"
  },
  "quality": {
    "note": "These are theory-vs-generated synthetic quality indicators plus donor-template quality provenance. They are not Rietveld fit-to-experiment outputs.",
    "theory_vs_generated": {
      "profile_pearson": 0.5710120365955886,
      "profile_cosine": 0.5910760665745045,
      "rmse": 5.450928151681304,
      "mae": 1.345519576431088,
      "background_fraction_generated": -2.1200516655768165,
      "top_peak_count_used": 20,
      "top_peak_height_log_mae": 0.2443740765450472,
      "top_peak_shift_abs_mean_deg": 0.10479870986938611,
      "peak_window_pearson": 0.46034705294530265,
      "peak_window_cosine": 0.5928112724930397
    },
    "donor_template_quality": {
      "selected_sample_code": "0136__rruff_R050100-1__Al2_O7_P1",
      "selected_peak_window_rwp": 15.446070104443251,
      "selected_peak_window_pearson": 0.9885978407848028,
      "selected_background_fraction": 0.06048028654774604,
      "donor_rows": {
        "instrument": "0136__rruff_R050100-1__Al2_O7_P1",
        "chemistry": "0322__rruff_R050504-1__Al3_H4_Na1_O12_P2",
        "microstructure": "0328__rruff_R050520-1__Be1_Ca1_O5_P1",
        "orientation": "0150__rruff_R050126-1__Al3_H4_Na1_O12_P2",
        "background": "0150__rruff_R050126-1__Al3_H4_Na1_O12_P2"
      },
      "donor_rwp_percent": {
        "instrument": 11.140544664536845,
        "chemistry": 11.633403992332628,
        "microstructure": 13.16757170747424,
        "orientation": 12.349421546615877,
        "background": 12.349421546615877
      },
      "donor_peak_window_rwp": {
        "instrument": 15.446070104443251,
        "chemistry": 16.797295087846315,
        "microstructure": 18.431471601339165,
        "orientation": 16.546432705173878,
        "background": 16.546432705173878
      }
    }
  },
  "generation_tier": "strict_core"
}
