{
  "sample_name": "CrS_15",
  "phase_id": "cod_9007443",
  "formula": "CrS",
  "space_group": 15,
  "space_group_symbol": "C2/c",
  "crystal_system": "monoclinic",
  "source_origin": "cod",
  "slot": "background",
  "formula_group_id": "Cr1|S1::sg::15",
  "descriptor": {
    "phase_id": "cod_9007443",
    "formula": "CrS",
    "crystal_system": "monoclinic",
    "elements": [
      "Cr",
      "S"
    ],
    "density_g_cm3": 4.137781331957375,
    "avg_z": 20.0,
    "max_z": 24.0,
    "heavy_fraction": 0.0,
    "transition_fraction": 0.5,
    "cell_lengths": [
      3.826,
      5.913,
      6.089
    ],
    "cell_angles": [
      90.0,
      101.6,
      90.0
    ],
    "cell_volume": 134.93873119714573,
    "cell_anisotropy": 1.5914793518034502,
    "anisotropy_index": 0.5914793518034502,
    "theoretical_peak_count": 54,
    "peak_density": 0.6352941176470588,
    "median_gap_deg": 0.6903228759765625,
    "crowded_fraction": 0.20754716981132076,
    "isolated_fraction": 0.3584905660377358,
    "simple_topology": false,
    "preferred_po_axis": [
      0,
      0,
      1
    ],
    "fluorescence_bucket": "high",
    "absorption_bucket": "medium"
  },
  "generation": {
    "theta_min": 5.0,
    "theta_max": 90.0,
    "num_points": 8501,
    "template_rwp_percent": 15.143708118394594,
    "template_peak_window_rwp": 18.848401616478842,
    "template_peak_window_pearson": 0.9850067327473799,
    "synth_params": {
      "ka1": 1.5405929,
      "ka2": 1.5444274,
      "use_tch_profile": true,
      "sigma_scale": 0.915935817612402,
      "kb_ratio": 0.01500880233919089,
      "use_fcj_asymmetry": true,
      "detector_nonlinearity": 0.0,
      "use_ka2": true,
      "caglioti_u": 0.031390575609021656,
      "kb": 1.39225,
      "caglioti_w": 0.0018448797995058975,
      "detector_deadtime_coeff": 0.0,
      "axial_s_over_l": 0.0012,
      "sigma_min_deg": 0.008,
      "ka2_ratio": 0.48492173130236843,
      "caglioti_v": 0.007351125729718566,
      "sigma_deg": 0.01878969372542678,
      "use_kbeta": true,
      "beam_sample_ratio": 0.05,
      "fluorescence_level": 2.0,
      "muR": 0.01,
      "trns": 0.07621821826530727,
      "fluorescence_decay": 3.0,
      "lorentz_z": 0.0001526196370376269,
      "strain": 7.906181326773574e-05,
      "pseudo_voigt_eta": -0.008833021323642791,
      "lorentz_size": 0.002953443644027634,
      "macro_strain": 0.00031173845905923365,
      "sample_displacement_sr": -0.0005225417465722805,
      "size_nm": 182.9830793096753,
      "delta_deg": -0.005128987452872967,
      "lorentz_strain": 0.004362018995825732,
      "po_r": 1.0,
      "air_scatter_level": 1e-08,
      "b3": -0.1848624278005454,
      "scatter_sigma_deg": 6.0,
      "b4": 0.20595308036552476,
      "scatter_level": 1.2,
      "compton_level": 1e-08,
      "holder_scatter_center_deg": 15.0,
      "a": 2.456521703905162,
      "holder_scatter_level": 1e-08,
      "scatter_center_deg": 15.0,
      "b5": -1.0196444166448001e-06,
      "poisson_counts_max": 3119.5,
      "air_scatter_floor": 0.05,
      "b1": -4.44554467722384,
      "b0": 21.288767814184258,
      "b2": -1.9952642435986017,
      "holder_scatter_sigma_deg": 4.0,
      "po_hkl_axis": [
        0.0,
        1.0,
        0.0
      ],
      "final_normalize": true
    },
    "synth_sampling_meta": {
      "family_name": "background",
      "slot": "background",
      "source_family": "opxrd_like",
      "preferred_source_family": "opxrd_like",
      "descriptor": {
        "phase_id": "cod_9007443",
        "formula": "CrS",
        "crystal_system": "monoclinic",
        "elements": [
          "Cr",
          "S"
        ],
        "density_g_cm3": 4.137781331957375,
        "avg_z": 20.0,
        "max_z": 24.0,
        "heavy_fraction": 0.0,
        "transition_fraction": 0.5,
        "cell_lengths": [
          3.826,
          5.913,
          6.089
        ],
        "cell_angles": [
          90.0,
          101.6,
          90.0
        ],
        "cell_volume": 134.93873119714573,
        "cell_anisotropy": 1.5914793518034502,
        "anisotropy_index": 0.5914793518034502,
        "theoretical_peak_count": 54,
        "peak_density": 0.6352941176470588,
        "median_gap_deg": 0.6903228759765625,
        "crowded_fraction": 0.20754716981132076,
        "isolated_fraction": 0.3584905660377358,
        "simple_topology": false,
        "preferred_po_axis": [
          0,
          0,
          1
        ],
        "fluorescence_bucket": "high",
        "absorption_bucket": "medium"
      },
      "attempt": 1,
      "donor_rows": {
        "instrument": "1191__opxrd_000584__H1_Mg1_O1",
        "chemistry": "0329__rruff_R050521-1__Cu1_H1_O5_Pb1_V1",
        "microstructure": "0363__rruff_R050638-1__C2_Cu3_H2_O8",
        "orientation": "0596__rruff_R070593-1__H1_Mn1_O2",
        "background": "1191__opxrd_000584__H1_Mg1_O1"
      },
      "donor_rwp_percent": {
        "instrument": 5.159210709102735,
        "chemistry": 20.765069245060484,
        "microstructure": 11.336277291932815,
        "orientation": 11.563415511931867,
        "background": 5.159210709102735
      },
      "donor_peak_window_rwp": {
        "instrument": 5.48784949745101,
        "chemistry": 20.2588579420501,
        "microstructure": 11.208554719735723,
        "orientation": 17.787091039483105,
        "background": 5.48784949745101
      },
      "selected_sample_code": "1191__opxrd_000584__H1_Mg1_O1",
      "selected_peak_window_rwp": 5.48784949745101,
      "selected_peak_window_pearson": 0.9997162154875435,
      "selected_background_fraction": 0.5127638626915709
    },
    "original_sample_dir": "CrS_SG15",
    "original_cif_path": "phase.cif",
    "original_generated_xy_path": "generated.xy",
    "original_generation_params_json": "generation_params.json",
    "original_generation_quality_json": "generation_quality.json"
  },
  "quality": {
    "note": "These are theory-vs-generated synthetic quality indicators plus donor-template quality provenance. They are not Rietveld fit-to-experiment outputs.",
    "theory_vs_generated": {
      "profile_pearson": 0.900186341682391,
      "profile_cosine": 0.88473369967325,
      "rmse": 3.579246297984067,
      "mae": 2.1439223492789283,
      "background_fraction_generated": 7.224297973035099,
      "top_peak_count_used": 20,
      "top_peak_height_log_mae": 10.930497545072052,
      "top_peak_shift_abs_mean_deg": 0.2075414619445798,
      "peak_window_pearson": 0.8800300631348853,
      "peak_window_cosine": 0.9007222784640556
    },
    "donor_template_quality": {
      "selected_sample_code": "1191__opxrd_000584__H1_Mg1_O1",
      "selected_peak_window_rwp": 5.48784949745101,
      "selected_peak_window_pearson": 0.9997162154875435,
      "selected_background_fraction": 0.5127638626915709,
      "donor_rows": {
        "instrument": "1191__opxrd_000584__H1_Mg1_O1",
        "chemistry": "0329__rruff_R050521-1__Cu1_H1_O5_Pb1_V1",
        "microstructure": "0363__rruff_R050638-1__C2_Cu3_H2_O8",
        "orientation": "0596__rruff_R070593-1__H1_Mn1_O2",
        "background": "1191__opxrd_000584__H1_Mg1_O1"
      },
      "donor_rwp_percent": {
        "instrument": 5.159210709102735,
        "chemistry": 20.765069245060484,
        "microstructure": 11.336277291932815,
        "orientation": 11.563415511931867,
        "background": 5.159210709102735
      },
      "donor_peak_window_rwp": {
        "instrument": 5.48784949745101,
        "chemistry": 20.2588579420501,
        "microstructure": 11.208554719735723,
        "orientation": 17.787091039483105,
        "background": 5.48784949745101
      }
    }
  },
  "generation_tier": "strict_core"
}
