{
  "sample_name": "Be_194",
  "phase_id": "mp-87",
  "formula": "Be",
  "space_group": 194,
  "space_group_symbol": "P6_3/mmc",
  "crystal_system": "hexagonal",
  "source_origin": "materials_project",
  "slot": "anchor",
  "formula_group_id": "Be1::sg::194",
  "descriptor": {
    "phase_id": "mp-87",
    "formula": "Be",
    "crystal_system": "hexagonal",
    "elements": [
      "Be"
    ],
    "density_g_cm3": 3.7652298476313524,
    "avg_z": 4.0,
    "max_z": 4.0,
    "heavy_fraction": 0.0,
    "transition_fraction": 0.0,
    "cell_lengths": [
      3.57410246,
      3.92001285,
      2.26946274
    ],
    "cell_angles": [
      90.0,
      90.0,
      90.0
    ],
    "cell_volume": 31.796370288803224,
    "cell_anisotropy": 1.7272867189703234,
    "anisotropy_index": 0.7272867189703234,
    "theoretical_peak_count": 9,
    "peak_density": 0.10588235294117647,
    "median_gap_deg": 1.1613616943359375,
    "crowded_fraction": 0.5,
    "isolated_fraction": 0.5,
    "simple_topology": false,
    "preferred_po_axis": [
      0,
      0,
      1
    ],
    "fluorescence_bucket": "none",
    "absorption_bucket": "light"
  },
  "generation": {
    "theta_min": 5.0,
    "theta_max": 90.0,
    "num_points": 8501,
    "template_rwp_percent": 12.230971149753874,
    "template_peak_window_rwp": 16.61381662608072,
    "template_peak_window_pearson": 0.9948239611051984,
    "synth_params": {
      "ka1": 1.5405929,
      "ka2": 1.5444274,
      "use_tch_profile": true,
      "sigma_scale": 0.9440362830576552,
      "kb_ratio": 0.015008100559655416,
      "use_fcj_asymmetry": true,
      "detector_nonlinearity": 0.0,
      "use_ka2": true,
      "caglioti_u": 0.003279074167112672,
      "kb": 1.39225,
      "caglioti_w": 0.0010019906393954538,
      "detector_deadtime_coeff": 0.0,
      "axial_s_over_l": 0.00119999999999995,
      "sigma_min_deg": 0.008,
      "ka2_ratio": 0.48502655784215637,
      "caglioti_v": -0.005646438125445374,
      "sigma_deg": 0.009060480593718376,
      "use_kbeta": true,
      "beam_sample_ratio": 0.04999999999999995,
      "fluorescence_level": 0.0,
      "muR": 2.956014496109463e-05,
      "trns": 0.0014311324148828866,
      "fluorescence_decay": 3.0,
      "lorentz_z": 0.0021734997112517543,
      "strain": 0.0008468834859653949,
      "pseudo_voigt_eta": -0.04983471296198848,
      "lorentz_size": 0.0005026650880565068,
      "macro_strain": 0.0,
      "sample_displacement_sr": -0.00025934545080889083,
      "size_nm": 180.0,
      "delta_deg": -0.00998773216339029,
      "lorentz_strain": 0.005,
      "po_r": 1.0,
      "air_scatter_level": 1.141056771784881,
      "b3": 0.27963825964781963,
      "scatter_sigma_deg": 6.128567784918904,
      "b4": 0.2942132982628357,
      "scatter_level": 0.9280675534467598,
      "compton_level": 0.23726059621082923,
      "holder_scatter_center_deg": 14.819967865250536,
      "a": 1.0,
      "holder_scatter_level": 0.3022852983482516,
      "scatter_center_deg": 13.81891554583423,
      "b5": -0.05338179786374466,
      "poisson_counts_max": 1800.0,
      "air_scatter_floor": 0.0933744187166642,
      "b1": 1.2533071917830674,
      "b0": -0.10020890051709734,
      "b2": -1.2822219208524699,
      "holder_scatter_sigma_deg": 4.259982827461114,
      "po_hkl_axis": [
        0.0,
        1.0,
        0.0
      ],
      "final_normalize": true
    },
    "synth_sampling_meta": {
      "family_name": "anchor",
      "slot": "anchor",
      "source_family": "rruff_like",
      "preferred_source_family": "rruff_like",
      "descriptor": {
        "phase_id": "mp-87",
        "formula": "Be",
        "crystal_system": "hexagonal",
        "elements": [
          "Be"
        ],
        "density_g_cm3": 3.7652298476313524,
        "avg_z": 4.0,
        "max_z": 4.0,
        "heavy_fraction": 0.0,
        "transition_fraction": 0.0,
        "cell_lengths": [
          3.57410246,
          3.92001285,
          2.26946274
        ],
        "cell_angles": [
          90.0,
          90.0,
          90.0
        ],
        "cell_volume": 31.796370288803224,
        "cell_anisotropy": 1.7272867189703234,
        "anisotropy_index": 0.7272867189703234,
        "theoretical_peak_count": 9,
        "peak_density": 0.10588235294117647,
        "median_gap_deg": 1.1613616943359375,
        "crowded_fraction": 0.5,
        "isolated_fraction": 0.5,
        "simple_topology": false,
        "preferred_po_axis": [
          0,
          0,
          1
        ],
        "fluorescence_bucket": "none",
        "absorption_bucket": "light"
      },
      "attempt": 1,
      "donor_rows": {
        "instrument": "0144__rruff_R050115-1__Ca1_F2",
        "chemistry": "0456__rruff_R060421-1__Ca5_F1_O12_P3",
        "microstructure": "0148__rruff_R050121-1__Al2_Be3_O18_Si6",
        "orientation": "0254__rruff_R050369-1__Ca5_F1_O12_P3",
        "background": "0254__rruff_R050369-1__Ca5_F1_O12_P3"
      },
      "donor_rwp_percent": {
        "instrument": 10.8136128591309,
        "chemistry": 15.272610154817642,
        "microstructure": 11.800676499373662,
        "orientation": 13.558574059798776,
        "background": 13.558574059798776
      },
      "donor_peak_window_rwp": {
        "instrument": 14.273780930421212,
        "chemistry": 21.636095490570618,
        "microstructure": 16.67151917078972,
        "orientation": 18.528929065551917,
        "background": 18.528929065551917
      },
      "selected_sample_code": "0144__rruff_R050115-1__Ca1_F2",
      "selected_peak_window_rwp": 14.273780930421212,
      "selected_peak_window_pearson": 0.9900974432048891,
      "selected_background_fraction": 0.4263216501270986
    },
    "original_sample_dir": "Be_SG194",
    "original_cif_path": "phase.cif",
    "original_generated_xy_path": "generated.xy",
    "original_generation_params_json": "generation_params.json",
    "original_generation_quality_json": "generation_quality.json"
  },
  "quality": {
    "note": "These are theory-vs-generated synthetic quality indicators plus donor-template quality provenance. They are not Rietveld fit-to-experiment outputs.",
    "theory_vs_generated": {
      "profile_pearson": 0.97308869772145,
      "profile_cosine": 0.968823474507742,
      "rmse": 1.3630966720517457,
      "mae": 0.6285394558021197,
      "background_fraction_generated": 2.8672914020599385,
      "top_peak_count_used": 9,
      "top_peak_height_log_mae": 0.19709710634300226,
      "top_peak_shift_abs_mean_deg": 0.0654267713758685,
      "peak_window_pearson": 0.9692600900310824,
      "peak_window_cosine": 0.9738231057297133
    },
    "donor_template_quality": {
      "selected_sample_code": "0144__rruff_R050115-1__Ca1_F2",
      "selected_peak_window_rwp": 14.273780930421212,
      "selected_peak_window_pearson": 0.9900974432048891,
      "selected_background_fraction": 0.4263216501270986,
      "donor_rows": {
        "instrument": "0144__rruff_R050115-1__Ca1_F2",
        "chemistry": "0456__rruff_R060421-1__Ca5_F1_O12_P3",
        "microstructure": "0148__rruff_R050121-1__Al2_Be3_O18_Si6",
        "orientation": "0254__rruff_R050369-1__Ca5_F1_O12_P3",
        "background": "0254__rruff_R050369-1__Ca5_F1_O12_P3"
      },
      "donor_rwp_percent": {
        "instrument": 10.8136128591309,
        "chemistry": 15.272610154817642,
        "microstructure": 11.800676499373662,
        "orientation": 13.558574059798776,
        "background": 13.558574059798776
      },
      "donor_peak_window_rwp": {
        "instrument": 14.273780930421212,
        "chemistry": 21.636095490570618,
        "microstructure": 16.67151917078972,
        "orientation": 18.528929065551917,
        "background": 18.528929065551917
      }
    }
  },
  "generation_tier": "strict_core"
}
