{
  "sample_name": "CO2_14",
  "phase_id": "mp-995198",
  "formula": "CO2",
  "space_group": 14,
  "space_group_symbol": "P2_1/c",
  "crystal_system": "monoclinic",
  "source_origin": "materials_project",
  "slot": "profile",
  "formula_group_id": "C1|O2::sg::14",
  "descriptor": {
    "phase_id": "mp-995198",
    "formula": "CO2",
    "crystal_system": "monoclinic",
    "elements": [
      "C",
      "O"
    ],
    "density_g_cm3": 1.9370604083508431,
    "avg_z": 7.333333333333333,
    "max_z": 8.0,
    "heavy_fraction": 0.0,
    "transition_fraction": 0.0,
    "cell_lengths": [
      3.702413,
      4.097631,
      10.0356045
    ],
    "cell_angles": [
      90.0,
      97.61677977,
      90.0
    ],
    "cell_volume": 150.90803330362317,
    "cell_anisotropy": 2.710557817293749,
    "anisotropy_index": 1.7105578172937488,
    "theoretical_peak_count": 115,
    "peak_density": 1.3529411764705883,
    "median_gap_deg": 0.349700927734375,
    "crowded_fraction": 0.5,
    "isolated_fraction": 0.14035087719298245,
    "simple_topology": false,
    "preferred_po_axis": [
      0,
      0,
      1
    ],
    "fluorescence_bucket": "none",
    "absorption_bucket": "light"
  },
  "generation": {
    "theta_min": 5.0,
    "theta_max": 90.0,
    "num_points": 8501,
    "template_rwp_percent": 11.336277291932815,
    "template_peak_window_rwp": 11.208554719735723,
    "template_peak_window_pearson": 0.9683505557392063,
    "synth_params": {
      "ka1": 1.5405929,
      "ka2": 1.5444274,
      "use_tch_profile": true,
      "sigma_scale": 0.915935817612402,
      "kb_ratio": 0.01500880233919089,
      "use_fcj_asymmetry": true,
      "detector_nonlinearity": 0.0,
      "use_ka2": true,
      "caglioti_u": 0.031390575609021656,
      "kb": 1.39225,
      "caglioti_w": 0.0018448797995058975,
      "detector_deadtime_coeff": 0.0,
      "axial_s_over_l": 0.0012,
      "sigma_min_deg": 0.008,
      "ka2_ratio": 0.48492173130236843,
      "caglioti_v": 0.007351125729718566,
      "sigma_deg": 0.019353384537189586,
      "use_kbeta": true,
      "beam_sample_ratio": 0.05,
      "fluorescence_level": 0.0,
      "muR": 0.0,
      "trns": 0.0,
      "fluorescence_decay": 3.0,
      "lorentz_z": 1.3862853946024233e-06,
      "strain": 0.0002934407295448529,
      "pseudo_voigt_eta": -0.04662510940643749,
      "lorentz_size": 8.624531467627784e-05,
      "macro_strain": 1.0361206560984368e-07,
      "sample_displacement_sr": 4.184549865288929e-05,
      "size_nm": 180.0,
      "delta_deg": -0.001983896630789596,
      "lorentz_strain": 0.009,
      "po_r": 1.0,
      "air_scatter_level": 1.501158953682103,
      "b3": -0.05536103202125757,
      "scatter_sigma_deg": 2.347333188969133,
      "b4": 0.06479100568529257,
      "scatter_level": 3.8222211413863314,
      "compton_level": 0.5174223833004653,
      "holder_scatter_center_deg": 6.792553625677371,
      "a": 1.0,
      "holder_scatter_level": 0.993315928462235,
      "scatter_center_deg": 5.782749478211443,
      "b5": -0.00031619237958326215,
      "poisson_counts_max": 1200.0,
      "air_scatter_floor": 0.0425399607763052,
      "b1": 1.6430510472685786,
      "b0": 2.020822166094181,
      "b2": -0.927424680572154,
      "holder_scatter_sigma_deg": 3.0359214822212452,
      "po_hkl_axis": [
        0.0,
        1.0,
        0.0
      ],
      "final_normalize": true
    },
    "synth_sampling_meta": {
      "family_name": "profile",
      "slot": "profile",
      "source_family": "opxrd_like",
      "preferred_source_family": "opxrd_like",
      "descriptor": {
        "phase_id": "mp-995198",
        "formula": "CO2",
        "crystal_system": "monoclinic",
        "elements": [
          "C",
          "O"
        ],
        "density_g_cm3": 1.9370604083508431,
        "avg_z": 7.333333333333333,
        "max_z": 8.0,
        "heavy_fraction": 0.0,
        "transition_fraction": 0.0,
        "cell_lengths": [
          3.702413,
          4.097631,
          10.0356045
        ],
        "cell_angles": [
          90.0,
          97.61677977,
          90.0
        ],
        "cell_volume": 150.90803330362317,
        "cell_anisotropy": 2.710557817293749,
        "anisotropy_index": 1.7105578172937488,
        "theoretical_peak_count": 115,
        "peak_density": 1.3529411764705883,
        "median_gap_deg": 0.349700927734375,
        "crowded_fraction": 0.5,
        "isolated_fraction": 0.14035087719298245,
        "simple_topology": false,
        "preferred_po_axis": [
          0,
          0,
          1
        ],
        "fluorescence_bucket": "none",
        "absorption_bucket": "light"
      },
      "attempt": 1,
      "donor_rows": {
        "instrument": "1191__opxrd_000584__H1_Mg1_O1",
        "chemistry": "1191__opxrd_000584__H1_Mg1_O1",
        "microstructure": "0120__rruff_R050060-1__Al2_O7_P1",
        "orientation": "0136__rruff_R050100-1__Al2_O7_P1",
        "background": "0328__rruff_R050520-1__Be1_Ca1_O5_P1"
      },
      "donor_rwp_percent": {
        "instrument": 5.159210709102735,
        "chemistry": 5.159210709102735,
        "microstructure": 25.94936797640291,
        "orientation": 11.140544664536845,
        "background": 13.16757170747424
      },
      "donor_peak_window_rwp": {
        "instrument": 5.48784949745101,
        "chemistry": 5.48784949745101,
        "microstructure": 26.285266288040628,
        "orientation": 15.446070104443251,
        "background": 18.431471601339165
      },
      "selected_sample_code": "1191__opxrd_000584__H1_Mg1_O1",
      "selected_peak_window_rwp": 5.48784949745101,
      "selected_peak_window_pearson": 0.9997162154875435,
      "selected_background_fraction": 0.5408105689442085
    },
    "original_sample_dir": "CO2_SG14",
    "original_cif_path": "phase.cif",
    "original_generated_xy_path": "generated.xy",
    "original_generation_params_json": "generation_params.json",
    "original_generation_quality_json": "generation_quality.json"
  },
  "quality": {
    "note": "These are theory-vs-generated synthetic quality indicators plus donor-template quality provenance. They are not Rietveld fit-to-experiment outputs.",
    "theory_vs_generated": {
      "profile_pearson": 0.9807491827659682,
      "profile_cosine": 0.9668462271013737,
      "rmse": 1.199699320806037,
      "mae": 0.8376363854784955,
      "background_fraction_generated": 4.454626153931291,
      "top_peak_count_used": 20,
      "top_peak_height_log_mae": 5.5250585062566655,
      "top_peak_shift_abs_mean_deg": 0.11268414688110422,
      "peak_window_pearson": 0.983745627716351,
      "peak_window_cosine": 0.9804334162677371
    },
    "donor_template_quality": {
      "selected_sample_code": "1191__opxrd_000584__H1_Mg1_O1",
      "selected_peak_window_rwp": 5.48784949745101,
      "selected_peak_window_pearson": 0.9997162154875435,
      "selected_background_fraction": 0.5408105689442085,
      "donor_rows": {
        "instrument": "1191__opxrd_000584__H1_Mg1_O1",
        "chemistry": "1191__opxrd_000584__H1_Mg1_O1",
        "microstructure": "0120__rruff_R050060-1__Al2_O7_P1",
        "orientation": "0136__rruff_R050100-1__Al2_O7_P1",
        "background": "0328__rruff_R050520-1__Be1_Ca1_O5_P1"
      },
      "donor_rwp_percent": {
        "instrument": 5.159210709102735,
        "chemistry": 5.159210709102735,
        "microstructure": 25.94936797640291,
        "orientation": 11.140544664536845,
        "background": 13.16757170747424
      },
      "donor_peak_window_rwp": {
        "instrument": 5.48784949745101,
        "chemistry": 5.48784949745101,
        "microstructure": 26.285266288040628,
        "orientation": 15.446070104443251,
        "background": 18.431471601339165
      }
    }
  },
  "generation_tier": "strict_core"
}
