{
  "sample_name": "Co15O28_2",
  "phase_id": "mp-766681",
  "formula": "Co15O28",
  "space_group": 2,
  "space_group_symbol": "P-1",
  "crystal_system": "triclinic",
  "source_origin": "materials_project",
  "slot": "background",
  "formula_group_id": "Co15|O28::sg::2",
  "descriptor": {
    "phase_id": "mp-766681",
    "formula": "Co15O28",
    "crystal_system": "triclinic",
    "elements": [
      "Co",
      "O"
    ],
    "density_g_cm3": 4.695986609796757,
    "avg_z": 14.627906976744185,
    "max_z": 27.0,
    "heavy_fraction": 0.0,
    "transition_fraction": 0.3488372093023256,
    "cell_lengths": [
      7.627189000000001,
      8.14510071,
      8.62208705
    ],
    "cell_angles": [
      104.90696824999999,
      105.96886422,
      103.24558255
    ],
    "cell_volume": 470.99936198971426,
    "cell_anisotropy": 1.130440985532153,
    "anisotropy_index": 0.1304409855321531,
    "theoretical_peak_count": 695,
    "peak_density": 8.176470588235293,
    "median_gap_deg": 0.06367874145507812,
    "crowded_fraction": 0.9510086455331412,
    "isolated_fraction": 0.002881844380403458,
    "simple_topology": false,
    "preferred_po_axis": [
      0,
      0,
      1
    ],
    "fluorescence_bucket": "high",
    "absorption_bucket": "medium"
  },
  "generation": {
    "theta_min": 5.0,
    "theta_max": 90.0,
    "num_points": 8501,
    "template_rwp_percent": 8.53343511482624,
    "template_peak_window_rwp": 10.947597456277766,
    "template_peak_window_pearson": 0.9937093537065375,
    "synth_params": {
      "ka1": 1.5405929,
      "ka2": 1.5444274,
      "use_tch_profile": true,
      "sigma_scale": 0.915935817612402,
      "kb_ratio": 0.01500880233919089,
      "use_fcj_asymmetry": true,
      "detector_nonlinearity": 0.0,
      "use_ka2": true,
      "caglioti_u": 0.031390575609021656,
      "kb": 1.39225,
      "caglioti_w": 0.0018448797995058975,
      "detector_deadtime_coeff": 0.0,
      "axial_s_over_l": 0.0012,
      "sigma_min_deg": 0.008,
      "ka2_ratio": 0.48492173130236843,
      "caglioti_v": 0.007351125729718566,
      "sigma_deg": 0.01878969372542678,
      "use_kbeta": true,
      "beam_sample_ratio": 0.05,
      "fluorescence_level": 2.0,
      "muR": 0.085,
      "trns": 0.08,
      "fluorescence_decay": 3.0,
      "lorentz_z": 0.0006354236605504738,
      "strain": 0.0005623481484309537,
      "pseudo_voigt_eta": -0.038100561423341936,
      "lorentz_size": 0.009810231806945192,
      "macro_strain": 0.0,
      "sample_displacement_sr": -0.0006395883059202719,
      "size_nm": 163.18766738680247,
      "delta_deg": -0.009486637070985168,
      "lorentz_strain": 0.008,
      "po_r": 1.0,
      "air_scatter_level": 1e-08,
      "b3": -0.1848624278005454,
      "scatter_sigma_deg": 6.0,
      "b4": 0.20595308036552476,
      "scatter_level": 1.2,
      "compton_level": 1e-08,
      "holder_scatter_center_deg": 15.0,
      "a": 2.456521703905162,
      "holder_scatter_level": 1e-08,
      "scatter_center_deg": 15.0,
      "b5": -1.0196444166448001e-06,
      "poisson_counts_max": 3119.5,
      "air_scatter_floor": 0.05,
      "b1": -4.44554467722384,
      "b0": 21.288767814184258,
      "b2": -1.9952642435986017,
      "holder_scatter_sigma_deg": 4.0,
      "po_hkl_axis": [
        0.0,
        1.0,
        0.0
      ],
      "final_normalize": true
    },
    "synth_sampling_meta": {
      "family_name": "background",
      "slot": "background",
      "source_family": "opxrd_like",
      "preferred_source_family": "opxrd_like",
      "descriptor": {
        "phase_id": "mp-766681",
        "formula": "Co15O28",
        "crystal_system": "triclinic",
        "elements": [
          "Co",
          "O"
        ],
        "density_g_cm3": 4.695986609796757,
        "avg_z": 14.627906976744185,
        "max_z": 27.0,
        "heavy_fraction": 0.0,
        "transition_fraction": 0.3488372093023256,
        "cell_lengths": [
          7.627189000000001,
          8.14510071,
          8.62208705
        ],
        "cell_angles": [
          104.90696824999999,
          105.96886422,
          103.24558255
        ],
        "cell_volume": 470.99936198971426,
        "cell_anisotropy": 1.130440985532153,
        "anisotropy_index": 0.1304409855321531,
        "theoretical_peak_count": 695,
        "peak_density": 8.176470588235293,
        "median_gap_deg": 0.06367874145507812,
        "crowded_fraction": 0.9510086455331412,
        "isolated_fraction": 0.002881844380403458,
        "simple_topology": false,
        "preferred_po_axis": [
          0,
          0,
          1
        ],
        "fluorescence_bucket": "high",
        "absorption_bucket": "medium"
      },
      "attempt": 1,
      "donor_rows": {
        "instrument": "1191__opxrd_000584__H1_Mg1_O1",
        "chemistry": "0471__rruff_R060450-1__Al2_Fe3_O12_Si3",
        "microstructure": "1191__opxrd_000584__H1_Mg1_O1",
        "orientation": "1191__opxrd_000584__H1_Mg1_O1",
        "background": "1191__opxrd_000584__H1_Mg1_O1"
      },
      "donor_rwp_percent": {
        "instrument": 5.159210709102735,
        "chemistry": 10.91846025357866,
        "microstructure": 5.159210709102735,
        "orientation": 5.159210709102735,
        "background": 5.159210709102735
      },
      "donor_peak_window_rwp": {
        "instrument": 5.48784949745101,
        "chemistry": 10.81616951825659,
        "microstructure": 5.48784949745101,
        "orientation": 5.48784949745101,
        "background": 5.48784949745101
      },
      "selected_sample_code": "1191__opxrd_000584__H1_Mg1_O1",
      "selected_peak_window_rwp": 5.48784949745101,
      "selected_peak_window_pearson": 0.9997162154875435,
      "selected_background_fraction": 0.5127638626915709
    },
    "original_sample_dir": "Co15O28_SG2",
    "original_cif_path": "phase.cif",
    "original_generated_xy_path": "generated.xy",
    "original_generation_params_json": "generation_params.json",
    "original_generation_quality_json": "generation_quality.json"
  },
  "quality": {
    "note": "These are theory-vs-generated synthetic quality indicators plus donor-template quality provenance. They are not Rietveld fit-to-experiment outputs.",
    "theory_vs_generated": {
      "profile_pearson": 0.7662254254788552,
      "profile_cosine": 0.720827100779299,
      "rmse": 3.3306660463433797,
      "mae": 2.0488488255211563,
      "background_fraction_generated": 9.551752804055212,
      "top_peak_count_used": 20,
      "top_peak_height_log_mae": 12.437209485974726,
      "top_peak_shift_abs_mean_deg": 0.23530800247192224,
      "peak_window_pearson": 0.7277473714448791,
      "peak_window_cosine": 0.7661738975416172
    },
    "donor_template_quality": {
      "selected_sample_code": "1191__opxrd_000584__H1_Mg1_O1",
      "selected_peak_window_rwp": 5.48784949745101,
      "selected_peak_window_pearson": 0.9997162154875435,
      "selected_background_fraction": 0.5127638626915709,
      "donor_rows": {
        "instrument": "1191__opxrd_000584__H1_Mg1_O1",
        "chemistry": "0471__rruff_R060450-1__Al2_Fe3_O12_Si3",
        "microstructure": "1191__opxrd_000584__H1_Mg1_O1",
        "orientation": "1191__opxrd_000584__H1_Mg1_O1",
        "background": "1191__opxrd_000584__H1_Mg1_O1"
      },
      "donor_rwp_percent": {
        "instrument": 5.159210709102735,
        "chemistry": 10.91846025357866,
        "microstructure": 5.159210709102735,
        "orientation": 5.159210709102735,
        "background": 5.159210709102735
      },
      "donor_peak_window_rwp": {
        "instrument": 5.48784949745101,
        "chemistry": 10.81616951825659,
        "microstructure": 5.48784949745101,
        "orientation": 5.48784949745101,
        "background": 5.48784949745101
      }
    }
  },
  "generation_tier": "strict_core"
}
