{
  "sample_name": "C_139",
  "phase_id": "mp-1008395",
  "formula": "C",
  "space_group": 139,
  "space_group_symbol": "I4/mmm",
  "crystal_system": "tetragonal",
  "source_origin": "materials_project",
  "slot": "anchor",
  "formula_group_id": "C1::sg::139",
  "descriptor": {
    "phase_id": "mp-1008395",
    "formula": "C",
    "crystal_system": "tetragonal",
    "elements": [
      "C"
    ],
    "density_g_cm3": 3.372810115535493,
    "avg_z": 6.0,
    "max_z": 6.0,
    "heavy_fraction": 0.0,
    "transition_fraction": 0.0,
    "cell_lengths": [
      4.35346566,
      4.35346566,
      2.49600394
    ],
    "cell_angles": [
      90.0,
      90.0,
      90.0
    ],
    "cell_volume": 47.305922152480115,
    "cell_anisotropy": 1.7441741938916973,
    "anisotropy_index": 0.7441741938916973,
    "theoretical_peak_count": 9,
    "peak_density": 0.10588235294117647,
    "median_gap_deg": 7.513275146484375,
    "crowded_fraction": 0.25,
    "isolated_fraction": 0.625,
    "simple_topology": false,
    "preferred_po_axis": [
      0,
      0,
      1
    ],
    "fluorescence_bucket": "none",
    "absorption_bucket": "light"
  },
  "generation": {
    "theta_min": 5.0,
    "theta_max": 90.0,
    "num_points": 8501,
    "template_rwp_percent": 10.402672957057197,
    "template_peak_window_rwp": 14.072753300217883,
    "template_peak_window_pearson": 0.9910622346999242,
    "synth_params": {
      "ka1": 1.5405929,
      "ka2": 1.5444274,
      "use_tch_profile": true,
      "sigma_scale": 0.8899496763283004,
      "kb_ratio": 0.01500849085266517,
      "use_fcj_asymmetry": true,
      "detector_nonlinearity": 0.0,
      "use_ka2": true,
      "caglioti_u": 0.012816178397361277,
      "kb": 1.39225,
      "caglioti_w": 0.0005142783156755406,
      "detector_deadtime_coeff": 0.0,
      "axial_s_over_l": 0.001198971822447499,
      "sigma_min_deg": 0.008,
      "ka2_ratio": 0.4850853393823197,
      "caglioti_v": -0.004971462512314131,
      "sigma_deg": 0.00963825132794764,
      "use_kbeta": true,
      "beam_sample_ratio": 0.05,
      "fluorescence_level": 0.0,
      "muR": 0.035,
      "trns": 0.08980818745026542,
      "fluorescence_decay": 3.0,
      "lorentz_z": 9.999931380289409e-09,
      "strain": 0.0004667909607517644,
      "pseudo_voigt_eta": 0.016775997756262973,
      "lorentz_size": 0.03,
      "macro_strain": 0.0,
      "sample_displacement_sr": -0.0006160756468993549,
      "size_nm": 234.28401912737408,
      "delta_deg": -0.009630389138422917,
      "lorentz_strain": 0.008,
      "po_r": 1.0,
      "air_scatter_level": 5.5e-09,
      "b3": -0.1755067322841092,
      "scatter_sigma_deg": 5.999999999999611,
      "b4": 0.17868298723793835,
      "scatter_level": 5.5000000000000004e-09,
      "compton_level": 2.8394658372251715e-05,
      "holder_scatter_center_deg": 15.0,
      "a": 1.196117088343281,
      "holder_scatter_level": 5.500000035593745e-09,
      "scatter_center_deg": 14.999999999998556,
      "b5": 0.1394352857747536,
      "poisson_counts_max": 1800.0,
      "air_scatter_floor": 0.05000000000050871,
      "b1": -1.4872622355899847,
      "b0": 3.1830981436792447,
      "b2": 0.8856460116469855,
      "holder_scatter_sigma_deg": 4.000000000000357,
      "po_hkl_axis": [
        1.0,
        0.0,
        0.0
      ],
      "final_normalize": true
    },
    "synth_sampling_meta": {
      "family_name": "anchor",
      "slot": "anchor",
      "source_family": "rruff_like",
      "preferred_source_family": "rruff_like",
      "descriptor": {
        "phase_id": "mp-1008395",
        "formula": "C",
        "crystal_system": "tetragonal",
        "elements": [
          "C"
        ],
        "density_g_cm3": 3.372810115535493,
        "avg_z": 6.0,
        "max_z": 6.0,
        "heavy_fraction": 0.0,
        "transition_fraction": 0.0,
        "cell_lengths": [
          4.35346566,
          4.35346566,
          2.49600394
        ],
        "cell_angles": [
          90.0,
          90.0,
          90.0
        ],
        "cell_volume": 47.305922152480115,
        "cell_anisotropy": 1.7441741938916973,
        "anisotropy_index": 0.7441741938916973,
        "theoretical_peak_count": 9,
        "peak_density": 0.10588235294117647,
        "median_gap_deg": 7.513275146484375,
        "crowded_fraction": 0.25,
        "isolated_fraction": 0.625,
        "simple_topology": false,
        "preferred_po_axis": [
          0,
          0,
          1
        ],
        "fluorescence_bucket": "none",
        "absorption_bucket": "light"
      },
      "attempt": 1,
      "donor_rows": {
        "instrument": "0040__rruff_R040072-1__O2_Sn1",
        "chemistry": "0415__rruff_R060150-1__Ca13_F10_H12_O34_Si10",
        "microstructure": "0040__rruff_R040072-1__O2_Sn1",
        "orientation": "0010__rruff_R040017-1__O2_Sn1",
        "background": "0113__rruff_R050045-1__Ca1_F2"
      },
      "donor_rwp_percent": {
        "instrument": 8.949317208747097,
        "chemistry": 8.00315190123515,
        "microstructure": 8.949317208747097,
        "orientation": 11.310710506171425,
        "background": 10.345769455766266
      },
      "donor_peak_window_rwp": {
        "instrument": 10.251782402398721,
        "chemistry": 11.357098944708872,
        "microstructure": 10.251782402398721,
        "orientation": 13.039616858422296,
        "background": 11.85177861797737
      },
      "selected_sample_code": "0040__rruff_R040072-1__O2_Sn1",
      "selected_peak_window_rwp": 10.251782402398721,
      "selected_peak_window_pearson": 0.9971022364507496,
      "selected_background_fraction": 0.33176687476325667
    },
    "original_sample_dir": "C_SG139",
    "original_cif_path": "phase.cif",
    "original_generated_xy_path": "generated.xy",
    "original_generation_params_json": "generation_params.json",
    "original_generation_quality_json": "generation_quality.json"
  },
  "quality": {
    "note": "These are theory-vs-generated synthetic quality indicators plus donor-template quality provenance. They are not Rietveld fit-to-experiment outputs.",
    "theory_vs_generated": {
      "profile_pearson": 0.8695494761703824,
      "profile_cosine": 0.8692235719433259,
      "rmse": 2.6824216977359128,
      "mae": 0.7216299818688517,
      "background_fraction_generated": 2.756359619315832,
      "top_peak_count_used": 9,
      "top_peak_height_log_mae": 2.3195725442822077,
      "top_peak_shift_abs_mean_deg": 0.1335201178656694,
      "peak_window_pearson": 0.8364567555851581,
      "peak_window_cosine": 0.872356425196046
    },
    "donor_template_quality": {
      "selected_sample_code": "0040__rruff_R040072-1__O2_Sn1",
      "selected_peak_window_rwp": 10.251782402398721,
      "selected_peak_window_pearson": 0.9971022364507496,
      "selected_background_fraction": 0.33176687476325667,
      "donor_rows": {
        "instrument": "0040__rruff_R040072-1__O2_Sn1",
        "chemistry": "0415__rruff_R060150-1__Ca13_F10_H12_O34_Si10",
        "microstructure": "0040__rruff_R040072-1__O2_Sn1",
        "orientation": "0010__rruff_R040017-1__O2_Sn1",
        "background": "0113__rruff_R050045-1__Ca1_F2"
      },
      "donor_rwp_percent": {
        "instrument": 8.949317208747097,
        "chemistry": 8.00315190123515,
        "microstructure": 8.949317208747097,
        "orientation": 11.310710506171425,
        "background": 10.345769455766266
      },
      "donor_peak_window_rwp": {
        "instrument": 10.251782402398721,
        "chemistry": 11.357098944708872,
        "microstructure": 10.251782402398721,
        "orientation": 13.039616858422296,
        "background": 11.85177861797737
      }
    }
  },
  "generation_tier": "strict_core"
}
