{
  "sample_name": "Na2O2_166",
  "phase_id": "mp-1237667",
  "formula": "Na2O2",
  "space_group": 166,
  "space_group_symbol": "R-3m",
  "crystal_system": "trigonal",
  "source_origin": "materials_project",
  "slot": "profile",
  "formula_group_id": "Na1|O1::sg::166",
  "descriptor": {
    "phase_id": "mp-1237667",
    "formula": "Na2O2",
    "crystal_system": "trigonal",
    "elements": [
      "Na",
      "O"
    ],
    "density_g_cm3": 2.5758427473577057,
    "avg_z": 9.5,
    "max_z": 11.0,
    "heavy_fraction": 0.0,
    "transition_fraction": 0.0,
    "cell_lengths": [
      2.9555302399999994,
      2.9555302399999994,
      2.96992548
    ],
    "cell_angles": [
      81.31322018999998,
      81.31322018999998,
      81.3622349
    ],
    "cell_volume": 25.1347016119632,
    "cell_anisotropy": 1.0048706116436152,
    "anisotropy_index": 0.004870611643615241,
    "theoretical_peak_count": 28,
    "peak_density": 0.32941176470588235,
    "median_gap_deg": 0.249755859375,
    "crowded_fraction": 0.5925925925925926,
    "isolated_fraction": 0.3333333333333333,
    "simple_topology": false,
    "preferred_po_axis": [
      0,
      0,
      1
    ],
    "fluorescence_bucket": "none",
    "absorption_bucket": "light"
  },
  "generation": {
    "theta_min": 5.0,
    "theta_max": 90.0,
    "num_points": 8501,
    "template_rwp_percent": 27.08433368266328,
    "template_peak_window_rwp": 13.745715758604918,
    "template_peak_window_pearson": 0.9972437717636932,
    "synth_params": {
      "ka1": 1.5405929,
      "ka2": 1.5444274,
      "use_tch_profile": true,
      "sigma_scale": 0.915935817612402,
      "kb_ratio": 0.01500880233919089,
      "use_fcj_asymmetry": true,
      "detector_nonlinearity": 0.0,
      "use_ka2": true,
      "caglioti_u": 0.031390575609021656,
      "kb": 1.39225,
      "caglioti_w": 0.0018448797995058975,
      "detector_deadtime_coeff": 0.0,
      "axial_s_over_l": 0.0012,
      "sigma_min_deg": 0.008,
      "ka2_ratio": 0.48492173130236843,
      "caglioti_v": 0.007351125729718566,
      "sigma_deg": 0.019353384537189586,
      "use_kbeta": true,
      "beam_sample_ratio": 0.05,
      "fluorescence_level": 0.0,
      "muR": 0.00022390686283040742,
      "trns": 0.18,
      "fluorescence_decay": 3.0,
      "lorentz_z": 0.014473165627292143,
      "strain": 0.000579747929110386,
      "pseudo_voigt_eta": -0.04996940622818023,
      "lorentz_size": 0.00011488281367624397,
      "macro_strain": 0.0,
      "sample_displacement_sr": -0.00020000257415803656,
      "size_nm": 180.0,
      "delta_deg": -0.010000658332223796,
      "lorentz_strain": 0.00014177554357049798,
      "po_r": 1.0,
      "air_scatter_level": 9.999999999999999e-09,
      "b3": -0.1755067322841092,
      "scatter_sigma_deg": 5.999999999999611,
      "b4": 0.17868298723793835,
      "scatter_level": 1e-08,
      "compton_level": 5.16266515859122e-05,
      "holder_scatter_center_deg": 15.0,
      "a": 1.196117088343281,
      "holder_scatter_level": 1.00000000647159e-08,
      "scatter_center_deg": 14.999999999998556,
      "b5": 0.1394352857747536,
      "poisson_counts_max": 1200.0,
      "air_scatter_floor": 0.05000000000050871,
      "b1": -1.4872622355899847,
      "b0": 3.1830981436792447,
      "b2": 0.8856460116469855,
      "holder_scatter_sigma_deg": 4.000000000000357,
      "po_hkl_axis": [
        0.0,
        1.0,
        0.0
      ],
      "final_normalize": true
    },
    "synth_sampling_meta": {
      "family_name": "profile",
      "slot": "profile",
      "source_family": "opxrd_like",
      "preferred_source_family": "opxrd_like",
      "descriptor": {
        "phase_id": "mp-1237667",
        "formula": "Na2O2",
        "crystal_system": "trigonal",
        "elements": [
          "Na",
          "O"
        ],
        "density_g_cm3": 2.5758427473577057,
        "avg_z": 9.5,
        "max_z": 11.0,
        "heavy_fraction": 0.0,
        "transition_fraction": 0.0,
        "cell_lengths": [
          2.9555302399999994,
          2.9555302399999994,
          2.96992548
        ],
        "cell_angles": [
          81.31322018999998,
          81.31322018999998,
          81.3622349
        ],
        "cell_volume": 25.1347016119632,
        "cell_anisotropy": 1.0048706116436152,
        "anisotropy_index": 0.004870611643615241,
        "theoretical_peak_count": 28,
        "peak_density": 0.32941176470588235,
        "median_gap_deg": 0.249755859375,
        "crowded_fraction": 0.5925925925925926,
        "isolated_fraction": 0.3333333333333333,
        "simple_topology": false,
        "preferred_po_axis": [
          0,
          0,
          1
        ],
        "fluorescence_bucket": "none",
        "absorption_bucket": "light"
      },
      "attempt": 1,
      "donor_rows": {
        "instrument": "1191__opxrd_000584__H1_Mg1_O1",
        "chemistry": "0016__rruff_R040030-1__C2_Ca1_Mg1_O6",
        "microstructure": "0154__rruff_R050130-1__C1_Ca1_O3",
        "orientation": "0024__rruff_R040046-1__Be2_O4_Si1",
        "background": "0113__rruff_R050045-1__Ca1_F2"
      },
      "donor_rwp_percent": {
        "instrument": 5.159210709102735,
        "chemistry": 27.23933763789696,
        "microstructure": 10.499124209338653,
        "orientation": 23.377284296737603,
        "background": 10.345769455766266
      },
      "donor_peak_window_rwp": {
        "instrument": 5.48784949745101,
        "chemistry": 14.145313767601136,
        "microstructure": 14.501948057757202,
        "orientation": 23.591152254750387,
        "background": 11.85177861797737
      },
      "selected_sample_code": "1191__opxrd_000584__H1_Mg1_O1",
      "selected_peak_window_rwp": 5.48784949745101,
      "selected_peak_window_pearson": 0.9997162154875435,
      "selected_background_fraction": 0.33176687476325667
    },
    "original_sample_dir": "Na2O2_SG166",
    "original_cif_path": "phase.cif",
    "original_generated_xy_path": "generated.xy",
    "original_generation_params_json": "generation_params.json",
    "original_generation_quality_json": "generation_quality.json"
  },
  "quality": {
    "note": "These are theory-vs-generated synthetic quality indicators plus donor-template quality provenance. They are not Rietveld fit-to-experiment outputs.",
    "theory_vs_generated": {
      "profile_pearson": 0.9703042571205535,
      "profile_cosine": 0.9672702847804233,
      "rmse": 1.5866834646970334,
      "mae": 0.6786896606543049,
      "background_fraction_generated": 2.306416537007145,
      "top_peak_count_used": 20,
      "top_peak_height_log_mae": 0.5099820719456346,
      "top_peak_shift_abs_mean_deg": 0.12668362045288112,
      "peak_window_pearson": 0.9687486139605175,
      "peak_window_cosine": 0.9703872201124785
    },
    "donor_template_quality": {
      "selected_sample_code": "1191__opxrd_000584__H1_Mg1_O1",
      "selected_peak_window_rwp": 5.48784949745101,
      "selected_peak_window_pearson": 0.9997162154875435,
      "selected_background_fraction": 0.33176687476325667,
      "donor_rows": {
        "instrument": "1191__opxrd_000584__H1_Mg1_O1",
        "chemistry": "0016__rruff_R040030-1__C2_Ca1_Mg1_O6",
        "microstructure": "0154__rruff_R050130-1__C1_Ca1_O3",
        "orientation": "0024__rruff_R040046-1__Be2_O4_Si1",
        "background": "0113__rruff_R050045-1__Ca1_F2"
      },
      "donor_rwp_percent": {
        "instrument": 5.159210709102735,
        "chemistry": 27.23933763789696,
        "microstructure": 10.499124209338653,
        "orientation": 23.377284296737603,
        "background": 10.345769455766266
      },
      "donor_peak_window_rwp": {
        "instrument": 5.48784949745101,
        "chemistry": 14.145313767601136,
        "microstructure": 14.501948057757202,
        "orientation": 23.591152254750387,
        "background": 11.85177861797737
      }
    }
  },
  "generation_tier": "strict_core"
}
