{
  "sample_name": "Al_139",
  "phase_id": "mp-1239196",
  "formula": "Al",
  "space_group": 139,
  "space_group_symbol": "I4/mmm",
  "crystal_system": "tetragonal",
  "source_origin": "materials_project",
  "slot": "anchor",
  "formula_group_id": "Al1::sg::139",
  "descriptor": {
    "phase_id": "mp-1239196",
    "formula": "Al",
    "crystal_system": "tetragonal",
    "elements": [
      "Al"
    ],
    "density_g_cm3": 1.9056987811353803,
    "avg_z": 13.0,
    "max_z": 13.0,
    "heavy_fraction": 0.0,
    "transition_fraction": 0.0,
    "cell_lengths": [
      3.91801756,
      3.91801756,
      12.25233278
    ],
    "cell_angles": [
      90.0,
      90.0,
      90.0
    ],
    "cell_volume": 188.08386478866169,
    "cell_anisotropy": 3.1271765867225976,
    "anisotropy_index": 2.1271765867225976,
    "theoretical_peak_count": 32,
    "peak_density": 0.3764705882352941,
    "median_gap_deg": 1.8077239990234375,
    "crowded_fraction": 0.0967741935483871,
    "isolated_fraction": 0.6451612903225806,
    "simple_topology": false,
    "preferred_po_axis": [
      0,
      0,
      1
    ],
    "fluorescence_bucket": "none",
    "absorption_bucket": "light"
  },
  "generation": {
    "theta_min": 5.0,
    "theta_max": 90.0,
    "num_points": 8501,
    "template_rwp_percent": 10.402672957057197,
    "template_peak_window_rwp": 14.072753300217883,
    "template_peak_window_pearson": 0.9910622346999242,
    "synth_params": {
      "ka1": 1.5405929,
      "ka2": 1.5444274,
      "use_tch_profile": true,
      "sigma_scale": 0.8931250612088697,
      "kb_ratio": 0.0150001935948968,
      "use_fcj_asymmetry": true,
      "detector_nonlinearity": 0.0,
      "use_ka2": true,
      "caglioti_u": 0.0007621425101656935,
      "kb": 1.39225,
      "caglioti_w": 0.0005194843263096571,
      "detector_deadtime_coeff": 0.0,
      "axial_s_over_l": 0.0012,
      "sigma_min_deg": 0.008,
      "ka2_ratio": 0.48500200238216495,
      "caglioti_v": -0.009661657695328705,
      "sigma_deg": 0.01101934406440411,
      "use_kbeta": true,
      "beam_sample_ratio": 0.05,
      "fluorescence_level": 0.0,
      "muR": 0.012883265076918796,
      "trns": 0.001921343030325408,
      "fluorescence_decay": 3.0,
      "lorentz_z": 9.999931380289409e-09,
      "strain": 0.0004667909607517644,
      "pseudo_voigt_eta": 0.016775997756262973,
      "lorentz_size": 0.03,
      "macro_strain": 0.0,
      "sample_displacement_sr": -0.0006160756468993549,
      "size_nm": 234.28401912737408,
      "delta_deg": -0.009630389138422917,
      "lorentz_strain": 0.008,
      "po_r": 1.0,
      "air_scatter_level": 0.5841124571296695,
      "b3": 0.06477202067221789,
      "scatter_sigma_deg": 8.626581882942178,
      "b4": 0.06528002471603768,
      "scatter_level": 2.252817493722686,
      "compton_level": 0.010043269635365882,
      "holder_scatter_center_deg": 8.733630486426796,
      "a": 2.7860400406715473,
      "holder_scatter_level": 0.9617726180846972,
      "scatter_center_deg": 3.8378658127202927,
      "b5": 2.4817244509620853e-06,
      "poisson_counts_max": 3554.4,
      "air_scatter_floor": 0.023676712864369537,
      "b1": -1.9302030990920167,
      "b0": -1.304914537860174,
      "b2": 1.2713466601275605,
      "holder_scatter_sigma_deg": 1.4457971233688056,
      "po_hkl_axis": [
        0.0,
        1.0,
        0.0
      ],
      "final_normalize": true
    },
    "synth_sampling_meta": {
      "family_name": "anchor",
      "slot": "anchor",
      "source_family": "rruff_like",
      "preferred_source_family": "rruff_like",
      "descriptor": {
        "phase_id": "mp-1239196",
        "formula": "Al",
        "crystal_system": "tetragonal",
        "elements": [
          "Al"
        ],
        "density_g_cm3": 1.9056987811353803,
        "avg_z": 13.0,
        "max_z": 13.0,
        "heavy_fraction": 0.0,
        "transition_fraction": 0.0,
        "cell_lengths": [
          3.91801756,
          3.91801756,
          12.25233278
        ],
        "cell_angles": [
          90.0,
          90.0,
          90.0
        ],
        "cell_volume": 188.08386478866169,
        "cell_anisotropy": 3.1271765867225976,
        "anisotropy_index": 2.1271765867225976,
        "theoretical_peak_count": 32,
        "peak_density": 0.3764705882352941,
        "median_gap_deg": 1.8077239990234375,
        "crowded_fraction": 0.0967741935483871,
        "isolated_fraction": 0.6451612903225806,
        "simple_topology": false,
        "preferred_po_axis": [
          0,
          0,
          1
        ],
        "fluorescence_bucket": "none",
        "absorption_bucket": "light"
      },
      "attempt": 1,
      "donor_rows": {
        "instrument": "0114__rruff_R050046-1__Ca1_F2",
        "chemistry": "0113__rruff_R050045-1__Ca1_F2",
        "microstructure": "0040__rruff_R040072-1__O2_Sn1",
        "orientation": "0040__rruff_R040072-1__O2_Sn1",
        "background": "0415__rruff_R060150-1__Ca13_F10_H12_O34_Si10"
      },
      "donor_rwp_percent": {
        "instrument": 9.726468019402185,
        "chemistry": 10.345769455766266,
        "microstructure": 8.949317208747097,
        "orientation": 8.949317208747097,
        "background": 8.00315190123515
      },
      "donor_peak_window_rwp": {
        "instrument": 13.19345430738523,
        "chemistry": 11.85177861797737,
        "microstructure": 10.251782402398721,
        "orientation": 10.251782402398721,
        "background": 11.357098944708872
      },
      "selected_sample_code": "0114__rruff_R050046-1__Ca1_F2",
      "selected_peak_window_rwp": 13.19345430738523,
      "selected_peak_window_pearson": 0.9922526532206353,
      "selected_background_fraction": 0.11764110715388022
    },
    "original_sample_dir": "Al_SG139",
    "original_cif_path": "phase.cif",
    "original_generated_xy_path": "generated.xy",
    "original_generation_params_json": "generation_params.json",
    "original_generation_quality_json": "generation_quality.json"
  },
  "quality": {
    "note": "These are theory-vs-generated synthetic quality indicators plus donor-template quality provenance. They are not Rietveld fit-to-experiment outputs.",
    "theory_vs_generated": {
      "profile_pearson": 0.7522920114876274,
      "profile_cosine": 0.7600739997496297,
      "rmse": 4.190905953889728,
      "mae": 0.8883207146472025,
      "background_fraction_generated": -0.1548461682405476,
      "top_peak_count_used": 20,
      "top_peak_height_log_mae": 0.1750766306472714,
      "top_peak_shift_abs_mean_deg": 0.0658322257995616,
      "peak_window_pearson": 0.7033590717337561,
      "peak_window_cosine": 0.760680232499981
    },
    "donor_template_quality": {
      "selected_sample_code": "0114__rruff_R050046-1__Ca1_F2",
      "selected_peak_window_rwp": 13.19345430738523,
      "selected_peak_window_pearson": 0.9922526532206353,
      "selected_background_fraction": 0.11764110715388022,
      "donor_rows": {
        "instrument": "0114__rruff_R050046-1__Ca1_F2",
        "chemistry": "0113__rruff_R050045-1__Ca1_F2",
        "microstructure": "0040__rruff_R040072-1__O2_Sn1",
        "orientation": "0040__rruff_R040072-1__O2_Sn1",
        "background": "0415__rruff_R060150-1__Ca13_F10_H12_O34_Si10"
      },
      "donor_rwp_percent": {
        "instrument": 9.726468019402185,
        "chemistry": 10.345769455766266,
        "microstructure": 8.949317208747097,
        "orientation": 8.949317208747097,
        "background": 8.00315190123515
      },
      "donor_peak_window_rwp": {
        "instrument": 13.19345430738523,
        "chemistry": 11.85177861797737,
        "microstructure": 10.251782402398721,
        "orientation": 10.251782402398721,
        "background": 11.357098944708872
      }
    }
  },
  "generation_tier": "strict_core"
}
