{
  "sample_name": "P4O7_14",
  "phase_id": "mp-542622",
  "formula": "P4O7",
  "space_group": 14,
  "space_group_symbol": "P2_1/c",
  "crystal_system": "monoclinic",
  "source_origin": "materials_project",
  "slot": "profile",
  "formula_group_id": "O7|P4::sg::14",
  "descriptor": {
    "phase_id": "mp-542622",
    "formula": "P4O7",
    "crystal_system": "monoclinic",
    "elements": [
      "O",
      "P"
    ],
    "density_g_cm3": 2.02923018602261,
    "avg_z": 10.545454545454545,
    "max_z": 15.0,
    "heavy_fraction": 0.0,
    "transition_fraction": 0.0,
    "cell_lengths": [
      6.942302,
      10.68807,
      11.76533121
    ],
    "cell_angles": [
      90.0,
      117.81392767000001,
      90.0
    ],
    "cell_volume": 772.1272269706021,
    "cell_anisotropy": 1.6947305389480318,
    "anisotropy_index": 0.6947305389480318,
    "theoretical_peak_count": 594,
    "peak_density": 6.988235294117647,
    "median_gap_deg": 0.078521728515625,
    "crowded_fraction": 0.927487352445194,
    "isolated_fraction": 0.008431703204047217,
    "simple_topology": false,
    "preferred_po_axis": [
      0,
      0,
      1
    ],
    "fluorescence_bucket": "none",
    "absorption_bucket": "light"
  },
  "generation": {
    "theta_min": 5.0,
    "theta_max": 90.0,
    "num_points": 8501,
    "template_rwp_percent": 11.336277291932815,
    "template_peak_window_rwp": 11.208554719735723,
    "template_peak_window_pearson": 0.9683505557392063,
    "synth_params": {
      "ka1": 1.5405929,
      "ka2": 1.5444274,
      "use_tch_profile": true,
      "sigma_scale": 0.915935817612402,
      "kb_ratio": 0.01500880233919089,
      "use_fcj_asymmetry": true,
      "detector_nonlinearity": 0.0,
      "use_ka2": true,
      "caglioti_u": 0.031390575609021656,
      "kb": 1.39225,
      "caglioti_w": 0.0018448797995058975,
      "detector_deadtime_coeff": 0.0,
      "axial_s_over_l": 0.0012,
      "sigma_min_deg": 0.008,
      "ka2_ratio": 0.48492173130236843,
      "caglioti_v": 0.007351125729718566,
      "sigma_deg": 0.019353384537189586,
      "use_kbeta": true,
      "beam_sample_ratio": 0.05,
      "fluorescence_level": 0.0,
      "muR": 0.0,
      "trns": 0.0,
      "fluorescence_decay": 3.0,
      "lorentz_z": 0.00022963776115713248,
      "strain": 2.8585091953874865e-05,
      "pseudo_voigt_eta": -0.03819439894674802,
      "lorentz_size": 0.032,
      "macro_strain": 0.0,
      "sample_displacement_sr": -0.0009847952734493629,
      "size_nm": 180.0,
      "delta_deg": -0.009473085371824124,
      "lorentz_strain": 0.0039759046170622855,
      "po_r": 1.0,
      "air_scatter_level": 1e-08,
      "b3": -0.1848624278005454,
      "scatter_sigma_deg": 6.0,
      "b4": 0.20595308036552476,
      "scatter_level": 1e-08,
      "compton_level": 1e-08,
      "holder_scatter_center_deg": 15.0,
      "a": 2.456521703905162,
      "holder_scatter_level": 1e-08,
      "scatter_center_deg": 15.0,
      "b5": -1.0196444166448001e-06,
      "poisson_counts_max": 3486.5,
      "air_scatter_floor": 0.05,
      "b1": -4.44554467722384,
      "b0": 21.288767814184258,
      "b2": -1.9952642435986017,
      "holder_scatter_sigma_deg": 4.0,
      "po_hkl_axis": [
        0.0,
        1.0,
        0.0
      ],
      "final_normalize": true
    },
    "synth_sampling_meta": {
      "family_name": "profile",
      "slot": "profile",
      "source_family": "opxrd_like",
      "preferred_source_family": "opxrd_like",
      "descriptor": {
        "phase_id": "mp-542622",
        "formula": "P4O7",
        "crystal_system": "monoclinic",
        "elements": [
          "O",
          "P"
        ],
        "density_g_cm3": 2.02923018602261,
        "avg_z": 10.545454545454545,
        "max_z": 15.0,
        "heavy_fraction": 0.0,
        "transition_fraction": 0.0,
        "cell_lengths": [
          6.942302,
          10.68807,
          11.76533121
        ],
        "cell_angles": [
          90.0,
          117.81392767000001,
          90.0
        ],
        "cell_volume": 772.1272269706021,
        "cell_anisotropy": 1.6947305389480318,
        "anisotropy_index": 0.6947305389480318,
        "theoretical_peak_count": 594,
        "peak_density": 6.988235294117647,
        "median_gap_deg": 0.078521728515625,
        "crowded_fraction": 0.927487352445194,
        "isolated_fraction": 0.008431703204047217,
        "simple_topology": false,
        "preferred_po_axis": [
          0,
          0,
          1
        ],
        "fluorescence_bucket": "none",
        "absorption_bucket": "light"
      },
      "attempt": 1,
      "donor_rows": {
        "instrument": "1191__opxrd_000584__H1_Mg1_O1",
        "chemistry": "0328__rruff_R050520-1__Be1_Ca1_O5_P1",
        "microstructure": "0328__rruff_R050520-1__Be1_Ca1_O5_P1",
        "orientation": "0363__rruff_R050638-1__C2_Cu3_H2_O8",
        "background": "1191__opxrd_000584__H1_Mg1_O1"
      },
      "donor_rwp_percent": {
        "instrument": 5.159210709102735,
        "chemistry": 13.16757170747424,
        "microstructure": 13.16757170747424,
        "orientation": 11.336277291932815,
        "background": 5.159210709102735
      },
      "donor_peak_window_rwp": {
        "instrument": 5.48784949745101,
        "chemistry": 18.431471601339165,
        "microstructure": 18.431471601339165,
        "orientation": 11.208554719735723,
        "background": 5.48784949745101
      },
      "selected_sample_code": "1191__opxrd_000584__H1_Mg1_O1",
      "selected_peak_window_rwp": 5.48784949745101,
      "selected_peak_window_pearson": 0.9997162154875435,
      "selected_background_fraction": 0.5127638626915709
    },
    "original_sample_dir": "P4O7_SG14",
    "original_cif_path": "phase.cif",
    "original_generated_xy_path": "generated.xy",
    "original_generation_params_json": "generation_params.json",
    "original_generation_quality_json": "generation_quality.json"
  },
  "quality": {
    "note": "These are theory-vs-generated synthetic quality indicators plus donor-template quality provenance. They are not Rietveld fit-to-experiment outputs.",
    "theory_vs_generated": {
      "profile_pearson": 0.4919700323914095,
      "profile_cosine": 0.5190238464609577,
      "rmse": 4.3473292173612474,
      "mae": 1.725748097776554,
      "background_fraction_generated": 10.574048397671445,
      "top_peak_count_used": 20,
      "top_peak_height_log_mae": 16.607472092493243,
      "top_peak_shift_abs_mean_deg": 0.3102507495880122,
      "peak_window_pearson": 0.421363794978564,
      "peak_window_cosine": 0.523327590762458
    },
    "donor_template_quality": {
      "selected_sample_code": "1191__opxrd_000584__H1_Mg1_O1",
      "selected_peak_window_rwp": 5.48784949745101,
      "selected_peak_window_pearson": 0.9997162154875435,
      "selected_background_fraction": 0.5127638626915709,
      "donor_rows": {
        "instrument": "1191__opxrd_000584__H1_Mg1_O1",
        "chemistry": "0328__rruff_R050520-1__Be1_Ca1_O5_P1",
        "microstructure": "0328__rruff_R050520-1__Be1_Ca1_O5_P1",
        "orientation": "0363__rruff_R050638-1__C2_Cu3_H2_O8",
        "background": "1191__opxrd_000584__H1_Mg1_O1"
      },
      "donor_rwp_percent": {
        "instrument": 5.159210709102735,
        "chemistry": 13.16757170747424,
        "microstructure": 13.16757170747424,
        "orientation": 11.336277291932815,
        "background": 5.159210709102735
      },
      "donor_peak_window_rwp": {
        "instrument": 5.48784949745101,
        "chemistry": 18.431471601339165,
        "microstructure": 18.431471601339165,
        "orientation": 11.208554719735723,
        "background": 5.48784949745101
      }
    }
  },
  "generation_tier": "strict_core"
}
