{
  "sample_name": "Hg_194",
  "phase_id": "mp-1184554",
  "formula": "Hg",
  "space_group": 194,
  "space_group_symbol": "P6_3/mmc",
  "crystal_system": "hexagonal",
  "source_origin": "materials_project",
  "slot": "background",
  "formula_group_id": "Hg1::sg::194",
  "descriptor": {
    "phase_id": "mp-1184554",
    "formula": "Hg",
    "crystal_system": "hexagonal",
    "elements": [
      "Hg"
    ],
    "density_g_cm3": 11.696960417524727,
    "avg_z": 80.0,
    "max_z": 80.0,
    "heavy_fraction": 1.0,
    "transition_fraction": 1.0,
    "cell_lengths": [
      3.46180964,
      3.4618096399999994,
      5.48754828
    ],
    "cell_angles": [
      90.0,
      90.0,
      120.00000000000001
    ],
    "cell_volume": 56.95283559917349,
    "cell_anisotropy": 1.5851675426035272,
    "anisotropy_index": 0.5851675426035272,
    "theoretical_peak_count": 15,
    "peak_density": 0.17647058823529413,
    "median_gap_deg": 3.103404998779297,
    "crowded_fraction": 0.0,
    "isolated_fraction": 0.9285714285714286,
    "simple_topology": true,
    "preferred_po_axis": [
      0,
      0,
      1
    ],
    "fluorescence_bucket": "none",
    "absorption_bucket": "heavy"
  },
  "generation": {
    "theta_min": 5.0,
    "theta_max": 90.0,
    "num_points": 8501,
    "template_rwp_percent": 11.800676499373662,
    "template_peak_window_rwp": 16.67151917078972,
    "template_peak_window_pearson": 0.9867544375397198,
    "synth_params": {
      "ka1": 1.5405929,
      "ka2": 1.5444274,
      "use_tch_profile": true,
      "sigma_scale": 0.915935817612402,
      "kb_ratio": 0.01500880233919089,
      "use_fcj_asymmetry": true,
      "detector_nonlinearity": 0.0,
      "use_ka2": true,
      "caglioti_u": 0.031390575609021656,
      "kb": 1.39225,
      "caglioti_w": 0.0018448797995058975,
      "detector_deadtime_coeff": 0.0,
      "axial_s_over_l": 0.0012,
      "sigma_min_deg": 0.008,
      "ka2_ratio": 0.48492173130236843,
      "caglioti_v": 0.007351125729718566,
      "sigma_deg": 0.01878969372542678,
      "use_kbeta": true,
      "beam_sample_ratio": 0.05,
      "fluorescence_level": 0.0,
      "muR": 0.04,
      "trns": 0.0,
      "fluorescence_decay": 3.0,
      "lorentz_z": 0.00011692124277869222,
      "strain": 2.0890460626993178e-05,
      "pseudo_voigt_eta": -0.005038350347928382,
      "lorentz_size": 0.04,
      "macro_strain": 0.0,
      "sample_displacement_sr": -0.000335218198833255,
      "size_nm": 198.3215592988922,
      "delta_deg": -0.009437018111748793,
      "lorentz_strain": 0.0002876675853948984,
      "po_r": 1.0,
      "air_scatter_level": 1e-08,
      "b3": -0.1848624278005454,
      "scatter_sigma_deg": 6.0,
      "b4": 0.20595308036552476,
      "scatter_level": 1.2,
      "compton_level": 1e-08,
      "holder_scatter_center_deg": 15.0,
      "a": 2.456521703905162,
      "holder_scatter_level": 1e-08,
      "scatter_center_deg": 15.0,
      "b5": -1.0196444166448001e-06,
      "poisson_counts_max": 3119.5,
      "air_scatter_floor": 0.05,
      "b1": -4.44554467722384,
      "b0": 21.288767814184258,
      "b2": -1.9952642435986017,
      "holder_scatter_sigma_deg": 4.0,
      "po_hkl_axis": [
        0.0,
        1.0,
        0.0
      ],
      "final_normalize": true
    },
    "synth_sampling_meta": {
      "family_name": "background",
      "slot": "background",
      "source_family": "opxrd_like",
      "preferred_source_family": "opxrd_like",
      "descriptor": {
        "phase_id": "mp-1184554",
        "formula": "Hg",
        "crystal_system": "hexagonal",
        "elements": [
          "Hg"
        ],
        "density_g_cm3": 11.696960417524727,
        "avg_z": 80.0,
        "max_z": 80.0,
        "heavy_fraction": 1.0,
        "transition_fraction": 1.0,
        "cell_lengths": [
          3.46180964,
          3.4618096399999994,
          5.48754828
        ],
        "cell_angles": [
          90.0,
          90.0,
          120.00000000000001
        ],
        "cell_volume": 56.95283559917349,
        "cell_anisotropy": 1.5851675426035272,
        "anisotropy_index": 0.5851675426035272,
        "theoretical_peak_count": 15,
        "peak_density": 0.17647058823529413,
        "median_gap_deg": 3.103404998779297,
        "crowded_fraction": 0.0,
        "isolated_fraction": 0.9285714285714286,
        "simple_topology": true,
        "preferred_po_axis": [
          0,
          0,
          1
        ],
        "fluorescence_bucket": "none",
        "absorption_bucket": "heavy"
      },
      "attempt": 1,
      "donor_rows": {
        "instrument": "1191__opxrd_000584__H1_Mg1_O1",
        "chemistry": "1191__opxrd_000584__H1_Mg1_O1",
        "microstructure": "0254__rruff_R050369-1__Ca5_F1_O12_P3",
        "orientation": "0533__rruff_R060944-1__Al2_Be3_O18_Si6",
        "background": "1191__opxrd_000584__H1_Mg1_O1"
      },
      "donor_rwp_percent": {
        "instrument": 5.159210709102735,
        "chemistry": 5.159210709102735,
        "microstructure": 13.558574059798776,
        "orientation": 24.953573436185255,
        "background": 5.159210709102735
      },
      "donor_peak_window_rwp": {
        "instrument": 5.48784949745101,
        "chemistry": 5.48784949745101,
        "microstructure": 18.528929065551917,
        "orientation": 24.732929990013435,
        "background": 5.48784949745101
      },
      "selected_sample_code": "1191__opxrd_000584__H1_Mg1_O1",
      "selected_peak_window_rwp": 5.48784949745101,
      "selected_peak_window_pearson": 0.9997162154875435,
      "selected_background_fraction": 0.5127638626915709
    },
    "original_sample_dir": "Hg_SG194",
    "original_cif_path": "phase.cif",
    "original_generated_xy_path": "generated.xy",
    "original_generation_params_json": "generation_params.json",
    "original_generation_quality_json": "generation_quality.json"
  },
  "quality": {
    "note": "These are theory-vs-generated synthetic quality indicators plus donor-template quality provenance. They are not Rietveld fit-to-experiment outputs.",
    "theory_vs_generated": {
      "profile_pearson": 0.9187725930345343,
      "profile_cosine": 0.8611415813000004,
      "rmse": 2.672889272740177,
      "mae": 2.012276552259498,
      "background_fraction_generated": 9.037644555053339,
      "top_peak_count_used": 15,
      "top_peak_height_log_mae": 16.654697291585858,
      "top_peak_shift_abs_mean_deg": 0.283368855794271,
      "peak_window_pearson": 0.914485470559745,
      "peak_window_cosine": 0.9100058139865107
    },
    "donor_template_quality": {
      "selected_sample_code": "1191__opxrd_000584__H1_Mg1_O1",
      "selected_peak_window_rwp": 5.48784949745101,
      "selected_peak_window_pearson": 0.9997162154875435,
      "selected_background_fraction": 0.5127638626915709,
      "donor_rows": {
        "instrument": "1191__opxrd_000584__H1_Mg1_O1",
        "chemistry": "1191__opxrd_000584__H1_Mg1_O1",
        "microstructure": "0254__rruff_R050369-1__Ca5_F1_O12_P3",
        "orientation": "0533__rruff_R060944-1__Al2_Be3_O18_Si6",
        "background": "1191__opxrd_000584__H1_Mg1_O1"
      },
      "donor_rwp_percent": {
        "instrument": 5.159210709102735,
        "chemistry": 5.159210709102735,
        "microstructure": 13.558574059798776,
        "orientation": 24.953573436185255,
        "background": 5.159210709102735
      },
      "donor_peak_window_rwp": {
        "instrument": 5.48784949745101,
        "chemistry": 5.48784949745101,
        "microstructure": 18.528929065551917,
        "orientation": 24.732929990013435,
        "background": 5.48784949745101
      }
    }
  },
  "generation_tier": "strict_core"
}
