{
  "sample_name": "Li3NbO4_12",
  "phase_id": "cod_1572649",
  "formula": "Li3NbO4",
  "space_group": 12,
  "space_group_symbol": "C2/m",
  "crystal_system": "monoclinic",
  "source_origin": "cod",
  "slot": "background",
  "formula_group_id": "Li3|Nb1|O4::sg::12",
  "descriptor": {
    "phase_id": "cod_1572649",
    "formula": "Li3NbO4",
    "crystal_system": "monoclinic",
    "elements": [
      "Li",
      "Nb",
      "O"
    ],
    "density_g_cm3": 3.891886676812438,
    "avg_z": 10.25,
    "max_z": 41.0,
    "heavy_fraction": 0.125,
    "transition_fraction": 0.125,
    "cell_lengths": [
      10.389,
      11.9401,
      5.201
    ],
    "cell_angles": [
      90.0,
      109.899,
      90.0
    ],
    "cell_volume": 606.6417003341462,
    "cell_anisotropy": 2.295731590078831,
    "anisotropy_index": 1.295731590078831,
    "theoretical_peak_count": 256,
    "peak_density": 3.011764705882353,
    "median_gap_deg": 0.06511688232421875,
    "crowded_fraction": 0.7647058823529411,
    "isolated_fraction": 0.06274509803921569,
    "simple_topology": false,
    "preferred_po_axis": [
      0,
      1,
      0
    ],
    "fluorescence_bucket": "moderate",
    "absorption_bucket": "medium"
  },
  "generation": {
    "theta_min": 5.0,
    "theta_max": 90.0,
    "num_points": 8501,
    "template_rwp_percent": 15.143708118394594,
    "template_peak_window_rwp": 18.848401616478842,
    "template_peak_window_pearson": 0.9850067327473799,
    "synth_params": {
      "ka1": 1.5405929,
      "ka2": 1.5444274,
      "use_tch_profile": true,
      "sigma_scale": 0.915935817612402,
      "kb_ratio": 0.01500880233919089,
      "use_fcj_asymmetry": true,
      "detector_nonlinearity": 0.0,
      "use_ka2": true,
      "caglioti_u": 0.031390575609021656,
      "kb": 1.39225,
      "caglioti_w": 0.0018448797995058975,
      "detector_deadtime_coeff": 0.0,
      "axial_s_over_l": 0.0012,
      "sigma_min_deg": 0.008,
      "ka2_ratio": 0.48492173130236843,
      "caglioti_v": 0.007351125729718566,
      "sigma_deg": 0.01878969372542678,
      "use_kbeta": true,
      "beam_sample_ratio": 0.05,
      "fluorescence_level": 1.0,
      "muR": 0.01,
      "trns": 0.08,
      "fluorescence_decay": 2.999999996363511,
      "lorentz_z": 1e-08,
      "strain": 0.0010325676213719568,
      "pseudo_voigt_eta": 0.020110358354006107,
      "lorentz_size": 0.03,
      "macro_strain": 0.0004521522997046588,
      "sample_displacement_sr": -0.0013200177097047237,
      "size_nm": 179.35601663975996,
      "delta_deg": -0.008934743762253434,
      "lorentz_strain": 0.008,
      "po_r": 1.0,
      "air_scatter_level": 0.0699409243167614,
      "b3": 0.2867560980286222,
      "scatter_sigma_deg": 2.4032796574175057,
      "b4": 0.0724132652676619,
      "scatter_level": 1.2,
      "compton_level": 0.3373117747484129,
      "holder_scatter_center_deg": 5.59236850449496,
      "a": 1.0,
      "holder_scatter_level": 0.4253962331563511,
      "scatter_center_deg": 12.576372474115276,
      "b5": 0.11107137416839634,
      "poisson_counts_max": 900.0,
      "air_scatter_floor": 0.3489504647724788,
      "b1": -1.0907857618693582,
      "b0": 7.411490744712526,
      "b2": -0.040521856813679515,
      "holder_scatter_sigma_deg": 3.6823886828917276,
      "po_hkl_axis": [
        0.0,
        1.0,
        0.0
      ],
      "final_normalize": true
    },
    "synth_sampling_meta": {
      "family_name": "background",
      "slot": "background",
      "source_family": "opxrd_like",
      "preferred_source_family": "opxrd_like",
      "descriptor": {
        "phase_id": "cod_1572649",
        "formula": "Li3NbO4",
        "crystal_system": "monoclinic",
        "elements": [
          "Li",
          "Nb",
          "O"
        ],
        "density_g_cm3": 3.891886676812438,
        "avg_z": 10.25,
        "max_z": 41.0,
        "heavy_fraction": 0.125,
        "transition_fraction": 0.125,
        "cell_lengths": [
          10.389,
          11.9401,
          5.201
        ],
        "cell_angles": [
          90.0,
          109.899,
          90.0
        ],
        "cell_volume": 606.6417003341462,
        "cell_anisotropy": 2.295731590078831,
        "anisotropy_index": 1.295731590078831,
        "theoretical_peak_count": 256,
        "peak_density": 3.011764705882353,
        "median_gap_deg": 0.06511688232421875,
        "crowded_fraction": 0.7647058823529411,
        "isolated_fraction": 0.06274509803921569,
        "simple_topology": false,
        "preferred_po_axis": [
          0,
          1,
          0
        ],
        "fluorescence_bucket": "moderate",
        "absorption_bucket": "medium"
      },
      "attempt": 1,
      "donor_rows": {
        "instrument": "1191__opxrd_000584__H1_Mg1_O1",
        "chemistry": "0363__rruff_R050638-1__C2_Cu3_H2_O8",
        "microstructure": "0593__rruff_R070576-1__Be2_Na4_O20_Si6_Sn1",
        "orientation": "0136__rruff_R050100-1__Al2_O7_P1",
        "background": "0416__rruff_R060151-1__Ca2_Nb2_O7"
      },
      "donor_rwp_percent": {
        "instrument": 5.159210709102735,
        "chemistry": 11.336277291932815,
        "microstructure": 9.858207442453974,
        "orientation": 11.140544664536845,
        "background": 10.768191488948645
      },
      "donor_peak_window_rwp": {
        "instrument": 5.48784949745101,
        "chemistry": 11.208554719735723,
        "microstructure": 13.521151339036324,
        "orientation": 15.446070104443251,
        "background": 15.790698905860124
      },
      "selected_sample_code": "1191__opxrd_000584__H1_Mg1_O1",
      "selected_peak_window_rwp": 5.48784949745101,
      "selected_peak_window_pearson": 0.9997162154875435,
      "selected_background_fraction": 0.5803735966783352
    },
    "original_sample_dir": "Li3NbO4_SG12",
    "original_cif_path": "phase.cif",
    "original_generated_xy_path": "generated.xy",
    "original_generation_params_json": "generation_params.json",
    "original_generation_quality_json": "generation_quality.json"
  },
  "quality": {
    "note": "These are theory-vs-generated synthetic quality indicators plus donor-template quality provenance. They are not Rietveld fit-to-experiment outputs.",
    "theory_vs_generated": {
      "profile_pearson": 0.41416252840675427,
      "profile_cosine": 0.46805937259381364,
      "rmse": 5.846913192077328,
      "mae": 2.6271313144446102,
      "background_fraction_generated": 2.6071833275312213,
      "top_peak_count_used": 20,
      "top_peak_height_log_mae": 0.5014668165902797,
      "top_peak_shift_abs_mean_deg": 0.1455655517578128,
      "peak_window_pearson": 0.24216504817039658,
      "peak_window_cosine": 0.46017304532249675
    },
    "donor_template_quality": {
      "selected_sample_code": "1191__opxrd_000584__H1_Mg1_O1",
      "selected_peak_window_rwp": 5.48784949745101,
      "selected_peak_window_pearson": 0.9997162154875435,
      "selected_background_fraction": 0.5803735966783352,
      "donor_rows": {
        "instrument": "1191__opxrd_000584__H1_Mg1_O1",
        "chemistry": "0363__rruff_R050638-1__C2_Cu3_H2_O8",
        "microstructure": "0593__rruff_R070576-1__Be2_Na4_O20_Si6_Sn1",
        "orientation": "0136__rruff_R050100-1__Al2_O7_P1",
        "background": "0416__rruff_R060151-1__Ca2_Nb2_O7"
      },
      "donor_rwp_percent": {
        "instrument": 5.159210709102735,
        "chemistry": 11.336277291932815,
        "microstructure": 9.858207442453974,
        "orientation": 11.140544664536845,
        "background": 10.768191488948645
      },
      "donor_peak_window_rwp": {
        "instrument": 5.48784949745101,
        "chemistry": 11.208554719735723,
        "microstructure": 13.521151339036324,
        "orientation": 15.446070104443251,
        "background": 15.790698905860124
      }
    }
  },
  "generation_tier": "strict_core"
}
