{
  "sample_name": "SnRh_194",
  "phase_id": "cod_9008915",
  "formula": "SnRh",
  "space_group": 194,
  "space_group_symbol": "P6_3/mmc",
  "crystal_system": "hexagonal",
  "source_origin": "cod",
  "slot": "background",
  "formula_group_id": "Rh1|Sn1::sg::194",
  "descriptor": {
    "phase_id": "cod_9008915",
    "formula": "SnRh",
    "crystal_system": "hexagonal",
    "elements": [
      "Rh",
      "Sn"
    ],
    "density_g_cm3": 8.122413066557048,
    "avg_z": 47.5,
    "max_z": 50.0,
    "heavy_fraction": 1.0,
    "transition_fraction": 0.5,
    "cell_lengths": [
      4.34,
      4.34,
      5.555
    ],
    "cell_angles": [
      90.0,
      90.0,
      119.99999999999999
    ],
    "cell_volume": 90.61376047062566,
    "cell_anisotropy": 1.2799539170506913,
    "anisotropy_index": 0.2799539170506913,
    "theoretical_peak_count": 21,
    "peak_density": 0.24705882352941178,
    "median_gap_deg": 2.4993743896484375,
    "crowded_fraction": 0.0,
    "isolated_fraction": 0.8,
    "simple_topology": true,
    "preferred_po_axis": [
      0,
      0,
      1
    ],
    "fluorescence_bucket": "moderate",
    "absorption_bucket": "heavy"
  },
  "generation": {
    "theta_min": 5.0,
    "theta_max": 90.0,
    "num_points": 8501,
    "template_rwp_percent": 11.800676499373662,
    "template_peak_window_rwp": 16.67151917078972,
    "template_peak_window_pearson": 0.9867544375397198,
    "synth_params": {
      "ka1": 1.5405929,
      "ka2": 1.5444274,
      "use_tch_profile": true,
      "sigma_scale": 0.915935817612402,
      "kb_ratio": 0.01500880233919089,
      "use_fcj_asymmetry": true,
      "detector_nonlinearity": 0.0,
      "use_ka2": true,
      "caglioti_u": 0.031390575609021656,
      "kb": 1.39225,
      "caglioti_w": 0.0018448797995058975,
      "detector_deadtime_coeff": 0.0,
      "axial_s_over_l": 0.0012,
      "sigma_min_deg": 0.008,
      "ka2_ratio": 0.48492173130236843,
      "caglioti_v": 0.007351125729718566,
      "sigma_deg": 0.01878969372542678,
      "use_kbeta": true,
      "beam_sample_ratio": 0.05,
      "fluorescence_level": 1.0,
      "muR": 0.04,
      "trns": 0.0,
      "fluorescence_decay": 3.0,
      "lorentz_z": 0.0008092244694276425,
      "strain": 0.0008042135713188451,
      "pseudo_voigt_eta": 0.020010774191156322,
      "lorentz_size": 0.04,
      "macro_strain": -7.437150512546847e-08,
      "sample_displacement_sr": -0.00034450329987056254,
      "size_nm": 120.000000012,
      "delta_deg": -0.009912964306431212,
      "lorentz_strain": 0.01,
      "po_r": 1.0,
      "air_scatter_level": 1e-08,
      "b3": -0.1848624278005454,
      "scatter_sigma_deg": 6.0,
      "b4": 0.20595308036552476,
      "scatter_level": 1.2,
      "compton_level": 1e-08,
      "holder_scatter_center_deg": 15.0,
      "a": 2.456521703905162,
      "holder_scatter_level": 1e-08,
      "scatter_center_deg": 15.0,
      "b5": -1.0196444166448001e-06,
      "poisson_counts_max": 3119.5,
      "air_scatter_floor": 0.05,
      "b1": -4.44554467722384,
      "b0": 21.288767814184258,
      "b2": -1.9952642435986017,
      "holder_scatter_sigma_deg": 4.0,
      "po_hkl_axis": [
        0.0,
        1.0,
        0.0
      ],
      "final_normalize": true
    },
    "synth_sampling_meta": {
      "family_name": "background",
      "slot": "background",
      "source_family": "opxrd_like",
      "preferred_source_family": "opxrd_like",
      "descriptor": {
        "phase_id": "cod_9008915",
        "formula": "SnRh",
        "crystal_system": "hexagonal",
        "elements": [
          "Rh",
          "Sn"
        ],
        "density_g_cm3": 8.122413066557048,
        "avg_z": 47.5,
        "max_z": 50.0,
        "heavy_fraction": 1.0,
        "transition_fraction": 0.5,
        "cell_lengths": [
          4.34,
          4.34,
          5.555
        ],
        "cell_angles": [
          90.0,
          90.0,
          119.99999999999999
        ],
        "cell_volume": 90.61376047062566,
        "cell_anisotropy": 1.2799539170506913,
        "anisotropy_index": 0.2799539170506913,
        "theoretical_peak_count": 21,
        "peak_density": 0.24705882352941178,
        "median_gap_deg": 2.4993743896484375,
        "crowded_fraction": 0.0,
        "isolated_fraction": 0.8,
        "simple_topology": true,
        "preferred_po_axis": [
          0,
          0,
          1
        ],
        "fluorescence_bucket": "moderate",
        "absorption_bucket": "heavy"
      },
      "attempt": 1,
      "donor_rows": {
        "instrument": "1191__opxrd_000584__H1_Mg1_O1",
        "chemistry": "0608__rruff_R090045-1__Cd1_S1",
        "microstructure": "0389__rruff_R060027-1__O1_Zn1",
        "orientation": "0314__rruff_R050492-1__O1_Zn1",
        "background": "1191__opxrd_000584__H1_Mg1_O1"
      },
      "donor_rwp_percent": {
        "instrument": 5.159210709102735,
        "chemistry": 30.88090151282266,
        "microstructure": 24.453222087676167,
        "orientation": 21.029857301235502,
        "background": 5.159210709102735
      },
      "donor_peak_window_rwp": {
        "instrument": 5.48784949745101,
        "chemistry": 25.6560935570999,
        "microstructure": 21.08501543119881,
        "orientation": 19.69336809879984,
        "background": 5.48784949745101
      },
      "selected_sample_code": "1191__opxrd_000584__H1_Mg1_O1",
      "selected_peak_window_rwp": 5.48784949745101,
      "selected_peak_window_pearson": 0.9997162154875435,
      "selected_background_fraction": 0.5127638626915709
    },
    "original_sample_dir": "SnRh_SG194",
    "original_cif_path": "phase.cif",
    "original_generated_xy_path": "generated.xy",
    "original_generation_params_json": "generation_params.json",
    "original_generation_quality_json": "generation_quality.json"
  },
  "quality": {
    "note": "These are theory-vs-generated synthetic quality indicators plus donor-template quality provenance. They are not Rietveld fit-to-experiment outputs.",
    "theory_vs_generated": {
      "profile_pearson": 0.8864988649511282,
      "profile_cosine": 0.8481381758076489,
      "rmse": 4.196468674226421,
      "mae": 2.74968221453598,
      "background_fraction_generated": 6.490658642030895,
      "top_peak_count_used": 20,
      "top_peak_height_log_mae": 15.221267469295498,
      "top_peak_shift_abs_mean_deg": 0.26525568008422784,
      "peak_window_pearson": 0.8807250065234622,
      "peak_window_cosine": 0.8802214407770156
    },
    "donor_template_quality": {
      "selected_sample_code": "1191__opxrd_000584__H1_Mg1_O1",
      "selected_peak_window_rwp": 5.48784949745101,
      "selected_peak_window_pearson": 0.9997162154875435,
      "selected_background_fraction": 0.5127638626915709,
      "donor_rows": {
        "instrument": "1191__opxrd_000584__H1_Mg1_O1",
        "chemistry": "0608__rruff_R090045-1__Cd1_S1",
        "microstructure": "0389__rruff_R060027-1__O1_Zn1",
        "orientation": "0314__rruff_R050492-1__O1_Zn1",
        "background": "1191__opxrd_000584__H1_Mg1_O1"
      },
      "donor_rwp_percent": {
        "instrument": 5.159210709102735,
        "chemistry": 30.88090151282266,
        "microstructure": 24.453222087676167,
        "orientation": 21.029857301235502,
        "background": 5.159210709102735
      },
      "donor_peak_window_rwp": {
        "instrument": 5.48784949745101,
        "chemistry": 25.6560935570999,
        "microstructure": 21.08501543119881,
        "orientation": 19.69336809879984,
        "background": 5.48784949745101
      }
    }
  },
  "generation_tier": "strict_core"
}
