{
  "sample_name": "H2O_19",
  "phase_id": "mp-558226",
  "formula": "H2O",
  "space_group": 19,
  "space_group_symbol": "P2_12_12_1",
  "crystal_system": "orthorhombic",
  "source_origin": "materials_project",
  "slot": "profile",
  "formula_group_id": "H2|O1::sg::19",
  "descriptor": {
    "phase_id": "mp-558226",
    "formula": "H2O",
    "crystal_system": "orthorhombic",
    "elements": [
      "H",
      "O"
    ],
    "density_g_cm3": 1.4344078853905275,
    "avg_z": 3.3333333333333335,
    "max_z": 8.0,
    "heavy_fraction": 0.0,
    "transition_fraction": 0.0,
    "cell_lengths": [
      3.9133266699999996,
      7.888266680000001,
      8.10720272
    ],
    "cell_angles": [
      90.00495625,
      90.00860154000002,
      90.01589524000002
    ],
    "cell_volume": 250.26418146931897,
    "cell_anisotropy": 2.071690764318431,
    "anisotropy_index": 1.071690764318431,
    "theoretical_peak_count": 376,
    "peak_density": 4.423529411764706,
    "median_gap_deg": 0.0088958740234375,
    "crowded_fraction": 0.8346666666666667,
    "isolated_fraction": 0.034666666666666665,
    "simple_topology": false,
    "preferred_po_axis": [
      0,
      0,
      1
    ],
    "fluorescence_bucket": "none",
    "absorption_bucket": "light"
  },
  "generation": {
    "theta_min": 5.0,
    "theta_max": 90.0,
    "num_points": 8501,
    "template_rwp_percent": 13.402713244316242,
    "template_peak_window_rwp": 13.36610465902315,
    "template_peak_window_pearson": 0.9814392226643239,
    "synth_params": {
      "ka1": 1.5405929,
      "ka2": 1.5444274,
      "use_tch_profile": true,
      "sigma_scale": 0.915935817612402,
      "kb_ratio": 0.01500880233919089,
      "use_fcj_asymmetry": true,
      "detector_nonlinearity": 0.0,
      "use_ka2": true,
      "caglioti_u": 0.031390575609021656,
      "kb": 1.39225,
      "caglioti_w": 0.0018448797995058975,
      "detector_deadtime_coeff": 0.0,
      "axial_s_over_l": 0.0012,
      "sigma_min_deg": 0.008,
      "ka2_ratio": 0.48492173130236843,
      "caglioti_v": 0.007351125729718566,
      "sigma_deg": 0.019353384537189586,
      "use_kbeta": true,
      "beam_sample_ratio": 0.05,
      "fluorescence_level": 0.0,
      "muR": 0.00022647846133020994,
      "trns": 0.12042788440024665,
      "fluorescence_decay": 3.0,
      "lorentz_z": 1.5645828633159685e-09,
      "strain": 0.0006171197675349993,
      "pseudo_voigt_eta": -0.02832616942482371,
      "lorentz_size": 0.0041905693505079385,
      "macro_strain": 0.0005323979057762744,
      "sample_displacement_sr": -0.0007285361716417273,
      "size_nm": 180.0,
      "delta_deg": -0.002887374160871701,
      "lorentz_strain": 0.009,
      "po_r": 1.0,
      "air_scatter_level": 1e-08,
      "b3": -0.1848624278005454,
      "scatter_sigma_deg": 6.0,
      "b4": 0.20595308036552476,
      "scatter_level": 1e-08,
      "compton_level": 1e-08,
      "holder_scatter_center_deg": 15.0,
      "a": 2.456521703905162,
      "holder_scatter_level": 1e-08,
      "scatter_center_deg": 15.0,
      "b5": -1.0196444166448001e-06,
      "poisson_counts_max": 3486.5,
      "air_scatter_floor": 0.05,
      "b1": -4.44554467722384,
      "b0": 21.288767814184258,
      "b2": -1.9952642435986017,
      "holder_scatter_sigma_deg": 4.0,
      "po_hkl_axis": [
        0.0,
        1.0,
        0.0
      ],
      "final_normalize": true
    },
    "synth_sampling_meta": {
      "family_name": "profile",
      "slot": "profile",
      "source_family": "opxrd_like",
      "preferred_source_family": "opxrd_like",
      "descriptor": {
        "phase_id": "mp-558226",
        "formula": "H2O",
        "crystal_system": "orthorhombic",
        "elements": [
          "H",
          "O"
        ],
        "density_g_cm3": 1.4344078853905275,
        "avg_z": 3.3333333333333335,
        "max_z": 8.0,
        "heavy_fraction": 0.0,
        "transition_fraction": 0.0,
        "cell_lengths": [
          3.9133266699999996,
          7.888266680000001,
          8.10720272
        ],
        "cell_angles": [
          90.00495625,
          90.00860154000002,
          90.01589524000002
        ],
        "cell_volume": 250.26418146931897,
        "cell_anisotropy": 2.071690764318431,
        "anisotropy_index": 1.071690764318431,
        "theoretical_peak_count": 376,
        "peak_density": 4.423529411764706,
        "median_gap_deg": 0.0088958740234375,
        "crowded_fraction": 0.8346666666666667,
        "isolated_fraction": 0.034666666666666665,
        "simple_topology": false,
        "preferred_po_axis": [
          0,
          0,
          1
        ],
        "fluorescence_bucket": "none",
        "absorption_bucket": "light"
      },
      "attempt": 1,
      "donor_rows": {
        "instrument": "1191__opxrd_000584__H1_Mg1_O1",
        "chemistry": "0181__rruff_R050200-1__Al2_F2_O4_Si1",
        "microstructure": "0391__rruff_R060042-1__As1_Mg1_O8",
        "orientation": "0607__rruff_R090034-1__F6_K1_Na1_Si1",
        "background": "1191__opxrd_000584__H1_Mg1_O1"
      },
      "donor_rwp_percent": {
        "instrument": 5.159210709102735,
        "chemistry": 23.384740001121493,
        "microstructure": 18.11520983114812,
        "orientation": 25.289984456519914,
        "background": 5.159210709102735
      },
      "donor_peak_window_rwp": {
        "instrument": 5.48784949745101,
        "chemistry": 22.398779644575264,
        "microstructure": 17.897348265328343,
        "orientation": 24.951723644317994,
        "background": 5.48784949745101
      },
      "selected_sample_code": "1191__opxrd_000584__H1_Mg1_O1",
      "selected_peak_window_rwp": 5.48784949745101,
      "selected_peak_window_pearson": 0.9997162154875435,
      "selected_background_fraction": 0.5127638626915709
    },
    "original_sample_dir": "H2O_SG19",
    "original_cif_path": "phase.cif",
    "original_generated_xy_path": "generated.xy",
    "original_generation_params_json": "generation_params.json",
    "original_generation_quality_json": "generation_quality.json"
  },
  "quality": {
    "note": "These are theory-vs-generated synthetic quality indicators plus donor-template quality provenance. They are not Rietveld fit-to-experiment outputs.",
    "theory_vs_generated": {
      "profile_pearson": 0.8404618536705524,
      "profile_cosine": 0.8431662083773614,
      "rmse": 3.307925755745306,
      "mae": 0.9524479800342984,
      "background_fraction_generated": 14.40861223294693,
      "top_peak_count_used": 20,
      "top_peak_height_log_mae": 9.30058265171094,
      "top_peak_shift_abs_mean_deg": 0.2144563102722163,
      "peak_window_pearson": 0.8001874210142326,
      "peak_window_cosine": 0.8445468505654716
    },
    "donor_template_quality": {
      "selected_sample_code": "1191__opxrd_000584__H1_Mg1_O1",
      "selected_peak_window_rwp": 5.48784949745101,
      "selected_peak_window_pearson": 0.9997162154875435,
      "selected_background_fraction": 0.5127638626915709,
      "donor_rows": {
        "instrument": "1191__opxrd_000584__H1_Mg1_O1",
        "chemistry": "0181__rruff_R050200-1__Al2_F2_O4_Si1",
        "microstructure": "0391__rruff_R060042-1__As1_Mg1_O8",
        "orientation": "0607__rruff_R090034-1__F6_K1_Na1_Si1",
        "background": "1191__opxrd_000584__H1_Mg1_O1"
      },
      "donor_rwp_percent": {
        "instrument": 5.159210709102735,
        "chemistry": 23.384740001121493,
        "microstructure": 18.11520983114812,
        "orientation": 25.289984456519914,
        "background": 5.159210709102735
      },
      "donor_peak_window_rwp": {
        "instrument": 5.48784949745101,
        "chemistry": 22.398779644575264,
        "microstructure": 17.897348265328343,
        "orientation": 24.951723644317994,
        "background": 5.48784949745101
      }
    }
  },
  "generation_tier": "strict_core"
}
