{
  "sample_name": "Na7N36Cl7_148",
  "phase_id": "cod_2310455",
  "formula": "Na7N36Cl7",
  "space_group": 148,
  "space_group_symbol": "R-3",
  "crystal_system": "trigonal",
  "source_origin": "cod",
  "slot": "profile",
  "formula_group_id": "Cl7|N36|Na7::sg::148",
  "descriptor": {
    "phase_id": "cod_2310455",
    "formula": "Na7N36Cl7",
    "crystal_system": "trigonal",
    "elements": [
      "Cl",
      "N",
      "Na"
    ],
    "density_g_cm3": 1.0138574518888022,
    "avg_z": 8.96,
    "max_z": 17.0,
    "heavy_fraction": 0.0,
    "transition_fraction": 0.0,
    "cell_lengths": [
      23.665,
      23.665,
      9.253
    ],
    "cell_angles": [
      90.0,
      90.0,
      120.00000000000001
    ],
    "cell_volume": 4487.724743939648,
    "cell_anisotropy": 2.5575489030584673,
    "anisotropy_index": 1.5575489030584673,
    "theoretical_peak_count": 363,
    "peak_density": 4.270588235294118,
    "median_gap_deg": 0.1288604736328125,
    "crowded_fraction": 0.8646408839779005,
    "isolated_fraction": 0.022099447513812154,
    "simple_topology": false,
    "preferred_po_axis": [
      0,
      0,
      1
    ],
    "fluorescence_bucket": "none",
    "absorption_bucket": "light"
  },
  "generation": {
    "theta_min": 5.0,
    "theta_max": 90.0,
    "num_points": 8501,
    "template_rwp_percent": 27.08433368266328,
    "template_peak_window_rwp": 13.745715758604918,
    "template_peak_window_pearson": 0.9972437717636932,
    "synth_params": {
      "ka1": 1.5405929,
      "ka2": 1.5444274,
      "use_tch_profile": true,
      "sigma_scale": 0.915935817612402,
      "kb_ratio": 0.01500880233919089,
      "use_fcj_asymmetry": true,
      "detector_nonlinearity": 0.0,
      "use_ka2": true,
      "caglioti_u": 0.031390575609021656,
      "kb": 1.39225,
      "caglioti_w": 0.0018448797995058975,
      "detector_deadtime_coeff": 0.0,
      "axial_s_over_l": 0.0012,
      "sigma_min_deg": 0.008,
      "ka2_ratio": 0.48492173130236843,
      "caglioti_v": 0.007351125729718566,
      "sigma_deg": 0.019353384537189586,
      "use_kbeta": true,
      "beam_sample_ratio": 0.05,
      "fluorescence_level": 0.0,
      "muR": 0.000927906848286122,
      "trns": 0.18,
      "fluorescence_decay": 3.0,
      "lorentz_z": 3.3679648113191833e-06,
      "strain": 0.002390372438722717,
      "pseudo_voigt_eta": -0.04623213203649431,
      "lorentz_size": 0.032,
      "macro_strain": 0.0005150806303109514,
      "sample_displacement_sr": -0.0008370319034259689,
      "size_nm": 180.0,
      "delta_deg": -0.008556667464494017,
      "lorentz_strain": 0.00500475263229283,
      "po_r": 1.0,
      "air_scatter_level": 2.5713685049682047,
      "b3": 0.131822212950664,
      "scatter_sigma_deg": 8.164588744645966,
      "b4": 0.47136977703259,
      "scatter_level": 0.1620157148192672,
      "compton_level": 0.9055471748523348,
      "holder_scatter_center_deg": 9.092422351688583,
      "a": 1.5910181007450837,
      "holder_scatter_level": 0.36058021299606424,
      "scatter_center_deg": 5.409510339587221,
      "b5": -0.6213851729507031,
      "poisson_counts_max": 3453.25,
      "air_scatter_floor": 0.10898812675762802,
      "b1": 0.06967746317460986,
      "b0": 9.272668067947018,
      "b2": -1.0419314037805136,
      "holder_scatter_sigma_deg": 7.840182688270039,
      "po_hkl_axis": [
        0.0,
        1.0,
        0.0
      ],
      "final_normalize": true
    },
    "synth_sampling_meta": {
      "family_name": "profile",
      "slot": "profile",
      "source_family": "opxrd_like",
      "preferred_source_family": "opxrd_like",
      "descriptor": {
        "phase_id": "cod_2310455",
        "formula": "Na7N36Cl7",
        "crystal_system": "trigonal",
        "elements": [
          "Cl",
          "N",
          "Na"
        ],
        "density_g_cm3": 1.0138574518888022,
        "avg_z": 8.96,
        "max_z": 17.0,
        "heavy_fraction": 0.0,
        "transition_fraction": 0.0,
        "cell_lengths": [
          23.665,
          23.665,
          9.253
        ],
        "cell_angles": [
          90.0,
          90.0,
          120.00000000000001
        ],
        "cell_volume": 4487.724743939648,
        "cell_anisotropy": 2.5575489030584673,
        "anisotropy_index": 1.5575489030584673,
        "theoretical_peak_count": 363,
        "peak_density": 4.270588235294118,
        "median_gap_deg": 0.1288604736328125,
        "crowded_fraction": 0.8646408839779005,
        "isolated_fraction": 0.022099447513812154,
        "simple_topology": false,
        "preferred_po_axis": [
          0,
          0,
          1
        ],
        "fluorescence_bucket": "none",
        "absorption_bucket": "light"
      },
      "attempt": 1,
      "donor_rows": {
        "instrument": "1191__opxrd_000584__H1_Mg1_O1",
        "chemistry": "0385__rruff_R060020-1__Al2_O3",
        "microstructure": "0415__rruff_R060150-1__Ca13_F10_H12_O34_Si10",
        "orientation": "0016__rruff_R040030-1__C2_Ca1_Mg1_O6",
        "background": "0016__rruff_R040030-1__C2_Ca1_Mg1_O6"
      },
      "donor_rwp_percent": {
        "instrument": 5.159210709102735,
        "chemistry": 26.257958244816827,
        "microstructure": 8.00315190123515,
        "orientation": 27.23933763789696,
        "background": 27.23933763789696
      },
      "donor_peak_window_rwp": {
        "instrument": 5.48784949745101,
        "chemistry": 19.032257431869365,
        "microstructure": 11.357098944708872,
        "orientation": 14.145313767601136,
        "background": 14.145313767601136
      },
      "selected_sample_code": "1191__opxrd_000584__H1_Mg1_O1",
      "selected_peak_window_rwp": 5.48784949745101,
      "selected_peak_window_pearson": 0.9997162154875435,
      "selected_background_fraction": 0.5302922580835425
    },
    "original_sample_dir": "Na7N36Cl7_SG148",
    "original_cif_path": "phase.cif",
    "original_generated_xy_path": "generated.xy",
    "original_generation_params_json": "generation_params.json",
    "original_generation_quality_json": "generation_quality.json"
  },
  "quality": {
    "note": "These are theory-vs-generated synthetic quality indicators plus donor-template quality provenance. They are not Rietveld fit-to-experiment outputs.",
    "theory_vs_generated": {
      "profile_pearson": 0.7903933537945176,
      "profile_cosine": 0.7664937036052527,
      "rmse": 5.543959311133634,
      "mae": 3.385968467271018,
      "background_fraction_generated": 3.5599326346295395,
      "top_peak_count_used": 20,
      "top_peak_height_log_mae": 10.526121437219246,
      "top_peak_shift_abs_mean_deg": 0.21080883407592718,
      "peak_window_pearson": 0.7627325491134741,
      "peak_window_cosine": 0.7948313048267754
    },
    "donor_template_quality": {
      "selected_sample_code": "1191__opxrd_000584__H1_Mg1_O1",
      "selected_peak_window_rwp": 5.48784949745101,
      "selected_peak_window_pearson": 0.9997162154875435,
      "selected_background_fraction": 0.5302922580835425,
      "donor_rows": {
        "instrument": "1191__opxrd_000584__H1_Mg1_O1",
        "chemistry": "0385__rruff_R060020-1__Al2_O3",
        "microstructure": "0415__rruff_R060150-1__Ca13_F10_H12_O34_Si10",
        "orientation": "0016__rruff_R040030-1__C2_Ca1_Mg1_O6",
        "background": "0016__rruff_R040030-1__C2_Ca1_Mg1_O6"
      },
      "donor_rwp_percent": {
        "instrument": 5.159210709102735,
        "chemistry": 26.257958244816827,
        "microstructure": 8.00315190123515,
        "orientation": 27.23933763789696,
        "background": 27.23933763789696
      },
      "donor_peak_window_rwp": {
        "instrument": 5.48784949745101,
        "chemistry": 19.032257431869365,
        "microstructure": 11.357098944708872,
        "orientation": 14.145313767601136,
        "background": 14.145313767601136
      }
    }
  },
  "generation_tier": "strict_core"
}
