{
  "sample_name": "Gd_123",
  "phase_id": "cod_1526591",
  "formula": "Gd",
  "space_group": 123,
  "space_group_symbol": "P4/mmm",
  "crystal_system": "tetragonal",
  "source_origin": "cod",
  "slot": "background",
  "formula_group_id": "Gd1::sg::123",
  "descriptor": {
    "phase_id": "cod_1526591",
    "formula": "Gd",
    "crystal_system": "tetragonal",
    "elements": [
      "Gd"
    ],
    "density_g_cm3": 1.4873614095895422,
    "avg_z": 64.0,
    "max_z": 64.0,
    "heavy_fraction": 1.0,
    "transition_fraction": 0.0,
    "cell_lengths": [
      3.87695,
      3.87695,
      11.68
    ],
    "cell_angles": [
      90.0,
      90.0,
      90.0
    ],
    "cell_volume": 175.55905841319998,
    "cell_anisotropy": 3.012677491326945,
    "anisotropy_index": 2.012677491326945,
    "theoretical_peak_count": 67,
    "peak_density": 0.788235294117647,
    "median_gap_deg": 0.7451591491699219,
    "crowded_fraction": 0.4393939393939394,
    "isolated_fraction": 0.42424242424242425,
    "simple_topology": false,
    "preferred_po_axis": [
      0,
      0,
      1
    ],
    "fluorescence_bucket": "none",
    "absorption_bucket": "heavy"
  },
  "generation": {
    "theta_min": 5.0,
    "theta_max": 90.0,
    "num_points": 8501,
    "template_rwp_percent": 11.310710506171425,
    "template_peak_window_rwp": 13.039616858422296,
    "template_peak_window_pearson": 0.9953688247628263,
    "synth_params": {
      "ka1": 1.5405929,
      "ka2": 1.5444274,
      "use_tch_profile": true,
      "sigma_scale": 0.915935817612402,
      "kb_ratio": 0.01500880233919089,
      "use_fcj_asymmetry": true,
      "detector_nonlinearity": 0.0,
      "use_ka2": true,
      "caglioti_u": 0.031390575609021656,
      "kb": 1.39225,
      "caglioti_w": 0.0018448797995058975,
      "detector_deadtime_coeff": 0.0,
      "axial_s_over_l": 0.0012,
      "sigma_min_deg": 0.008,
      "ka2_ratio": 0.48492173130236843,
      "caglioti_v": 0.007351125729718566,
      "sigma_deg": 0.01878969372542678,
      "use_kbeta": true,
      "beam_sample_ratio": 0.05,
      "fluorescence_level": 0.0,
      "muR": 0.04,
      "trns": 0.0,
      "fluorescence_decay": 3.0,
      "lorentz_z": 1.0000000000002677e-08,
      "strain": 0.0005179660556400223,
      "pseudo_voigt_eta": 0.17999999000010616,
      "lorentz_size": 0.0010441820989178865,
      "macro_strain": -6.1452475216263325e-06,
      "sample_displacement_sr": -0.0004449801257921904,
      "size_nm": 180.0,
      "delta_deg": -0.010485197032807442,
      "lorentz_strain": 0.008,
      "po_r": 1.0,
      "air_scatter_level": 1e-08,
      "b3": -0.1848624278005454,
      "scatter_sigma_deg": 6.0,
      "b4": 0.20595308036552476,
      "scatter_level": 1.2,
      "compton_level": 1e-08,
      "holder_scatter_center_deg": 15.0,
      "a": 2.456521703905162,
      "holder_scatter_level": 1e-08,
      "scatter_center_deg": 15.0,
      "b5": -1.0196444166448001e-06,
      "poisson_counts_max": 3119.5,
      "air_scatter_floor": 0.05,
      "b1": -4.44554467722384,
      "b0": 21.288767814184258,
      "b2": -1.9952642435986017,
      "holder_scatter_sigma_deg": 4.0,
      "po_hkl_axis": [
        0.0,
        1.0,
        0.0
      ],
      "final_normalize": true
    },
    "synth_sampling_meta": {
      "family_name": "background",
      "slot": "background",
      "source_family": "opxrd_like",
      "preferred_source_family": "opxrd_like",
      "descriptor": {
        "phase_id": "cod_1526591",
        "formula": "Gd",
        "crystal_system": "tetragonal",
        "elements": [
          "Gd"
        ],
        "density_g_cm3": 1.4873614095895422,
        "avg_z": 64.0,
        "max_z": 64.0,
        "heavy_fraction": 1.0,
        "transition_fraction": 0.0,
        "cell_lengths": [
          3.87695,
          3.87695,
          11.68
        ],
        "cell_angles": [
          90.0,
          90.0,
          90.0
        ],
        "cell_volume": 175.55905841319998,
        "cell_anisotropy": 3.012677491326945,
        "anisotropy_index": 2.012677491326945,
        "theoretical_peak_count": 67,
        "peak_density": 0.788235294117647,
        "median_gap_deg": 0.7451591491699219,
        "crowded_fraction": 0.4393939393939394,
        "isolated_fraction": 0.42424242424242425,
        "simple_topology": false,
        "preferred_po_axis": [
          0,
          0,
          1
        ],
        "fluorescence_bucket": "none",
        "absorption_bucket": "heavy"
      },
      "attempt": 1,
      "donor_rows": {
        "instrument": "1191__opxrd_000584__H1_Mg1_O1",
        "chemistry": "1191__opxrd_000584__H1_Mg1_O1",
        "microstructure": "0010__rruff_R040017-1__O2_Sn1",
        "orientation": "0013__rruff_R040026-1__Ca2_O7_Si2_Zn1",
        "background": "1191__opxrd_000584__H1_Mg1_O1"
      },
      "donor_rwp_percent": {
        "instrument": 5.159210709102735,
        "chemistry": 5.159210709102735,
        "microstructure": 11.310710506171425,
        "orientation": 26.63019142095172,
        "background": 5.159210709102735
      },
      "donor_peak_window_rwp": {
        "instrument": 5.48784949745101,
        "chemistry": 5.48784949745101,
        "microstructure": 13.039616858422296,
        "orientation": 26.045043151643167,
        "background": 5.48784949745101
      },
      "selected_sample_code": "1191__opxrd_000584__H1_Mg1_O1",
      "selected_peak_window_rwp": 5.48784949745101,
      "selected_peak_window_pearson": 0.9997162154875435,
      "selected_background_fraction": 0.5127638626915709
    },
    "original_sample_dir": "Gd_SG123",
    "original_cif_path": "phase.cif",
    "original_generated_xy_path": "generated.xy",
    "original_generation_params_json": "generation_params.json",
    "original_generation_quality_json": "generation_quality.json"
  },
  "quality": {
    "note": "These are theory-vs-generated synthetic quality indicators plus donor-template quality provenance. They are not Rietveld fit-to-experiment outputs.",
    "theory_vs_generated": {
      "profile_pearson": 0.8096886677812798,
      "profile_cosine": 0.7554932432812168,
      "rmse": 2.8388317321573893,
      "mae": 1.9027259164065826,
      "background_fraction_generated": 9.607785579032022,
      "top_peak_count_used": 20,
      "top_peak_height_log_mae": 17.453446288871564,
      "top_peak_shift_abs_mean_deg": 0.3003206205368034,
      "peak_window_pearson": 0.7968086308192378,
      "peak_window_cosine": 0.7998417894235277
    },
    "donor_template_quality": {
      "selected_sample_code": "1191__opxrd_000584__H1_Mg1_O1",
      "selected_peak_window_rwp": 5.48784949745101,
      "selected_peak_window_pearson": 0.9997162154875435,
      "selected_background_fraction": 0.5127638626915709,
      "donor_rows": {
        "instrument": "1191__opxrd_000584__H1_Mg1_O1",
        "chemistry": "1191__opxrd_000584__H1_Mg1_O1",
        "microstructure": "0010__rruff_R040017-1__O2_Sn1",
        "orientation": "0013__rruff_R040026-1__Ca2_O7_Si2_Zn1",
        "background": "1191__opxrd_000584__H1_Mg1_O1"
      },
      "donor_rwp_percent": {
        "instrument": 5.159210709102735,
        "chemistry": 5.159210709102735,
        "microstructure": 11.310710506171425,
        "orientation": 26.63019142095172,
        "background": 5.159210709102735
      },
      "donor_peak_window_rwp": {
        "instrument": 5.48784949745101,
        "chemistry": 5.48784949745101,
        "microstructure": 13.039616858422296,
        "orientation": 26.045043151643167,
        "background": 5.48784949745101
      }
    }
  },
  "generation_tier": "strict_core"
}
