{
  "sample_name": "PH3_208",
  "phase_id": "cod_1010132",
  "formula": "PH3",
  "space_group": 208,
  "space_group_symbol": "P4_232",
  "crystal_system": "cubic",
  "source_origin": "cod",
  "slot": "anchor",
  "formula_group_id": "H3|P1::sg::208",
  "descriptor": {
    "phase_id": "cod_1010132",
    "formula": "PH3",
    "crystal_system": "cubic",
    "elements": [
      "H",
      "P"
    ],
    "density_g_cm3": 0.8988123716506344,
    "avg_z": 4.5,
    "max_z": 15.0,
    "heavy_fraction": 0.0,
    "transition_fraction": 0.0,
    "cell_lengths": [
      6.31,
      6.31,
      6.31
    ],
    "cell_angles": [
      90.0,
      90.0,
      90.0
    ],
    "cell_volume": 251.23959099999993,
    "cell_anisotropy": 1.0,
    "anisotropy_index": 0.0,
    "theoretical_peak_count": 25,
    "peak_density": 0.29411764705882354,
    "median_gap_deg": 2.232095718383789,
    "crowded_fraction": 0.0,
    "isolated_fraction": 1.0,
    "simple_topology": false,
    "preferred_po_axis": [
      0,
      0,
      1
    ],
    "fluorescence_bucket": "none",
    "absorption_bucket": "light"
  },
  "generation": {
    "theta_min": 5.0,
    "theta_max": 90.0,
    "num_points": 8501,
    "template_rwp_percent": 11.309661106744679,
    "template_peak_window_rwp": 13.746162540852461,
    "template_peak_window_pearson": 0.9951391151799386,
    "synth_params": {
      "ka1": 1.5405929,
      "ka2": 1.5444274,
      "use_tch_profile": true,
      "sigma_scale": 0.8931250612088697,
      "kb_ratio": 0.0150001935948968,
      "use_fcj_asymmetry": true,
      "detector_nonlinearity": 0.0,
      "use_ka2": true,
      "caglioti_u": 0.0007621425101656935,
      "kb": 1.39225,
      "caglioti_w": 0.0005194843263096571,
      "detector_deadtime_coeff": 0.0,
      "axial_s_over_l": 0.0012,
      "sigma_min_deg": 0.008,
      "ka2_ratio": 0.48500200238216495,
      "caglioti_v": -0.009661657695328705,
      "sigma_deg": 0.01101934406440411,
      "use_kbeta": true,
      "beam_sample_ratio": 0.05,
      "fluorescence_level": 0.0,
      "muR": 0.035,
      "trns": 0.08999999999977801,
      "fluorescence_decay": 3.0,
      "lorentz_z": 0.014998727304406656,
      "strain": 0.0007914072527052623,
      "pseudo_voigt_eta": 0.019996180150555775,
      "lorentz_size": 0.03,
      "macro_strain": -5.662583023831052e-07,
      "sample_displacement_sr": -0.00033190744517099034,
      "size_nm": 120.00001833697779,
      "delta_deg": -0.00992093689280337,
      "lorentz_strain": 0.008,
      "po_r": 1.0,
      "air_scatter_level": 5.500000000000385e-09,
      "b3": 6.3203101563040995e-06,
      "scatter_sigma_deg": 6.0,
      "b4": -2.7325016753084457e-06,
      "scatter_level": 5.499999999998345e-09,
      "compton_level": 5.499999999999996e-09,
      "holder_scatter_center_deg": 15.0,
      "a": 0.977906046144876,
      "holder_scatter_level": 5.500000000002196e-09,
      "scatter_center_deg": 15.0,
      "b5": 1.6491811420758495e-06,
      "poisson_counts_max": 2584.7999999999997,
      "air_scatter_floor": 0.049999999999999996,
      "b1": -1.0621837808842336,
      "b0": 2.7818043743245324,
      "b2": 0.8246859397168971,
      "holder_scatter_sigma_deg": 4.0,
      "po_hkl_axis": [
        0.0,
        1.0,
        0.0
      ],
      "final_normalize": true
    },
    "synth_sampling_meta": {
      "family_name": "anchor",
      "slot": "anchor",
      "source_family": "rruff_like",
      "preferred_source_family": "rruff_like",
      "descriptor": {
        "phase_id": "cod_1010132",
        "formula": "PH3",
        "crystal_system": "cubic",
        "elements": [
          "H",
          "P"
        ],
        "density_g_cm3": 0.8988123716506344,
        "avg_z": 4.5,
        "max_z": 15.0,
        "heavy_fraction": 0.0,
        "transition_fraction": 0.0,
        "cell_lengths": [
          6.31,
          6.31,
          6.31
        ],
        "cell_angles": [
          90.0,
          90.0,
          90.0
        ],
        "cell_volume": 251.23959099999993,
        "cell_anisotropy": 1.0,
        "anisotropy_index": 0.0,
        "theoretical_peak_count": 25,
        "peak_density": 0.29411764705882354,
        "median_gap_deg": 2.232095718383789,
        "crowded_fraction": 0.0,
        "isolated_fraction": 1.0,
        "simple_topology": false,
        "preferred_po_axis": [
          0,
          0,
          1
        ],
        "fluorescence_bucket": "none",
        "absorption_bucket": "light"
      },
      "attempt": 1,
      "donor_rows": {
        "instrument": "0114__rruff_R050046-1__Ca1_F2",
        "chemistry": "0121__rruff_R050062-1__B5_Ca1_H16_Na1_O17",
        "microstructure": "0490__rruff_R060548-1__Ca1_F2",
        "orientation": "0490__rruff_R060548-1__Ca1_F2",
        "background": "0144__rruff_R050115-1__Ca1_F2"
      },
      "donor_rwp_percent": {
        "instrument": 9.726468019402185,
        "chemistry": 9.314628237585282,
        "microstructure": 11.309661106744679,
        "orientation": 11.309661106744679,
        "background": 10.8136128591309
      },
      "donor_peak_window_rwp": {
        "instrument": 13.19345430738523,
        "chemistry": 12.38197012046588,
        "microstructure": 13.746162540852461,
        "orientation": 13.746162540852461,
        "background": 14.273780930421212
      },
      "selected_sample_code": "0114__rruff_R050046-1__Ca1_F2",
      "selected_peak_window_rwp": 13.19345430738523,
      "selected_peak_window_pearson": 0.9922526532206353,
      "selected_background_fraction": 0.2583068632884111
    },
    "original_sample_dir": "PH3_SG208",
    "original_cif_path": "phase.cif",
    "original_generated_xy_path": "generated.xy",
    "original_generation_params_json": "generation_params.json",
    "original_generation_quality_json": "generation_quality.json"
  },
  "quality": {
    "note": "These are theory-vs-generated synthetic quality indicators plus donor-template quality provenance. They are not Rietveld fit-to-experiment outputs.",
    "theory_vs_generated": {
      "profile_pearson": 0.9191173688846394,
      "profile_cosine": 0.9098418582135598,
      "rmse": 1.9903784841466292,
      "mae": 0.8802516231749291,
      "background_fraction_generated": 1.9635097574275322,
      "top_peak_count_used": 20,
      "top_peak_height_log_mae": 7.176127077717831,
      "top_peak_shift_abs_mean_deg": 0.17202297210693426,
      "peak_window_pearson": 0.9179355735631602,
      "peak_window_cosine": 0.918011249661226
    },
    "donor_template_quality": {
      "selected_sample_code": "0114__rruff_R050046-1__Ca1_F2",
      "selected_peak_window_rwp": 13.19345430738523,
      "selected_peak_window_pearson": 0.9922526532206353,
      "selected_background_fraction": 0.2583068632884111,
      "donor_rows": {
        "instrument": "0114__rruff_R050046-1__Ca1_F2",
        "chemistry": "0121__rruff_R050062-1__B5_Ca1_H16_Na1_O17",
        "microstructure": "0490__rruff_R060548-1__Ca1_F2",
        "orientation": "0490__rruff_R060548-1__Ca1_F2",
        "background": "0144__rruff_R050115-1__Ca1_F2"
      },
      "donor_rwp_percent": {
        "instrument": 9.726468019402185,
        "chemistry": 9.314628237585282,
        "microstructure": 11.309661106744679,
        "orientation": 11.309661106744679,
        "background": 10.8136128591309
      },
      "donor_peak_window_rwp": {
        "instrument": 13.19345430738523,
        "chemistry": 12.38197012046588,
        "microstructure": 13.746162540852461,
        "orientation": 13.746162540852461,
        "background": 14.273780930421212
      }
    }
  },
  "generation_tier": "strict_core"
}
