{
  "sample_name": "CsS_141",
  "phase_id": "cod_8103872",
  "formula": "CsS",
  "space_group": 141,
  "space_group_symbol": "I4_1/amd",
  "crystal_system": "tetragonal",
  "source_origin": "cod",
  "slot": "background",
  "formula_group_id": "Cs1|S1::sg::141",
  "descriptor": {
    "phase_id": "cod_8103872",
    "formula": "CsS",
    "crystal_system": "tetragonal",
    "elements": [
      "Cs",
      "S"
    ],
    "density_g_cm3": 2.462636755206186,
    "avg_z": 35.5,
    "max_z": 55.0,
    "heavy_fraction": 0.5,
    "transition_fraction": 0.0,
    "cell_lengths": [
      5.611,
      5.611,
      14.133
    ],
    "cell_angles": [
      90.0,
      90.0,
      90.0
    ],
    "cell_volume": 444.9537756929999,
    "cell_anisotropy": 2.518802352521832,
    "anisotropy_index": 1.5188023525218322,
    "theoretical_peak_count": 50,
    "peak_density": 0.5882352941176471,
    "median_gap_deg": 0.79974365234375,
    "crowded_fraction": 0.16326530612244897,
    "isolated_fraction": 0.3877551020408163,
    "simple_topology": false,
    "preferred_po_axis": [
      0,
      0,
      1
    ],
    "fluorescence_bucket": "none",
    "absorption_bucket": "heavy"
  },
  "generation": {
    "theta_min": 5.0,
    "theta_max": 90.0,
    "num_points": 8501,
    "template_rwp_percent": 11.310710506171425,
    "template_peak_window_rwp": 13.039616858422296,
    "template_peak_window_pearson": 0.9953688247628263,
    "synth_params": {
      "ka1": 1.5405929,
      "ka2": 1.5444274,
      "use_tch_profile": true,
      "sigma_scale": 0.915935817612402,
      "kb_ratio": 0.01500880233919089,
      "use_fcj_asymmetry": true,
      "detector_nonlinearity": 0.0,
      "use_ka2": true,
      "caglioti_u": 0.031390575609021656,
      "kb": 1.39225,
      "caglioti_w": 0.0018448797995058975,
      "detector_deadtime_coeff": 0.0,
      "axial_s_over_l": 0.0012,
      "sigma_min_deg": 0.008,
      "ka2_ratio": 0.48492173130236843,
      "caglioti_v": 0.007351125729718566,
      "sigma_deg": 0.01878969372542678,
      "use_kbeta": true,
      "beam_sample_ratio": 0.05,
      "fluorescence_level": 0.0,
      "muR": 0.04,
      "trns": 0.0,
      "fluorescence_decay": 3.0,
      "lorentz_z": 1e-08,
      "strain": 2.104457632986106e-05,
      "pseudo_voigt_eta": 0.18239417630671903,
      "lorentz_size": 0.0018767860557139064,
      "macro_strain": 0.0003245765120281523,
      "sample_displacement_sr": -0.0003459797654655709,
      "size_nm": 155.31676640618235,
      "delta_deg": -0.0025679986639565206,
      "lorentz_strain": 0.008267180606150105,
      "po_r": 1.0,
      "air_scatter_level": 0.8861378528576019,
      "b3": 0.12983099683487814,
      "scatter_sigma_deg": 3.386481852670044,
      "b4": 0.2149603090671543,
      "scatter_level": 4.133636868095255,
      "compton_level": 0.2291000672335518,
      "holder_scatter_center_deg": 9.886237662115688,
      "a": 1.8294313988971667,
      "holder_scatter_level": 1.4276164006709218,
      "scatter_center_deg": 7.263036254578887,
      "b5": -0.16940598909819246,
      "poisson_counts_max": 2641.7999999999997,
      "air_scatter_floor": 0.026371317916073306,
      "b1": -0.5229649913433729,
      "b0": 4.429602191788569,
      "b2": -0.6458512272522411,
      "holder_scatter_sigma_deg": 7.949166026551394,
      "po_hkl_axis": [
        0.0,
        1.0,
        0.0
      ],
      "final_normalize": true
    },
    "synth_sampling_meta": {
      "family_name": "background",
      "slot": "background",
      "source_family": "opxrd_like",
      "preferred_source_family": "opxrd_like",
      "descriptor": {
        "phase_id": "cod_8103872",
        "formula": "CsS",
        "crystal_system": "tetragonal",
        "elements": [
          "Cs",
          "S"
        ],
        "density_g_cm3": 2.462636755206186,
        "avg_z": 35.5,
        "max_z": 55.0,
        "heavy_fraction": 0.5,
        "transition_fraction": 0.0,
        "cell_lengths": [
          5.611,
          5.611,
          14.133
        ],
        "cell_angles": [
          90.0,
          90.0,
          90.0
        ],
        "cell_volume": 444.9537756929999,
        "cell_anisotropy": 2.518802352521832,
        "anisotropy_index": 1.5188023525218322,
        "theoretical_peak_count": 50,
        "peak_density": 0.5882352941176471,
        "median_gap_deg": 0.79974365234375,
        "crowded_fraction": 0.16326530612244897,
        "isolated_fraction": 0.3877551020408163,
        "simple_topology": false,
        "preferred_po_axis": [
          0,
          0,
          1
        ],
        "fluorescence_bucket": "none",
        "absorption_bucket": "heavy"
      },
      "attempt": 1,
      "donor_rows": {
        "instrument": "1191__opxrd_000584__H1_Mg1_O1",
        "chemistry": "1191__opxrd_000584__H1_Mg1_O1",
        "microstructure": "0454__rruff_R060417-1__Ca1_O4_W1",
        "orientation": "0320__rruff_R050501-1__Mo1_O4_Pb1",
        "background": "0154__rruff_R050130-1__C1_Ca1_O3"
      },
      "donor_rwp_percent": {
        "instrument": 5.159210709102735,
        "chemistry": 5.159210709102735,
        "microstructure": 20.538160106639065,
        "orientation": 28.68148207760901,
        "background": 10.499124209338653
      },
      "donor_peak_window_rwp": {
        "instrument": 5.48784949745101,
        "chemistry": 5.48784949745101,
        "microstructure": 17.54785920227529,
        "orientation": 22.790795125536757,
        "background": 14.501948057757202
      },
      "selected_sample_code": "1191__opxrd_000584__H1_Mg1_O1",
      "selected_peak_window_rwp": 5.48784949745101,
      "selected_peak_window_pearson": 0.9997162154875435,
      "selected_background_fraction": 0.4602129848480656
    },
    "original_sample_dir": "CsS_SG141",
    "original_cif_path": "phase.cif",
    "original_generated_xy_path": "generated.xy",
    "original_generation_params_json": "generation_params.json",
    "original_generation_quality_json": "generation_quality.json"
  },
  "quality": {
    "note": "These are theory-vs-generated synthetic quality indicators plus donor-template quality provenance. They are not Rietveld fit-to-experiment outputs.",
    "theory_vs_generated": {
      "profile_pearson": 0.9204678216419444,
      "profile_cosine": 0.9079150593590748,
      "rmse": 2.031510139169316,
      "mae": 1.1109115383750778,
      "background_fraction_generated": 4.139448736123363,
      "top_peak_count_used": 20,
      "top_peak_height_log_mae": 3.4683053588078003,
      "top_peak_shift_abs_mean_deg": 0.09258154678344824,
      "peak_window_pearson": 0.915116730351993,
      "peak_window_cosine": 0.9194709344855359
    },
    "donor_template_quality": {
      "selected_sample_code": "1191__opxrd_000584__H1_Mg1_O1",
      "selected_peak_window_rwp": 5.48784949745101,
      "selected_peak_window_pearson": 0.9997162154875435,
      "selected_background_fraction": 0.4602129848480656,
      "donor_rows": {
        "instrument": "1191__opxrd_000584__H1_Mg1_O1",
        "chemistry": "1191__opxrd_000584__H1_Mg1_O1",
        "microstructure": "0454__rruff_R060417-1__Ca1_O4_W1",
        "orientation": "0320__rruff_R050501-1__Mo1_O4_Pb1",
        "background": "0154__rruff_R050130-1__C1_Ca1_O3"
      },
      "donor_rwp_percent": {
        "instrument": 5.159210709102735,
        "chemistry": 5.159210709102735,
        "microstructure": 20.538160106639065,
        "orientation": 28.68148207760901,
        "background": 10.499124209338653
      },
      "donor_peak_window_rwp": {
        "instrument": 5.48784949745101,
        "chemistry": 5.48784949745101,
        "microstructure": 17.54785920227529,
        "orientation": 22.790795125536757,
        "background": 14.501948057757202
      }
    }
  },
  "generation_tier": "strict_core"
}
