{
  "sample_name": "BC_186",
  "phase_id": "mp-984728",
  "formula": "BC",
  "space_group": 186,
  "space_group_symbol": "P6_3mc",
  "crystal_system": "hexagonal",
  "source_origin": "materials_project",
  "slot": "anchor",
  "formula_group_id": "B1|C1::sg::186",
  "descriptor": {
    "phase_id": "mp-984728",
    "formula": "BC",
    "crystal_system": "hexagonal",
    "elements": [
      "B",
      "C"
    ],
    "density_g_cm3": 2.7976160923363165,
    "avg_z": 5.5,
    "max_z": 6.0,
    "heavy_fraction": 0.0,
    "transition_fraction": 0.0,
    "cell_lengths": [
      2.59166829,
      2.59166829,
      4.657464
    ],
    "cell_angles": [
      90.0,
      90.0,
      120.00000000000001
    ],
    "cell_volume": 27.091869090246735,
    "cell_anisotropy": 1.7970910930117527,
    "anisotropy_index": 0.7970910930117527,
    "theoretical_peak_count": 10,
    "peak_density": 0.11764705882352941,
    "median_gap_deg": 3.1412811279296875,
    "crowded_fraction": 0.0,
    "isolated_fraction": 0.8888888888888888,
    "simple_topology": true,
    "preferred_po_axis": [
      0,
      0,
      1
    ],
    "fluorescence_bucket": "none",
    "absorption_bucket": "light"
  },
  "generation": {
    "theta_min": 5.0,
    "theta_max": 90.0,
    "num_points": 8501,
    "template_rwp_percent": 12.230971149753874,
    "template_peak_window_rwp": 16.61381662608072,
    "template_peak_window_pearson": 0.9948239611051984,
    "synth_params": {
      "ka1": 1.5405929,
      "ka2": 1.5444274,
      "use_tch_profile": true,
      "sigma_scale": 0.6,
      "kb_ratio": 0.0,
      "use_fcj_asymmetry": true,
      "detector_nonlinearity": 0.0,
      "use_ka2": true,
      "caglioti_u": 0.008189264227136426,
      "kb": 1.39225,
      "caglioti_w": 0.0008241163294100287,
      "detector_deadtime_coeff": 0.0,
      "axial_s_over_l": 0.0012,
      "sigma_min_deg": 0.013392971419238977,
      "ka2_ratio": 0.485,
      "caglioti_v": -0.005850851041108782,
      "sigma_deg": 0.024647230225713346,
      "use_kbeta": false,
      "beam_sample_ratio": 0.05,
      "fluorescence_level": 0.0,
      "muR": 0.012883265076918796,
      "trns": 0.001921343030325408,
      "fluorescence_decay": 3.0,
      "lorentz_z": 0.00011692124277869222,
      "strain": 2.0890460626993178e-05,
      "pseudo_voigt_eta": -0.005038350347928382,
      "lorentz_size": 0.03,
      "macro_strain": 0.0,
      "sample_displacement_sr": -0.000335218198833255,
      "size_nm": 198.3215592988922,
      "delta_deg": -0.009437018111748793,
      "lorentz_strain": 0.0002876675853948984,
      "po_r": 1.0,
      "air_scatter_level": 5.500000000000385e-09,
      "b3": 6.3203101563040995e-06,
      "scatter_sigma_deg": 6.0,
      "b4": -2.7325016753084457e-06,
      "scatter_level": 5.499999999998345e-09,
      "compton_level": 5.499999999999996e-09,
      "holder_scatter_center_deg": 15.0,
      "a": 0.977906046144876,
      "holder_scatter_level": 5.500000000002196e-09,
      "scatter_center_deg": 15.0,
      "b5": 1.6491811420758495e-06,
      "poisson_counts_max": 2584.7999999999997,
      "air_scatter_floor": 0.049999999999999996,
      "b1": -1.0621837808842336,
      "b0": 2.7818043743245324,
      "b2": 0.8246859397168971,
      "holder_scatter_sigma_deg": 4.0,
      "po_hkl_axis": [
        0.0,
        1.0,
        0.0
      ],
      "final_normalize": true
    },
    "synth_sampling_meta": {
      "family_name": "anchor",
      "slot": "anchor",
      "source_family": "rruff_like",
      "preferred_source_family": "rruff_like",
      "descriptor": {
        "phase_id": "mp-984728",
        "formula": "BC",
        "crystal_system": "hexagonal",
        "elements": [
          "B",
          "C"
        ],
        "density_g_cm3": 2.7976160923363165,
        "avg_z": 5.5,
        "max_z": 6.0,
        "heavy_fraction": 0.0,
        "transition_fraction": 0.0,
        "cell_lengths": [
          2.59166829,
          2.59166829,
          4.657464
        ],
        "cell_angles": [
          90.0,
          90.0,
          120.00000000000001
        ],
        "cell_volume": 27.091869090246735,
        "cell_anisotropy": 1.7970910930117527,
        "anisotropy_index": 0.7970910930117527,
        "theoretical_peak_count": 10,
        "peak_density": 0.11764705882352941,
        "median_gap_deg": 3.1412811279296875,
        "crowded_fraction": 0.0,
        "isolated_fraction": 0.8888888888888888,
        "simple_topology": true,
        "preferred_po_axis": [
          0,
          0,
          1
        ],
        "fluorescence_bucket": "none",
        "absorption_bucket": "light"
      },
      "attempt": 1,
      "donor_rows": {
        "instrument": "0152__rruff_R050128-1__C1_Ca1_O3",
        "chemistry": "0113__rruff_R050045-1__Ca1_F2",
        "microstructure": "0254__rruff_R050369-1__Ca5_F1_O12_P3",
        "orientation": "0254__rruff_R050369-1__Ca5_F1_O12_P3",
        "background": "0144__rruff_R050115-1__Ca1_F2"
      },
      "donor_rwp_percent": {
        "instrument": 10.060210456264361,
        "chemistry": 10.345769455766266,
        "microstructure": 13.558574059798776,
        "orientation": 13.558574059798776,
        "background": 10.8136128591309
      },
      "donor_peak_window_rwp": {
        "instrument": 12.829743047113176,
        "chemistry": 11.85177861797737,
        "microstructure": 18.528929065551917,
        "orientation": 18.528929065551917,
        "background": 14.273780930421212
      },
      "selected_sample_code": "0152__rruff_R050128-1__C1_Ca1_O3",
      "selected_peak_window_rwp": 12.829743047113176,
      "selected_peak_window_pearson": 0.9965168193452842,
      "selected_background_fraction": 0.2583068632884111
    },
    "original_sample_dir": "BC_SG186",
    "original_cif_path": "phase.cif",
    "original_generated_xy_path": "generated.xy",
    "original_generation_params_json": "generation_params.json",
    "original_generation_quality_json": "generation_quality.json"
  },
  "quality": {
    "note": "These are theory-vs-generated synthetic quality indicators plus donor-template quality provenance. They are not Rietveld fit-to-experiment outputs.",
    "theory_vs_generated": {
      "profile_pearson": 0.9350257141967477,
      "profile_cosine": 0.9328649210963467,
      "rmse": 2.0362376786882495,
      "mae": 0.6755043778767716,
      "background_fraction_generated": 2.188142917099589,
      "top_peak_count_used": 10,
      "top_peak_height_log_mae": 2.1890835761054643,
      "top_peak_shift_abs_mean_deg": 0.054217514038086986,
      "peak_window_pearson": 0.9223075160915709,
      "peak_window_cosine": 0.9363602458488177
    },
    "donor_template_quality": {
      "selected_sample_code": "0152__rruff_R050128-1__C1_Ca1_O3",
      "selected_peak_window_rwp": 12.829743047113176,
      "selected_peak_window_pearson": 0.9965168193452842,
      "selected_background_fraction": 0.2583068632884111,
      "donor_rows": {
        "instrument": "0152__rruff_R050128-1__C1_Ca1_O3",
        "chemistry": "0113__rruff_R050045-1__Ca1_F2",
        "microstructure": "0254__rruff_R050369-1__Ca5_F1_O12_P3",
        "orientation": "0254__rruff_R050369-1__Ca5_F1_O12_P3",
        "background": "0144__rruff_R050115-1__Ca1_F2"
      },
      "donor_rwp_percent": {
        "instrument": 10.060210456264361,
        "chemistry": 10.345769455766266,
        "microstructure": 13.558574059798776,
        "orientation": 13.558574059798776,
        "background": 10.8136128591309
      },
      "donor_peak_window_rwp": {
        "instrument": 12.829743047113176,
        "chemistry": 11.85177861797737,
        "microstructure": 18.528929065551917,
        "orientation": 18.528929065551917,
        "background": 14.273780930421212
      }
    }
  },
  "generation_tier": "strict_core"
}
