{
  "sample_name": "H4N2O3_113",
  "phase_id": "mp-632734",
  "formula": "H4N2O3",
  "space_group": 113,
  "space_group_symbol": "P-42_1m",
  "crystal_system": "tetragonal",
  "source_origin": "materials_project",
  "slot": "anchor",
  "formula_group_id": "H4|N2|O3::sg::113",
  "descriptor": {
    "phase_id": "mp-632734",
    "formula": "H4N2O3",
    "crystal_system": "tetragonal",
    "elements": [
      "H",
      "N",
      "O"
    ],
    "density_g_cm3": 1.619658584176035,
    "avg_z": 4.666666666666667,
    "max_z": 8.0,
    "heavy_fraction": 0.0,
    "transition_fraction": 0.0,
    "cell_lengths": [
      5.766114,
      5.766114,
      4.936447
    ],
    "cell_angles": [
      90.0,
      90.0,
      90.0
    ],
    "cell_volume": 164.12733867026174,
    "cell_anisotropy": 1.1680696663004788,
    "anisotropy_index": 0.16806966630047881,
    "theoretical_peak_count": 54,
    "peak_density": 0.6352941176470588,
    "median_gap_deg": 0.955291748046875,
    "crowded_fraction": 0.20754716981132076,
    "isolated_fraction": 0.4528301886792453,
    "simple_topology": false,
    "preferred_po_axis": [
      0,
      0,
      1
    ],
    "fluorescence_bucket": "none",
    "absorption_bucket": "light"
  },
  "generation": {
    "theta_min": 5.0,
    "theta_max": 90.0,
    "num_points": 8501,
    "template_rwp_percent": 10.402672957057197,
    "template_peak_window_rwp": 14.072753300217883,
    "template_peak_window_pearson": 0.9910622346999242,
    "synth_params": {
      "ka1": 1.5405929,
      "ka2": 1.5444274,
      "use_tch_profile": true,
      "sigma_scale": 0.6,
      "kb_ratio": 0.018,
      "use_fcj_asymmetry": true,
      "detector_nonlinearity": 0.0,
      "use_ka2": true,
      "caglioti_u": 0.015993668366388946,
      "kb": 1.39225,
      "caglioti_w": 0.0012299207136324394,
      "detector_deadtime_coeff": 0.0,
      "axial_s_over_l": 0.0011999999996109912,
      "sigma_min_deg": 0.008,
      "ka2_ratio": 0.5014994769818425,
      "caglioti_v": -0.01611273624252125,
      "sigma_deg": 0.011182542556369897,
      "use_kbeta": true,
      "beam_sample_ratio": 0.04999999999979615,
      "fluorescence_level": 0.0,
      "muR": 0.0,
      "trns": 0.0,
      "fluorescence_decay": 3.0,
      "lorentz_z": 9.999931380289409e-09,
      "strain": 0.0004667909607517644,
      "pseudo_voigt_eta": 0.016775997756262973,
      "lorentz_size": 0.03,
      "macro_strain": 0.0,
      "sample_displacement_sr": -0.0006160756468993549,
      "size_nm": 234.28401912737408,
      "delta_deg": -0.009630389138422917,
      "lorentz_strain": 0.008,
      "po_r": 1.0,
      "air_scatter_level": 5.5e-09,
      "b3": -0.1755067322841092,
      "scatter_sigma_deg": 5.999999999999611,
      "b4": 0.17868298723793835,
      "scatter_level": 5.5000000000000004e-09,
      "compton_level": 2.8394658372251715e-05,
      "holder_scatter_center_deg": 15.0,
      "a": 1.196117088343281,
      "holder_scatter_level": 5.500000035593745e-09,
      "scatter_center_deg": 14.999999999998556,
      "b5": 0.1394352857747536,
      "poisson_counts_max": 1800.0,
      "air_scatter_floor": 0.05000000000050871,
      "b1": -1.4872622355899847,
      "b0": 3.1830981436792447,
      "b2": 0.8856460116469855,
      "holder_scatter_sigma_deg": 4.000000000000357,
      "po_hkl_axis": [
        0.0,
        1.0,
        0.0
      ],
      "final_normalize": true
    },
    "synth_sampling_meta": {
      "family_name": "anchor",
      "slot": "anchor",
      "source_family": "rruff_like",
      "preferred_source_family": "rruff_like",
      "descriptor": {
        "phase_id": "mp-632734",
        "formula": "H4N2O3",
        "crystal_system": "tetragonal",
        "elements": [
          "H",
          "N",
          "O"
        ],
        "density_g_cm3": 1.619658584176035,
        "avg_z": 4.666666666666667,
        "max_z": 8.0,
        "heavy_fraction": 0.0,
        "transition_fraction": 0.0,
        "cell_lengths": [
          5.766114,
          5.766114,
          4.936447
        ],
        "cell_angles": [
          90.0,
          90.0,
          90.0
        ],
        "cell_volume": 164.12733867026174,
        "cell_anisotropy": 1.1680696663004788,
        "anisotropy_index": 0.16806966630047881,
        "theoretical_peak_count": 54,
        "peak_density": 0.6352941176470588,
        "median_gap_deg": 0.955291748046875,
        "crowded_fraction": 0.20754716981132076,
        "isolated_fraction": 0.4528301886792453,
        "simple_topology": false,
        "preferred_po_axis": [
          0,
          0,
          1
        ],
        "fluorescence_bucket": "none",
        "absorption_bucket": "light"
      },
      "attempt": 1,
      "donor_rows": {
        "instrument": "0113__rruff_R050045-1__Ca1_F2",
        "chemistry": "0152__rruff_R050128-1__C1_Ca1_O3",
        "microstructure": "0040__rruff_R040072-1__O2_Sn1",
        "orientation": "0040__rruff_R040072-1__O2_Sn1",
        "background": "0113__rruff_R050045-1__Ca1_F2"
      },
      "donor_rwp_percent": {
        "instrument": 10.345769455766266,
        "chemistry": 10.060210456264361,
        "microstructure": 8.949317208747097,
        "orientation": 8.949317208747097,
        "background": 10.345769455766266
      },
      "donor_peak_window_rwp": {
        "instrument": 11.85177861797737,
        "chemistry": 12.829743047113176,
        "microstructure": 10.251782402398721,
        "orientation": 10.251782402398721,
        "background": 11.85177861797737
      },
      "selected_sample_code": "0113__rruff_R050045-1__Ca1_F2",
      "selected_peak_window_rwp": 11.85177861797737,
      "selected_peak_window_pearson": 0.9964628749980051,
      "selected_background_fraction": 0.33176687476325667
    },
    "original_sample_dir": "H4N2O3_SG113",
    "original_cif_path": "phase.cif",
    "original_generated_xy_path": "generated.xy",
    "original_generation_params_json": "generation_params.json",
    "original_generation_quality_json": "generation_quality.json"
  },
  "quality": {
    "note": "These are theory-vs-generated synthetic quality indicators plus donor-template quality provenance. They are not Rietveld fit-to-experiment outputs.",
    "theory_vs_generated": {
      "profile_pearson": 0.3960148245209322,
      "profile_cosine": 0.4144789085698406,
      "rmse": 4.643161524047047,
      "mae": 0.9989956560948564,
      "background_fraction_generated": 2.5958798157714833,
      "top_peak_count_used": 20,
      "top_peak_height_log_mae": 0.5622122189372846,
      "top_peak_shift_abs_mean_deg": 0.07994327926635858,
      "peak_window_pearson": 0.4673278487412212,
      "peak_window_cosine": 0.5448445620231959
    },
    "donor_template_quality": {
      "selected_sample_code": "0113__rruff_R050045-1__Ca1_F2",
      "selected_peak_window_rwp": 11.85177861797737,
      "selected_peak_window_pearson": 0.9964628749980051,
      "selected_background_fraction": 0.33176687476325667,
      "donor_rows": {
        "instrument": "0113__rruff_R050045-1__Ca1_F2",
        "chemistry": "0152__rruff_R050128-1__C1_Ca1_O3",
        "microstructure": "0040__rruff_R040072-1__O2_Sn1",
        "orientation": "0040__rruff_R040072-1__O2_Sn1",
        "background": "0113__rruff_R050045-1__Ca1_F2"
      },
      "donor_rwp_percent": {
        "instrument": 10.345769455766266,
        "chemistry": 10.060210456264361,
        "microstructure": 8.949317208747097,
        "orientation": 8.949317208747097,
        "background": 10.345769455766266
      },
      "donor_peak_window_rwp": {
        "instrument": 11.85177861797737,
        "chemistry": 12.829743047113176,
        "microstructure": 10.251782402398721,
        "orientation": 10.251782402398721,
        "background": 11.85177861797737
      }
    }
  },
  "generation_tier": "strict_core"
}
