{
  "sample_name": "AlN_186",
  "phase_id": "mp-661",
  "formula": "AlN",
  "space_group": 186,
  "space_group_symbol": "P6_3mc",
  "crystal_system": "hexagonal",
  "source_origin": "materials_project",
  "slot": "anchor",
  "formula_group_id": "Al1|N1::sg::186",
  "descriptor": {
    "phase_id": "mp-661",
    "formula": "AlN",
    "crystal_system": "hexagonal",
    "elements": [
      "Al",
      "N"
    ],
    "density_g_cm3": 3.2008898021281613,
    "avg_z": 10.0,
    "max_z": 13.0,
    "heavy_fraction": 0.0,
    "transition_fraction": 0.0,
    "cell_lengths": [
      3.12858814,
      3.12858814,
      5.016955
    ],
    "cell_angles": [
      90.0,
      90.0,
      119.99999999999999
    ],
    "cell_volume": 42.52728195532526,
    "cell_anisotropy": 1.6035843567443813,
    "anisotropy_index": 0.6035843567443813,
    "theoretical_peak_count": 12,
    "peak_density": 0.1411764705882353,
    "median_gap_deg": 3.7671661376953125,
    "crowded_fraction": 0.0,
    "isolated_fraction": 1.0,
    "simple_topology": true,
    "preferred_po_axis": [
      0,
      0,
      1
    ],
    "fluorescence_bucket": "none",
    "absorption_bucket": "light"
  },
  "generation": {
    "theta_min": 5.0,
    "theta_max": 90.0,
    "num_points": 8501,
    "template_rwp_percent": 12.230971149753874,
    "template_peak_window_rwp": 16.61381662608072,
    "template_peak_window_pearson": 0.9948239611051984,
    "synth_params": {
      "ka1": 1.5405929,
      "ka2": 1.5444274,
      "use_tch_profile": true,
      "sigma_scale": 0.6,
      "kb_ratio": 0.0,
      "use_fcj_asymmetry": true,
      "detector_nonlinearity": 0.0,
      "use_ka2": true,
      "caglioti_u": 0.015993668366388946,
      "kb": 1.39225,
      "caglioti_w": 0.0012299207136324394,
      "detector_deadtime_coeff": 0.0,
      "axial_s_over_l": 0.0011999999996109912,
      "sigma_min_deg": 0.008,
      "ka2_ratio": 0.5014994769818425,
      "caglioti_v": -0.01611273624252125,
      "sigma_deg": 0.011182542556369897,
      "use_kbeta": false,
      "beam_sample_ratio": 0.04999999999979615,
      "fluorescence_level": 0.0,
      "muR": 0.0,
      "trns": 0.0,
      "fluorescence_decay": 3.0,
      "lorentz_z": 0.00011692124277869222,
      "strain": 2.0890460626993178e-05,
      "pseudo_voigt_eta": -0.005038350347928382,
      "lorentz_size": 0.03,
      "macro_strain": 0.0,
      "sample_displacement_sr": -0.000335218198833255,
      "size_nm": 198.3215592988922,
      "delta_deg": -0.009437018111748793,
      "lorentz_strain": 0.0002876675853948984,
      "po_r": 1.0,
      "air_scatter_level": 0.7351945854133121,
      "b3": 0.1494627138868337,
      "scatter_sigma_deg": 5.984483518472322,
      "b4": 0.31349578968097963,
      "scatter_level": 1.2300069188908787,
      "compton_level": 0.2842305504166046,
      "holder_scatter_center_deg": 10.60642250903036,
      "a": 1.0,
      "holder_scatter_level": 0.5817750114853423,
      "scatter_center_deg": 5.426917278715111,
      "b5": -0.06738630997621678,
      "poisson_counts_max": 2023.1999999999998,
      "air_scatter_floor": 0.04082641065526568,
      "b1": 0.013887990559719171,
      "b0": 2.5647520622654447,
      "b2": -1.1971163201166726,
      "holder_scatter_sigma_deg": 6.074065463208637,
      "po_hkl_axis": [
        0.0,
        1.0,
        0.0
      ],
      "final_normalize": true
    },
    "synth_sampling_meta": {
      "family_name": "anchor",
      "slot": "anchor",
      "source_family": "rruff_like",
      "preferred_source_family": "rruff_like",
      "descriptor": {
        "phase_id": "mp-661",
        "formula": "AlN",
        "crystal_system": "hexagonal",
        "elements": [
          "Al",
          "N"
        ],
        "density_g_cm3": 3.2008898021281613,
        "avg_z": 10.0,
        "max_z": 13.0,
        "heavy_fraction": 0.0,
        "transition_fraction": 0.0,
        "cell_lengths": [
          3.12858814,
          3.12858814,
          5.016955
        ],
        "cell_angles": [
          90.0,
          90.0,
          119.99999999999999
        ],
        "cell_volume": 42.52728195532526,
        "cell_anisotropy": 1.6035843567443813,
        "anisotropy_index": 0.6035843567443813,
        "theoretical_peak_count": 12,
        "peak_density": 0.1411764705882353,
        "median_gap_deg": 3.7671661376953125,
        "crowded_fraction": 0.0,
        "isolated_fraction": 1.0,
        "simple_topology": true,
        "preferred_po_axis": [
          0,
          0,
          1
        ],
        "fluorescence_bucket": "none",
        "absorption_bucket": "light"
      },
      "attempt": 1,
      "donor_rows": {
        "instrument": "0113__rruff_R050045-1__Ca1_F2",
        "chemistry": "0057__rruff_R040098-1__Ca5_F1_O12_P3",
        "microstructure": "0254__rruff_R050369-1__Ca5_F1_O12_P3",
        "orientation": "0254__rruff_R050369-1__Ca5_F1_O12_P3",
        "background": "0152__rruff_R050128-1__C1_Ca1_O3"
      },
      "donor_rwp_percent": {
        "instrument": 10.345769455766266,
        "chemistry": 13.722656894319407,
        "microstructure": 13.558574059798776,
        "orientation": 13.558574059798776,
        "background": 10.060210456264361
      },
      "donor_peak_window_rwp": {
        "instrument": 11.85177861797737,
        "chemistry": 18.779898403060326,
        "microstructure": 18.528929065551917,
        "orientation": 18.528929065551917,
        "background": 12.829743047113176
      },
      "selected_sample_code": "0113__rruff_R050045-1__Ca1_F2",
      "selected_peak_window_rwp": 11.85177861797737,
      "selected_peak_window_pearson": 0.9964628749980051,
      "selected_background_fraction": 0.43711059782680073
    },
    "original_sample_dir": "AlN_SG186",
    "original_cif_path": "phase.cif",
    "original_generated_xy_path": "generated.xy",
    "original_generation_params_json": "generation_params.json",
    "original_generation_quality_json": "generation_quality.json"
  },
  "quality": {
    "note": "These are theory-vs-generated synthetic quality indicators plus donor-template quality provenance. They are not Rietveld fit-to-experiment outputs.",
    "theory_vs_generated": {
      "profile_pearson": 0.9273994329652141,
      "profile_cosine": 0.9228567789272716,
      "rmse": 2.318844132283367,
      "mae": 0.9669514419228776,
      "background_fraction_generated": 3.1942476996960383,
      "top_peak_count_used": 12,
      "top_peak_height_log_mae": 3.4154032579882236,
      "top_peak_shift_abs_mean_deg": 0.0777266057332362,
      "peak_window_pearson": 0.9129599311447588,
      "peak_window_cosine": 0.9290138192578659
    },
    "donor_template_quality": {
      "selected_sample_code": "0113__rruff_R050045-1__Ca1_F2",
      "selected_peak_window_rwp": 11.85177861797737,
      "selected_peak_window_pearson": 0.9964628749980051,
      "selected_background_fraction": 0.43711059782680073,
      "donor_rows": {
        "instrument": "0113__rruff_R050045-1__Ca1_F2",
        "chemistry": "0057__rruff_R040098-1__Ca5_F1_O12_P3",
        "microstructure": "0254__rruff_R050369-1__Ca5_F1_O12_P3",
        "orientation": "0254__rruff_R050369-1__Ca5_F1_O12_P3",
        "background": "0152__rruff_R050128-1__C1_Ca1_O3"
      },
      "donor_rwp_percent": {
        "instrument": 10.345769455766266,
        "chemistry": 13.722656894319407,
        "microstructure": 13.558574059798776,
        "orientation": 13.558574059798776,
        "background": 10.060210456264361
      },
      "donor_peak_window_rwp": {
        "instrument": 11.85177861797737,
        "chemistry": 18.779898403060326,
        "microstructure": 18.528929065551917,
        "orientation": 18.528929065551917,
        "background": 12.829743047113176
      }
    }
  },
  "generation_tier": "strict_core"
}
