{
  "sample_name": "SiO_181",
  "phase_id": "mp-32761",
  "formula": "SiO",
  "space_group": 181,
  "space_group_symbol": "P6_422",
  "crystal_system": "hexagonal",
  "source_origin": "materials_project",
  "slot": "anchor",
  "formula_group_id": "O1|Si1::sg::181",
  "descriptor": {
    "phase_id": "mp-32761",
    "formula": "SiO",
    "crystal_system": "hexagonal",
    "elements": [
      "O",
      "Si"
    ],
    "density_g_cm3": 2.5801998598013896,
    "avg_z": 11.0,
    "max_z": 14.0,
    "heavy_fraction": 0.0,
    "transition_fraction": 0.0,
    "cell_lengths": [
      4.53295978,
      4.53295978,
      9.566267
    ],
    "cell_angles": [
      90.0,
      90.0,
      119.99999999999999
    ],
    "cell_volume": 170.2302986832955,
    "cell_anisotropy": 2.110379854285846,
    "anisotropy_index": 1.110379854285846,
    "theoretical_peak_count": 37,
    "peak_density": 0.43529411764705883,
    "median_gap_deg": 1.599679946899414,
    "crowded_fraction": 0.16666666666666666,
    "isolated_fraction": 0.5833333333333334,
    "simple_topology": false,
    "preferred_po_axis": [
      0,
      0,
      1
    ],
    "fluorescence_bucket": "none",
    "absorption_bucket": "light"
  },
  "generation": {
    "theta_min": 5.0,
    "theta_max": 90.0,
    "num_points": 8501,
    "template_rwp_percent": 12.230971149753874,
    "template_peak_window_rwp": 16.61381662608072,
    "template_peak_window_pearson": 0.9948239611051984,
    "synth_params": {
      "ka1": 1.5405929,
      "ka2": 1.5444274,
      "use_tch_profile": true,
      "sigma_scale": 0.9440362830576552,
      "kb_ratio": 0.015008100559655416,
      "use_fcj_asymmetry": true,
      "detector_nonlinearity": 0.0,
      "use_ka2": true,
      "caglioti_u": 0.003279074167112672,
      "kb": 1.39225,
      "caglioti_w": 0.0010019906393954538,
      "detector_deadtime_coeff": 0.0,
      "axial_s_over_l": 0.00119999999999995,
      "sigma_min_deg": 0.008,
      "ka2_ratio": 0.48502655784215637,
      "caglioti_v": -0.005646438125445374,
      "sigma_deg": 0.009060480593718376,
      "use_kbeta": true,
      "beam_sample_ratio": 0.04999999999999995,
      "fluorescence_level": 0.0,
      "muR": 0.035,
      "trns": 0.08999756937291836,
      "fluorescence_decay": 3.0,
      "lorentz_z": 0.00011692124277869222,
      "strain": 2.0890460626993178e-05,
      "pseudo_voigt_eta": -0.005038350347928382,
      "lorentz_size": 0.03,
      "macro_strain": 0.0,
      "sample_displacement_sr": -0.000335218198833255,
      "size_nm": 198.3215592988922,
      "delta_deg": -0.009437018111748793,
      "lorentz_strain": 0.0002876675853948984,
      "po_r": 1.0,
      "air_scatter_level": 5.5e-09,
      "b3": -0.1755067322841092,
      "scatter_sigma_deg": 5.999999999999611,
      "b4": 0.17868298723793835,
      "scatter_level": 5.5000000000000004e-09,
      "compton_level": 2.8394658372251715e-05,
      "holder_scatter_center_deg": 15.0,
      "a": 1.196117088343281,
      "holder_scatter_level": 5.500000035593745e-09,
      "scatter_center_deg": 14.999999999998556,
      "b5": 0.1394352857747536,
      "poisson_counts_max": 1800.0,
      "air_scatter_floor": 0.05000000000050871,
      "b1": -1.4872622355899847,
      "b0": 3.1830981436792447,
      "b2": 0.8856460116469855,
      "holder_scatter_sigma_deg": 4.000000000000357,
      "po_hkl_axis": [
        0.0,
        1.0,
        0.0
      ],
      "final_normalize": true
    },
    "synth_sampling_meta": {
      "family_name": "anchor",
      "slot": "anchor",
      "source_family": "rruff_like",
      "preferred_source_family": "rruff_like",
      "descriptor": {
        "phase_id": "mp-32761",
        "formula": "SiO",
        "crystal_system": "hexagonal",
        "elements": [
          "O",
          "Si"
        ],
        "density_g_cm3": 2.5801998598013896,
        "avg_z": 11.0,
        "max_z": 14.0,
        "heavy_fraction": 0.0,
        "transition_fraction": 0.0,
        "cell_lengths": [
          4.53295978,
          4.53295978,
          9.566267
        ],
        "cell_angles": [
          90.0,
          90.0,
          119.99999999999999
        ],
        "cell_volume": 170.2302986832955,
        "cell_anisotropy": 2.110379854285846,
        "anisotropy_index": 1.110379854285846,
        "theoretical_peak_count": 37,
        "peak_density": 0.43529411764705883,
        "median_gap_deg": 1.599679946899414,
        "crowded_fraction": 0.16666666666666666,
        "isolated_fraction": 0.5833333333333334,
        "simple_topology": false,
        "preferred_po_axis": [
          0,
          0,
          1
        ],
        "fluorescence_bucket": "none",
        "absorption_bucket": "light"
      },
      "attempt": 1,
      "donor_rows": {
        "instrument": "0144__rruff_R050115-1__Ca1_F2",
        "chemistry": "0144__rruff_R050115-1__Ca1_F2",
        "microstructure": "0254__rruff_R050369-1__Ca5_F1_O12_P3",
        "orientation": "0254__rruff_R050369-1__Ca5_F1_O12_P3",
        "background": "0113__rruff_R050045-1__Ca1_F2"
      },
      "donor_rwp_percent": {
        "instrument": 10.8136128591309,
        "chemistry": 10.8136128591309,
        "microstructure": 13.558574059798776,
        "orientation": 13.558574059798776,
        "background": 10.345769455766266
      },
      "donor_peak_window_rwp": {
        "instrument": 14.273780930421212,
        "chemistry": 14.273780930421212,
        "microstructure": 18.528929065551917,
        "orientation": 18.528929065551917,
        "background": 11.85177861797737
      },
      "selected_sample_code": "0144__rruff_R050115-1__Ca1_F2",
      "selected_peak_window_rwp": 14.273780930421212,
      "selected_peak_window_pearson": 0.9900974432048891,
      "selected_background_fraction": 0.33176687476325667
    },
    "original_sample_dir": "SiO_SG181",
    "original_cif_path": "phase.cif",
    "original_generated_xy_path": "generated.xy",
    "original_generation_params_json": "generation_params.json",
    "original_generation_quality_json": "generation_quality.json"
  },
  "quality": {
    "note": "These are theory-vs-generated synthetic quality indicators plus donor-template quality provenance. They are not Rietveld fit-to-experiment outputs.",
    "theory_vs_generated": {
      "profile_pearson": 0.940251351520022,
      "profile_cosine": 0.9356759854394872,
      "rmse": 1.2649233711026373,
      "mae": 0.47417507232147565,
      "background_fraction_generated": 3.8002671012199656,
      "top_peak_count_used": 20,
      "top_peak_height_log_mae": 2.304750323379795,
      "top_peak_shift_abs_mean_deg": 0.06004991149902317,
      "peak_window_pearson": 0.937883010998176,
      "peak_window_cosine": 0.9407928180803397
    },
    "donor_template_quality": {
      "selected_sample_code": "0144__rruff_R050115-1__Ca1_F2",
      "selected_peak_window_rwp": 14.273780930421212,
      "selected_peak_window_pearson": 0.9900974432048891,
      "selected_background_fraction": 0.33176687476325667,
      "donor_rows": {
        "instrument": "0144__rruff_R050115-1__Ca1_F2",
        "chemistry": "0144__rruff_R050115-1__Ca1_F2",
        "microstructure": "0254__rruff_R050369-1__Ca5_F1_O12_P3",
        "orientation": "0254__rruff_R050369-1__Ca5_F1_O12_P3",
        "background": "0113__rruff_R050045-1__Ca1_F2"
      },
      "donor_rwp_percent": {
        "instrument": 10.8136128591309,
        "chemistry": 10.8136128591309,
        "microstructure": 13.558574059798776,
        "orientation": 13.558574059798776,
        "background": 10.345769455766266
      },
      "donor_peak_window_rwp": {
        "instrument": 14.273780930421212,
        "chemistry": 14.273780930421212,
        "microstructure": 18.528929065551917,
        "orientation": 18.528929065551917,
        "background": 11.85177861797737
      }
    }
  },
  "generation_tier": "strict_core"
}
