{
  "sample_name": "AlO3_162",
  "phase_id": "mp-1182868",
  "formula": "AlO3",
  "space_group": 162,
  "space_group_symbol": "P-31m",
  "crystal_system": "trigonal",
  "source_origin": "materials_project",
  "slot": "anchor",
  "formula_group_id": "Al1|O3::sg::162",
  "descriptor": {
    "phase_id": "mp-1182868",
    "formula": "AlO3",
    "crystal_system": "trigonal",
    "elements": [
      "Al",
      "O"
    ],
    "density_g_cm3": 2.4325325879507993,
    "avg_z": 9.25,
    "max_z": 13.0,
    "heavy_fraction": 0.0,
    "transition_fraction": 0.0,
    "cell_lengths": [
      5.42279952,
      5.42279952,
      4.019635
    ],
    "cell_angles": [
      90.0,
      90.0,
      120.00000000000001
    ],
    "cell_volume": 102.36803070136483,
    "cell_anisotropy": 1.349077595353807,
    "anisotropy_index": 0.349077595353807,
    "theoretical_peak_count": 29,
    "peak_density": 0.3411764705882353,
    "median_gap_deg": 2.1997737884521484,
    "crowded_fraction": 0.10714285714285714,
    "isolated_fraction": 0.6785714285714286,
    "simple_topology": false,
    "preferred_po_axis": [
      0,
      0,
      1
    ],
    "fluorescence_bucket": "none",
    "absorption_bucket": "light"
  },
  "generation": {
    "theta_min": 5.0,
    "theta_max": 90.0,
    "num_points": 8501,
    "template_rwp_percent": 10.499124209338653,
    "template_peak_window_rwp": 14.501948057757202,
    "template_peak_window_pearson": 0.9910612006867483,
    "synth_params": {
      "ka1": 1.5405929,
      "ka2": 1.5444274,
      "use_tch_profile": true,
      "sigma_scale": 0.9440362830576552,
      "kb_ratio": 0.015008100559655416,
      "use_fcj_asymmetry": true,
      "detector_nonlinearity": 0.0,
      "use_ka2": true,
      "caglioti_u": 0.003279074167112672,
      "kb": 1.39225,
      "caglioti_w": 0.0010019906393954538,
      "detector_deadtime_coeff": 0.0,
      "axial_s_over_l": 0.00119999999999995,
      "sigma_min_deg": 0.008,
      "ka2_ratio": 0.48502655784215637,
      "caglioti_v": -0.005646438125445374,
      "sigma_deg": 0.009060480593718376,
      "use_kbeta": true,
      "beam_sample_ratio": 0.04999999999999995,
      "fluorescence_level": 0.0,
      "muR": 0.0,
      "trns": 0.0,
      "fluorescence_decay": 3.0,
      "lorentz_z": 9.318430809310919e-05,
      "strain": 0.0010045100078755105,
      "pseudo_voigt_eta": -0.04963378431564783,
      "lorentz_size": 0.03,
      "macro_strain": 0.0,
      "sample_displacement_sr": -0.0002,
      "size_nm": 206.22549848414644,
      "delta_deg": -0.01,
      "lorentz_strain": 0.000648020609381769,
      "po_r": 1.0,
      "air_scatter_level": 0.7896572717857097,
      "b3": -7.576725277383578e-11,
      "scatter_sigma_deg": 4.818082639389946,
      "b4": -2.1719731118129621e-10,
      "scatter_level": 1.1015561438107317,
      "compton_level": 0.26356339095605635,
      "holder_scatter_center_deg": 13.148005929148589,
      "a": 1.0,
      "holder_scatter_level": 0.07099463735568148,
      "scatter_center_deg": 4.506047819214484,
      "b5": -1.592642915397184e-10,
      "poisson_counts_max": 2154.0,
      "air_scatter_floor": 0.018226773556866804,
      "b1": 0.9190948725100639,
      "b0": 7.359388055552824,
      "b2": -3.0212307845003545,
      "holder_scatter_sigma_deg": 9.171233576757148,
      "po_hkl_axis": [
        0.0,
        1.0,
        0.0
      ],
      "final_normalize": true
    },
    "synth_sampling_meta": {
      "family_name": "anchor",
      "slot": "anchor",
      "source_family": "rruff_like",
      "preferred_source_family": "rruff_like",
      "descriptor": {
        "phase_id": "mp-1182868",
        "formula": "AlO3",
        "crystal_system": "trigonal",
        "elements": [
          "Al",
          "O"
        ],
        "density_g_cm3": 2.4325325879507993,
        "avg_z": 9.25,
        "max_z": 13.0,
        "heavy_fraction": 0.0,
        "transition_fraction": 0.0,
        "cell_lengths": [
          5.42279952,
          5.42279952,
          4.019635
        ],
        "cell_angles": [
          90.0,
          90.0,
          120.00000000000001
        ],
        "cell_volume": 102.36803070136483,
        "cell_anisotropy": 1.349077595353807,
        "anisotropy_index": 0.349077595353807,
        "theoretical_peak_count": 29,
        "peak_density": 0.3411764705882353,
        "median_gap_deg": 2.1997737884521484,
        "crowded_fraction": 0.10714285714285714,
        "isolated_fraction": 0.6785714285714286,
        "simple_topology": false,
        "preferred_po_axis": [
          0,
          0,
          1
        ],
        "fluorescence_bucket": "none",
        "absorption_bucket": "light"
      },
      "attempt": 1,
      "donor_rows": {
        "instrument": "0144__rruff_R050115-1__Ca1_F2",
        "chemistry": "0098__rruff_R050009-1__C1_Ca1_O3",
        "microstructure": "0098__rruff_R050009-1__C1_Ca1_O3",
        "orientation": "0098__rruff_R050009-1__C1_Ca1_O3",
        "background": "0066__rruff_R040126-1__C4_Ca1_Mg3_O12"
      },
      "donor_rwp_percent": {
        "instrument": 10.8136128591309,
        "chemistry": 10.473963597060688,
        "microstructure": 10.473963597060688,
        "orientation": 10.473963597060688,
        "background": 8.894243026156627
      },
      "donor_peak_window_rwp": {
        "instrument": 14.273780930421212,
        "chemistry": 13.939634579044661,
        "microstructure": 13.939634579044661,
        "orientation": 13.939634579044661,
        "background": 11.562371080606463
      },
      "selected_sample_code": "0144__rruff_R050115-1__Ca1_F2",
      "selected_peak_window_rwp": 14.273780930421212,
      "selected_peak_window_pearson": 0.9900974432048891,
      "selected_background_fraction": 0.5445765611275475
    },
    "original_sample_dir": "AlO3_SG162",
    "original_cif_path": "phase.cif",
    "original_generated_xy_path": "generated.xy",
    "original_generation_params_json": "generation_params.json",
    "original_generation_quality_json": "generation_quality.json"
  },
  "quality": {
    "note": "These are theory-vs-generated synthetic quality indicators plus donor-template quality provenance. They are not Rietveld fit-to-experiment outputs.",
    "theory_vs_generated": {
      "profile_pearson": 0.9438276146307222,
      "profile_cosine": 0.9150618148295404,
      "rmse": 1.9469901521071495,
      "mae": 1.3808791166275907,
      "background_fraction_generated": 5.554784642695465,
      "top_peak_count_used": 20,
      "top_peak_height_log_mae": 15.209437855326176,
      "top_peak_shift_abs_mean_deg": 0.2641561317443841,
      "peak_window_pearson": 0.9516365507372492,
      "peak_window_cosine": 0.9500178904241218
    },
    "donor_template_quality": {
      "selected_sample_code": "0144__rruff_R050115-1__Ca1_F2",
      "selected_peak_window_rwp": 14.273780930421212,
      "selected_peak_window_pearson": 0.9900974432048891,
      "selected_background_fraction": 0.5445765611275475,
      "donor_rows": {
        "instrument": "0144__rruff_R050115-1__Ca1_F2",
        "chemistry": "0098__rruff_R050009-1__C1_Ca1_O3",
        "microstructure": "0098__rruff_R050009-1__C1_Ca1_O3",
        "orientation": "0098__rruff_R050009-1__C1_Ca1_O3",
        "background": "0066__rruff_R040126-1__C4_Ca1_Mg3_O12"
      },
      "donor_rwp_percent": {
        "instrument": 10.8136128591309,
        "chemistry": 10.473963597060688,
        "microstructure": 10.473963597060688,
        "orientation": 10.473963597060688,
        "background": 8.894243026156627
      },
      "donor_peak_window_rwp": {
        "instrument": 14.273780930421212,
        "chemistry": 13.939634579044661,
        "microstructure": 13.939634579044661,
        "orientation": 13.939634579044661,
        "background": 11.562371080606463
      }
    }
  },
  "generation_tier": "strict_core"
}
