{
  "sample_name": "Fe_136",
  "phase_id": "mp-1194030",
  "formula": "Fe",
  "space_group": 136,
  "space_group_symbol": "P4_2/mnm",
  "crystal_system": "tetragonal",
  "source_origin": "materials_project",
  "slot": "background",
  "formula_group_id": "Fe1::sg::136",
  "descriptor": {
    "phase_id": "mp-1194030",
    "formula": "Fe",
    "crystal_system": "tetragonal",
    "elements": [
      "Fe"
    ],
    "density_g_cm3": 7.6427112112919735,
    "avg_z": 26.0,
    "max_z": 26.0,
    "heavy_fraction": 0.0,
    "transition_fraction": 1.0,
    "cell_lengths": [
      8.617901,
      8.617901,
      4.574472
    ],
    "cell_angles": [
      90.0,
      90.0,
      90.0
    ],
    "cell_volume": 339.7378821106226,
    "cell_anisotropy": 1.8839116295826053,
    "anisotropy_index": 0.8839116295826053,
    "theoretical_peak_count": 85,
    "peak_density": 1.0,
    "median_gap_deg": 0.6951732635498047,
    "crowded_fraction": 0.27380952380952384,
    "isolated_fraction": 0.25,
    "simple_topology": false,
    "preferred_po_axis": [
      0,
      0,
      1
    ],
    "fluorescence_bucket": "high",
    "absorption_bucket": "heavy"
  },
  "generation": {
    "theta_min": 5.0,
    "theta_max": 90.0,
    "num_points": 8501,
    "template_rwp_percent": 11.310710506171425,
    "template_peak_window_rwp": 13.039616858422296,
    "template_peak_window_pearson": 0.9953688247628263,
    "synth_params": {
      "ka1": 1.5405929,
      "ka2": 1.5444274,
      "use_tch_profile": true,
      "sigma_scale": 0.915935817612402,
      "kb_ratio": 0.01500880233919089,
      "use_fcj_asymmetry": true,
      "detector_nonlinearity": 0.0,
      "use_ka2": true,
      "caglioti_u": 0.031390575609021656,
      "kb": 1.39225,
      "caglioti_w": 0.0018448797995058975,
      "detector_deadtime_coeff": 0.0,
      "axial_s_over_l": 0.0012,
      "sigma_min_deg": 0.008,
      "ka2_ratio": 0.48492173130236843,
      "caglioti_v": 0.007351125729718566,
      "sigma_deg": 0.01878969372542678,
      "use_kbeta": true,
      "beam_sample_ratio": 0.05,
      "fluorescence_level": 2.0,
      "muR": 0.04,
      "trns": 0.03,
      "fluorescence_decay": 8.0,
      "lorentz_z": 4.7216837937356214e-07,
      "strain": 0.0004225934793705173,
      "pseudo_voigt_eta": 0.16216538247320142,
      "lorentz_size": 0.03,
      "macro_strain": 0.0006252539263196581,
      "sample_displacement_sr": -0.00035090034639020305,
      "size_nm": 179.94830859385758,
      "delta_deg": -0.004894948164145208,
      "lorentz_strain": 0.008,
      "po_r": 1.0,
      "air_scatter_level": 9.999999978462864e-11,
      "b3": 0.001471243860440414,
      "scatter_sigma_deg": 2.360244073616755,
      "b4": -0.0319266624821608,
      "scatter_level": 8.92603770037726,
      "compton_level": 9.999999978462864e-11,
      "holder_scatter_center_deg": 15.000000000000085,
      "a": 1.0,
      "holder_scatter_level": 9.999999978462864e-11,
      "scatter_center_deg": 5.000000019888014,
      "b5": 0.20294020715221212,
      "poisson_counts_max": 1199.35,
      "air_scatter_floor": 0.04999999999830497,
      "b1": -0.7932098171685746,
      "b0": 3.466954125636448,
      "b2": 0.03820445544773885,
      "holder_scatter_sigma_deg": 3.9999999999981317,
      "po_hkl_axis": [
        0.0,
        1.0,
        0.0
      ],
      "final_normalize": true
    },
    "synth_sampling_meta": {
      "family_name": "background",
      "slot": "background",
      "source_family": "opxrd_like",
      "preferred_source_family": "opxrd_like",
      "descriptor": {
        "phase_id": "mp-1194030",
        "formula": "Fe",
        "crystal_system": "tetragonal",
        "elements": [
          "Fe"
        ],
        "density_g_cm3": 7.6427112112919735,
        "avg_z": 26.0,
        "max_z": 26.0,
        "heavy_fraction": 0.0,
        "transition_fraction": 1.0,
        "cell_lengths": [
          8.617901,
          8.617901,
          4.574472
        ],
        "cell_angles": [
          90.0,
          90.0,
          90.0
        ],
        "cell_volume": 339.7378821106226,
        "cell_anisotropy": 1.8839116295826053,
        "anisotropy_index": 0.8839116295826053,
        "theoretical_peak_count": 85,
        "peak_density": 1.0,
        "median_gap_deg": 0.6951732635498047,
        "crowded_fraction": 0.27380952380952384,
        "isolated_fraction": 0.25,
        "simple_topology": false,
        "preferred_po_axis": [
          0,
          0,
          1
        ],
        "fluorescence_bucket": "high",
        "absorption_bucket": "heavy"
      },
      "attempt": 1,
      "donor_rows": {
        "instrument": "1191__opxrd_000584__H1_Mg1_O1",
        "chemistry": "0329__rruff_R050521-1__Cu1_H1_O5_Pb1_V1",
        "microstructure": "0320__rruff_R050501-1__Mo1_O4_Pb1",
        "orientation": "0454__rruff_R060417-1__Ca1_O4_W1",
        "background": "0010__rruff_R040017-1__O2_Sn1"
      },
      "donor_rwp_percent": {
        "instrument": 5.159210709102735,
        "chemistry": 20.765069245060484,
        "microstructure": 28.68148207760901,
        "orientation": 20.538160106639065,
        "background": 11.310710506171425
      },
      "donor_peak_window_rwp": {
        "instrument": 5.48784949745101,
        "chemistry": 20.2588579420501,
        "microstructure": 22.790795125536757,
        "orientation": 17.54785920227529,
        "background": 13.039616858422296
      },
      "selected_sample_code": "1191__opxrd_000584__H1_Mg1_O1",
      "selected_peak_window_rwp": 5.48784949745101,
      "selected_peak_window_pearson": 0.9997162154875435,
      "selected_background_fraction": 0.25896210377175916
    },
    "original_sample_dir": "Fe_SG136",
    "original_cif_path": "phase.cif",
    "original_generated_xy_path": "generated.xy",
    "original_generation_params_json": "generation_params.json",
    "original_generation_quality_json": "generation_quality.json"
  },
  "quality": {
    "note": "These are theory-vs-generated synthetic quality indicators plus donor-template quality provenance. They are not Rietveld fit-to-experiment outputs.",
    "theory_vs_generated": {
      "profile_pearson": 0.9029173139789931,
      "profile_cosine": 0.8926840610175264,
      "rmse": 3.8856631427747783,
      "mae": 2.1542719465434597,
      "background_fraction_generated": 1.2079048738820566,
      "top_peak_count_used": 20,
      "top_peak_height_log_mae": 0.3039681979560995,
      "top_peak_shift_abs_mean_deg": 0.0509654121398917,
      "peak_window_pearson": 0.8940978981636115,
      "peak_window_cosine": 0.9052562315359877
    },
    "donor_template_quality": {
      "selected_sample_code": "1191__opxrd_000584__H1_Mg1_O1",
      "selected_peak_window_rwp": 5.48784949745101,
      "selected_peak_window_pearson": 0.9997162154875435,
      "selected_background_fraction": 0.25896210377175916,
      "donor_rows": {
        "instrument": "1191__opxrd_000584__H1_Mg1_O1",
        "chemistry": "0329__rruff_R050521-1__Cu1_H1_O5_Pb1_V1",
        "microstructure": "0320__rruff_R050501-1__Mo1_O4_Pb1",
        "orientation": "0454__rruff_R060417-1__Ca1_O4_W1",
        "background": "0010__rruff_R040017-1__O2_Sn1"
      },
      "donor_rwp_percent": {
        "instrument": 5.159210709102735,
        "chemistry": 20.765069245060484,
        "microstructure": 28.68148207760901,
        "orientation": 20.538160106639065,
        "background": 11.310710506171425
      },
      "donor_peak_window_rwp": {
        "instrument": 5.48784949745101,
        "chemistry": 20.2588579420501,
        "microstructure": 22.790795125536757,
        "orientation": 17.54785920227529,
        "background": 13.039616858422296
      }
    }
  },
  "generation_tier": "strict_core"
}
