{
  "sample_name": "Ba3TeO6_88",
  "phase_id": "cod_8104519",
  "formula": "Ba3TeO6",
  "space_group": 88,
  "space_group_symbol": "I4_1/a",
  "crystal_system": "tetragonal",
  "source_origin": "cod",
  "slot": "background",
  "formula_group_id": "Ba3|O6|Te1::sg::88",
  "descriptor": {
    "phase_id": "cod_8104519",
    "formula": "Ba3TeO6",
    "crystal_system": "tetragonal",
    "elements": [
      "Ba",
      "O",
      "Te"
    ],
    "density_g_cm3": 6.434474156544218,
    "avg_z": 26.8,
    "max_z": 56.0,
    "heavy_fraction": 0.4,
    "transition_fraction": 0.0,
    "cell_lengths": [
      19.3878,
      19.3878,
      34.909
    ],
    "cell_angles": [
      90.0,
      90.0,
      90.0
    ],
    "cell_volume": 13121.831911615558,
    "cell_anisotropy": 1.800565303954033,
    "anisotropy_index": 0.800565303954033,
    "theoretical_peak_count": 1195,
    "peak_density": 14.058823529411764,
    "median_gap_deg": 0.03719520568847656,
    "crowded_fraction": 0.981574539363484,
    "isolated_fraction": 0.0033500837520938024,
    "simple_topology": false,
    "preferred_po_axis": [
      0,
      0,
      1
    ],
    "fluorescence_bucket": "moderate",
    "absorption_bucket": "heavy"
  },
  "generation": {
    "theta_min": 5.0,
    "theta_max": 90.0,
    "num_points": 8501,
    "template_rwp_percent": 11.310710506171425,
    "template_peak_window_rwp": 13.039616858422296,
    "template_peak_window_pearson": 0.9953688247628263,
    "synth_params": {
      "ka1": 1.5405929,
      "ka2": 1.5444274,
      "use_tch_profile": true,
      "sigma_scale": 0.915935817612402,
      "kb_ratio": 0.01500880233919089,
      "use_fcj_asymmetry": true,
      "detector_nonlinearity": 0.0,
      "use_ka2": true,
      "caglioti_u": 0.031390575609021656,
      "kb": 1.39225,
      "caglioti_w": 0.0018448797995058975,
      "detector_deadtime_coeff": 0.0,
      "axial_s_over_l": 0.0012,
      "sigma_min_deg": 0.008,
      "ka2_ratio": 0.48492173130236843,
      "caglioti_v": 0.007351125729718566,
      "sigma_deg": 0.01878969372542678,
      "use_kbeta": true,
      "beam_sample_ratio": 0.05,
      "fluorescence_level": 1.0,
      "muR": 0.04,
      "trns": 0.00016750764429047767,
      "fluorescence_decay": 3.000000000000109,
      "lorentz_z": 1e-08,
      "strain": 2.104457632986106e-05,
      "pseudo_voigt_eta": 0.18239417630671903,
      "lorentz_size": 0.0018767860557139064,
      "macro_strain": 0.0003245765120281523,
      "sample_displacement_sr": -0.0003459797654655709,
      "size_nm": 155.31676640618235,
      "delta_deg": -0.0025679986639565206,
      "lorentz_strain": 0.008,
      "po_r": 1.0,
      "air_scatter_level": 1.282998069491481,
      "b3": 0.18625324667483503,
      "scatter_sigma_deg": 7.299242214463168,
      "b4": 0.3367617258016026,
      "scatter_level": 1.2,
      "compton_level": 0.4701224200606287,
      "holder_scatter_center_deg": 11.807638485401357,
      "a": 0.5278996221455207,
      "holder_scatter_level": 1.1755462812856692,
      "scatter_center_deg": 5.561921518765115,
      "b5": 0.02981382883081067,
      "poisson_counts_max": 900.0,
      "air_scatter_floor": 0.04157007484843522,
      "b1": 4.764204430098254,
      "b0": 6.6339633375019025,
      "b2": -2.2348749413858036,
      "holder_scatter_sigma_deg": 6.825355867427844,
      "po_hkl_axis": [
        0.0,
        1.0,
        0.0
      ],
      "final_normalize": true
    },
    "synth_sampling_meta": {
      "family_name": "background",
      "slot": "background",
      "source_family": "opxrd_like",
      "preferred_source_family": "opxrd_like",
      "descriptor": {
        "phase_id": "cod_8104519",
        "formula": "Ba3TeO6",
        "crystal_system": "tetragonal",
        "elements": [
          "Ba",
          "O",
          "Te"
        ],
        "density_g_cm3": 6.434474156544218,
        "avg_z": 26.8,
        "max_z": 56.0,
        "heavy_fraction": 0.4,
        "transition_fraction": 0.0,
        "cell_lengths": [
          19.3878,
          19.3878,
          34.909
        ],
        "cell_angles": [
          90.0,
          90.0,
          90.0
        ],
        "cell_volume": 13121.831911615558,
        "cell_anisotropy": 1.800565303954033,
        "anisotropy_index": 0.800565303954033,
        "theoretical_peak_count": 1195,
        "peak_density": 14.058823529411764,
        "median_gap_deg": 0.03719520568847656,
        "crowded_fraction": 0.981574539363484,
        "isolated_fraction": 0.0033500837520938024,
        "simple_topology": false,
        "preferred_po_axis": [
          0,
          0,
          1
        ],
        "fluorescence_bucket": "moderate",
        "absorption_bucket": "heavy"
      },
      "attempt": 1,
      "donor_rows": {
        "instrument": "1191__opxrd_000584__H1_Mg1_O1",
        "chemistry": "0617__rruff_R200013__Ag1_Te1",
        "microstructure": "0454__rruff_R060417-1__Ca1_O4_W1",
        "orientation": "0257__rruff_R050372-1__Cl2_Cu1_H4_O4_Pb2",
        "background": "0116__rruff_R050052-1__O4_Pb1_S1"
      },
      "donor_rwp_percent": {
        "instrument": 5.159210709102735,
        "chemistry": 10.842870596894375,
        "microstructure": 20.538160106639065,
        "orientation": 23.550538519811,
        "background": 22.335820608816555
      },
      "donor_peak_window_rwp": {
        "instrument": 5.48784949745101,
        "chemistry": 9.019290975003878,
        "microstructure": 17.54785920227529,
        "orientation": 21.482046825450762,
        "background": 20.345268965436535
      },
      "selected_sample_code": "1191__opxrd_000584__H1_Mg1_O1",
      "selected_peak_window_rwp": 5.48784949745101,
      "selected_peak_window_pearson": 0.9997162154875435,
      "selected_background_fraction": 0.45302780016160477
    },
    "original_sample_dir": "Ba3TeO6_SG88",
    "original_cif_path": "phase.cif",
    "original_generated_xy_path": "generated.xy",
    "original_generation_params_json": "generation_params.json",
    "original_generation_quality_json": "generation_quality.json"
  },
  "quality": {
    "note": "These are theory-vs-generated synthetic quality indicators plus donor-template quality provenance. They are not Rietveld fit-to-experiment outputs.",
    "theory_vs_generated": {
      "profile_pearson": 0.9449825216196202,
      "profile_cosine": 0.8229760248086339,
      "rmse": 3.224547093150765,
      "mae": 2.9207343660717333,
      "background_fraction_generated": 3.103436536094622,
      "top_peak_count_used": 20,
      "top_peak_height_log_mae": 13.848755903748478,
      "top_peak_shift_abs_mean_deg": 0.2726094818115232,
      "peak_window_pearson": 0.9519361999348064,
      "peak_window_cosine": 0.930617964272606
    },
    "donor_template_quality": {
      "selected_sample_code": "1191__opxrd_000584__H1_Mg1_O1",
      "selected_peak_window_rwp": 5.48784949745101,
      "selected_peak_window_pearson": 0.9997162154875435,
      "selected_background_fraction": 0.45302780016160477,
      "donor_rows": {
        "instrument": "1191__opxrd_000584__H1_Mg1_O1",
        "chemistry": "0617__rruff_R200013__Ag1_Te1",
        "microstructure": "0454__rruff_R060417-1__Ca1_O4_W1",
        "orientation": "0257__rruff_R050372-1__Cl2_Cu1_H4_O4_Pb2",
        "background": "0116__rruff_R050052-1__O4_Pb1_S1"
      },
      "donor_rwp_percent": {
        "instrument": 5.159210709102735,
        "chemistry": 10.842870596894375,
        "microstructure": 20.538160106639065,
        "orientation": 23.550538519811,
        "background": 22.335820608816555
      },
      "donor_peak_window_rwp": {
        "instrument": 5.48784949745101,
        "chemistry": 9.019290975003878,
        "microstructure": 17.54785920227529,
        "orientation": 21.482046825450762,
        "background": 20.345268965436535
      }
    }
  },
  "generation_tier": "strict_core"
}
