{
  "sample_name": "S8O_29",
  "phase_id": "mp-27465",
  "formula": "S8O",
  "space_group": 29,
  "space_group_symbol": "Pca2_1",
  "crystal_system": "orthorhombic",
  "source_origin": "materials_project",
  "slot": "profile",
  "formula_group_id": "O1|S8::sg::29",
  "descriptor": {
    "phase_id": "mp-27465",
    "formula": "S8O",
    "crystal_system": "orthorhombic",
    "elements": [
      "O",
      "S"
    ],
    "density_g_cm3": 1.9993875497174547,
    "avg_z": 15.11111111111111,
    "max_z": 16.0,
    "heavy_fraction": 0.0,
    "transition_fraction": 0.0,
    "cell_lengths": [
      13.4390604,
      8.24946036,
      8.16610734
    ],
    "cell_angles": [
      90.0,
      90.0,
      90.0
    ],
    "cell_volume": 905.3354579557855,
    "cell_anisotropy": 1.6457119457849303,
    "anisotropy_index": 0.6457119457849303,
    "theoretical_peak_count": 404,
    "peak_density": 4.752941176470588,
    "median_gap_deg": 0.10091400146484375,
    "crowded_fraction": 0.858560794044665,
    "isolated_fraction": 0.01488833746898263,
    "simple_topology": false,
    "preferred_po_axis": [
      1,
      0,
      0
    ],
    "fluorescence_bucket": "none",
    "absorption_bucket": "light"
  },
  "generation": {
    "theta_min": 5.0,
    "theta_max": 90.0,
    "num_points": 8501,
    "template_rwp_percent": 13.402713244316242,
    "template_peak_window_rwp": 13.36610465902315,
    "template_peak_window_pearson": 0.9814392226643239,
    "synth_params": {
      "ka1": 1.5405929,
      "ka2": 1.5444274,
      "use_tch_profile": true,
      "sigma_scale": 0.915935817612402,
      "kb_ratio": 0.01500880233919089,
      "use_fcj_asymmetry": true,
      "detector_nonlinearity": 0.0,
      "use_ka2": true,
      "caglioti_u": 0.031390575609021656,
      "kb": 1.39225,
      "caglioti_w": 0.0018448797995058975,
      "detector_deadtime_coeff": 0.0,
      "axial_s_over_l": 0.0012,
      "sigma_min_deg": 0.008,
      "ka2_ratio": 0.48492173130236843,
      "caglioti_v": 0.007351125729718566,
      "sigma_deg": 0.019353384537189586,
      "use_kbeta": true,
      "beam_sample_ratio": 0.05,
      "fluorescence_level": 0.0,
      "muR": 0.010640742702009907,
      "trns": 0.14426019243604096,
      "fluorescence_decay": 3.0,
      "lorentz_z": 7.230796447870407e-06,
      "strain": 0.0012157181896032692,
      "pseudo_voigt_eta": -0.0037918367029877885,
      "lorentz_size": 0.013869214189383335,
      "macro_strain": -3.679558978164797e-05,
      "sample_displacement_sr": -0.0006838778175590422,
      "size_nm": 180.0,
      "delta_deg": -0.00998934280358981,
      "lorentz_strain": 0.009,
      "po_r": 1.0,
      "air_scatter_level": 1e-08,
      "b3": -0.1848624278005454,
      "scatter_sigma_deg": 6.0,
      "b4": 0.20595308036552476,
      "scatter_level": 1e-08,
      "compton_level": 1e-08,
      "holder_scatter_center_deg": 15.0,
      "a": 2.456521703905162,
      "holder_scatter_level": 1e-08,
      "scatter_center_deg": 15.0,
      "b5": -1.0196444166448001e-06,
      "poisson_counts_max": 3486.5,
      "air_scatter_floor": 0.05,
      "b1": -4.44554467722384,
      "b0": 21.288767814184258,
      "b2": -1.9952642435986017,
      "holder_scatter_sigma_deg": 4.0,
      "po_hkl_axis": [
        0.0,
        1.0,
        0.0
      ],
      "final_normalize": true
    },
    "synth_sampling_meta": {
      "family_name": "profile",
      "slot": "profile",
      "source_family": "opxrd_like",
      "preferred_source_family": "opxrd_like",
      "descriptor": {
        "phase_id": "mp-27465",
        "formula": "S8O",
        "crystal_system": "orthorhombic",
        "elements": [
          "O",
          "S"
        ],
        "density_g_cm3": 1.9993875497174547,
        "avg_z": 15.11111111111111,
        "max_z": 16.0,
        "heavy_fraction": 0.0,
        "transition_fraction": 0.0,
        "cell_lengths": [
          13.4390604,
          8.24946036,
          8.16610734
        ],
        "cell_angles": [
          90.0,
          90.0,
          90.0
        ],
        "cell_volume": 905.3354579557855,
        "cell_anisotropy": 1.6457119457849303,
        "anisotropy_index": 0.6457119457849303,
        "theoretical_peak_count": 404,
        "peak_density": 4.752941176470588,
        "median_gap_deg": 0.10091400146484375,
        "crowded_fraction": 0.858560794044665,
        "isolated_fraction": 0.01488833746898263,
        "simple_topology": false,
        "preferred_po_axis": [
          1,
          0,
          0
        ],
        "fluorescence_bucket": "none",
        "absorption_bucket": "light"
      },
      "attempt": 1,
      "donor_rows": {
        "instrument": "1191__opxrd_000584__H1_Mg1_O1",
        "chemistry": "0091__rruff_R040183-1__Na2_O4_S1",
        "microstructure": "0091__rruff_R040183-1__Na2_O4_S1",
        "orientation": "0065__rruff_R040121-1__Al2_F2_O4_Si1",
        "background": "1191__opxrd_000584__H1_Mg1_O1"
      },
      "donor_rwp_percent": {
        "instrument": 5.159210709102735,
        "chemistry": 26.07834482842284,
        "microstructure": 26.07834482842284,
        "orientation": 28.09848121236161,
        "background": 5.159210709102735
      },
      "donor_peak_window_rwp": {
        "instrument": 5.48784949745101,
        "chemistry": 23.02991917058872,
        "microstructure": 23.02991917058872,
        "orientation": 27.618743974959255,
        "background": 5.48784949745101
      },
      "selected_sample_code": "1191__opxrd_000584__H1_Mg1_O1",
      "selected_peak_window_rwp": 5.48784949745101,
      "selected_peak_window_pearson": 0.9997162154875435,
      "selected_background_fraction": 0.5127638626915709
    },
    "original_sample_dir": "S8O_SG29",
    "original_cif_path": "phase.cif",
    "original_generated_xy_path": "generated.xy",
    "original_generation_params_json": "generation_params.json",
    "original_generation_quality_json": "generation_quality.json"
  },
  "quality": {
    "note": "These are theory-vs-generated synthetic quality indicators plus donor-template quality provenance. They are not Rietveld fit-to-experiment outputs.",
    "theory_vs_generated": {
      "profile_pearson": 0.7722007396877107,
      "profile_cosine": 0.7851275088319658,
      "rmse": 5.06436411427358,
      "mae": 2.7595112570931395,
      "background_fraction_generated": 5.157789691110161,
      "top_peak_count_used": 20,
      "top_peak_height_log_mae": 5.146151738633466,
      "top_peak_shift_abs_mean_deg": 0.16588807296752925,
      "peak_window_pearson": 0.7080174609632808,
      "peak_window_cosine": 0.7875580183574302
    },
    "donor_template_quality": {
      "selected_sample_code": "1191__opxrd_000584__H1_Mg1_O1",
      "selected_peak_window_rwp": 5.48784949745101,
      "selected_peak_window_pearson": 0.9997162154875435,
      "selected_background_fraction": 0.5127638626915709,
      "donor_rows": {
        "instrument": "1191__opxrd_000584__H1_Mg1_O1",
        "chemistry": "0091__rruff_R040183-1__Na2_O4_S1",
        "microstructure": "0091__rruff_R040183-1__Na2_O4_S1",
        "orientation": "0065__rruff_R040121-1__Al2_F2_O4_Si1",
        "background": "1191__opxrd_000584__H1_Mg1_O1"
      },
      "donor_rwp_percent": {
        "instrument": 5.159210709102735,
        "chemistry": 26.07834482842284,
        "microstructure": 26.07834482842284,
        "orientation": 28.09848121236161,
        "background": 5.159210709102735
      },
      "donor_peak_window_rwp": {
        "instrument": 5.48784949745101,
        "chemistry": 23.02991917058872,
        "microstructure": 23.02991917058872,
        "orientation": 27.618743974959255,
        "background": 5.48784949745101
      }
    }
  },
  "generation_tier": "strict_core"
}
