{
  "sample_name": "Al2O3_164",
  "phase_id": "mp-1228448",
  "formula": "Al2O3",
  "space_group": 164,
  "space_group_symbol": "P-3m1",
  "crystal_system": "trigonal",
  "source_origin": "materials_project",
  "slot": "anchor",
  "formula_group_id": "Al2|O3::sg::164",
  "descriptor": {
    "phase_id": "mp-1228448",
    "formula": "Al2O3",
    "crystal_system": "trigonal",
    "elements": [
      "Al",
      "O"
    ],
    "density_g_cm3": 2.834669520730567,
    "avg_z": 10.0,
    "max_z": 13.0,
    "heavy_fraction": 0.0,
    "transition_fraction": 0.0,
    "cell_lengths": [
      3.01748254,
      3.01748254,
      7.574636
    ],
    "cell_angles": [
      90.0,
      90.0,
      119.99999999999999
    ],
    "cell_volume": 59.72854439269741,
    "cell_anisotropy": 2.510250150444947,
    "anisotropy_index": 1.5102501504449468,
    "theoretical_peak_count": 22,
    "peak_density": 0.25882352941176473,
    "median_gap_deg": 1.9640960693359375,
    "crowded_fraction": 0.09523809523809523,
    "isolated_fraction": 0.7142857142857143,
    "simple_topology": true,
    "preferred_po_axis": [
      0,
      0,
      1
    ],
    "fluorescence_bucket": "none",
    "absorption_bucket": "light"
  },
  "generation": {
    "theta_min": 5.0,
    "theta_max": 90.0,
    "num_points": 8501,
    "template_rwp_percent": 10.499124209338653,
    "template_peak_window_rwp": 14.501948057757202,
    "template_peak_window_pearson": 0.9910612006867483,
    "synth_params": {
      "ka1": 1.5405929,
      "ka2": 1.5444274,
      "use_tch_profile": true,
      "sigma_scale": 0.6,
      "kb_ratio": 0.0,
      "use_fcj_asymmetry": true,
      "detector_nonlinearity": 0.0,
      "use_ka2": true,
      "caglioti_u": 0.015993668366388946,
      "kb": 1.39225,
      "caglioti_w": 0.0012299207136324394,
      "detector_deadtime_coeff": 0.0,
      "axial_s_over_l": 0.0011999999996109912,
      "sigma_min_deg": 0.008,
      "ka2_ratio": 0.5014994769818425,
      "caglioti_v": -0.01611273624252125,
      "sigma_deg": 0.011182542556369897,
      "use_kbeta": false,
      "beam_sample_ratio": 0.04999999999979615,
      "fluorescence_level": 0.0,
      "muR": 0.035,
      "trns": 0.08980818745026542,
      "fluorescence_decay": 3.0,
      "lorentz_z": 0.0007626903334521539,
      "strain": 8.248832869150249e-06,
      "pseudo_voigt_eta": -0.026137299557931398,
      "lorentz_size": 0.02632542586736965,
      "macro_strain": 0.0,
      "sample_displacement_sr": -0.0002,
      "size_nm": 221.26334001712553,
      "delta_deg": -0.01,
      "lorentz_strain": 0.008,
      "po_r": 1.0,
      "air_scatter_level": 5.5000000000000004e-09,
      "b3": -3.255246552673633e-09,
      "scatter_sigma_deg": 6.0,
      "b4": 1.506681026195854e-09,
      "scatter_level": 5.5000000000000004e-09,
      "compton_level": 5.5000000000000004e-09,
      "holder_scatter_center_deg": 15.0,
      "a": 0.7714456649539052,
      "holder_scatter_level": 5.5000000000000004e-09,
      "scatter_center_deg": 15.0,
      "b5": 3.0872986350067193e-09,
      "poisson_counts_max": 1800.0,
      "air_scatter_floor": 0.05,
      "b1": -1.2769594765821228,
      "b0": 2.7224794695082695,
      "b2": 0.7542535174053153,
      "holder_scatter_sigma_deg": 4.0,
      "po_hkl_axis": [
        0.0,
        1.0,
        0.0
      ],
      "final_normalize": true
    },
    "synth_sampling_meta": {
      "family_name": "anchor",
      "slot": "anchor",
      "source_family": "rruff_like",
      "preferred_source_family": "rruff_like",
      "descriptor": {
        "phase_id": "mp-1228448",
        "formula": "Al2O3",
        "crystal_system": "trigonal",
        "elements": [
          "Al",
          "O"
        ],
        "density_g_cm3": 2.834669520730567,
        "avg_z": 10.0,
        "max_z": 13.0,
        "heavy_fraction": 0.0,
        "transition_fraction": 0.0,
        "cell_lengths": [
          3.01748254,
          3.01748254,
          7.574636
        ],
        "cell_angles": [
          90.0,
          90.0,
          119.99999999999999
        ],
        "cell_volume": 59.72854439269741,
        "cell_anisotropy": 2.510250150444947,
        "anisotropy_index": 1.5102501504449468,
        "theoretical_peak_count": 22,
        "peak_density": 0.25882352941176473,
        "median_gap_deg": 1.9640960693359375,
        "crowded_fraction": 0.09523809523809523,
        "isolated_fraction": 0.7142857142857143,
        "simple_topology": true,
        "preferred_po_axis": [
          0,
          0,
          1
        ],
        "fluorescence_bucket": "none",
        "absorption_bucket": "light"
      },
      "attempt": 1,
      "donor_rows": {
        "instrument": "0113__rruff_R050045-1__Ca1_F2",
        "chemistry": "0415__rruff_R060150-1__Ca13_F10_H12_O34_Si10",
        "microstructure": "0152__rruff_R050128-1__C1_Ca1_O3",
        "orientation": "0415__rruff_R060150-1__Ca13_F10_H12_O34_Si10",
        "background": "0490__rruff_R060548-1__Ca1_F2"
      },
      "donor_rwp_percent": {
        "instrument": 10.345769455766266,
        "chemistry": 8.00315190123515,
        "microstructure": 10.060210456264361,
        "orientation": 8.00315190123515,
        "background": 11.309661106744679
      },
      "donor_peak_window_rwp": {
        "instrument": 11.85177861797737,
        "chemistry": 11.357098944708872,
        "microstructure": 12.829743047113176,
        "orientation": 11.357098944708872,
        "background": 13.746162540852461
      },
      "selected_sample_code": "0113__rruff_R050045-1__Ca1_F2",
      "selected_peak_window_rwp": 11.85177861797737,
      "selected_peak_window_pearson": 0.9964628749980051,
      "selected_background_fraction": 0.3059909209931564
    },
    "original_sample_dir": "Al2O3_SG164",
    "original_cif_path": "phase.cif",
    "original_generated_xy_path": "generated.xy",
    "original_generation_params_json": "generation_params.json",
    "original_generation_quality_json": "generation_quality.json"
  },
  "quality": {
    "note": "These are theory-vs-generated synthetic quality indicators plus donor-template quality provenance. They are not Rietveld fit-to-experiment outputs.",
    "theory_vs_generated": {
      "profile_pearson": 0.9793395198299302,
      "profile_cosine": 0.9753364259520584,
      "rmse": 1.1912366475265594,
      "mae": 0.5975535527483261,
      "background_fraction_generated": 1.9891873119974164,
      "top_peak_count_used": 20,
      "top_peak_height_log_mae": 0.4895992809755493,
      "top_peak_shift_abs_mean_deg": 0.03527697181701672,
      "peak_window_pearson": 0.9786363655927691,
      "peak_window_cosine": 0.9787573704050385
    },
    "donor_template_quality": {
      "selected_sample_code": "0113__rruff_R050045-1__Ca1_F2",
      "selected_peak_window_rwp": 11.85177861797737,
      "selected_peak_window_pearson": 0.9964628749980051,
      "selected_background_fraction": 0.3059909209931564,
      "donor_rows": {
        "instrument": "0113__rruff_R050045-1__Ca1_F2",
        "chemistry": "0415__rruff_R060150-1__Ca13_F10_H12_O34_Si10",
        "microstructure": "0152__rruff_R050128-1__C1_Ca1_O3",
        "orientation": "0415__rruff_R060150-1__Ca13_F10_H12_O34_Si10",
        "background": "0490__rruff_R060548-1__Ca1_F2"
      },
      "donor_rwp_percent": {
        "instrument": 10.345769455766266,
        "chemistry": 8.00315190123515,
        "microstructure": 10.060210456264361,
        "orientation": 8.00315190123515,
        "background": 11.309661106744679
      },
      "donor_peak_window_rwp": {
        "instrument": 11.85177861797737,
        "chemistry": 11.357098944708872,
        "microstructure": 12.829743047113176,
        "orientation": 11.357098944708872,
        "background": 13.746162540852461
      }
    }
  },
  "generation_tier": "strict_core"
}
